Iteration,Method,Prune_Ratio,Baseline_Candidate_Acc,Accuracy_After_Finetuning,Training_Time_sec,Compression_Rate,Params,Baseline_Accuracy,Baseline_FLOPs,Pruned_FLOPs
147,Random,0.2,87.2,89.01,40.236265420913696,1.2548862445280227,162190.0,89.18,203264.0,
334,Random,0.2,87.35,89.36,40.36941742897034,1.2548862445280227,162190.0,89.18,203264.0,
857,Random,0.2,87.8,89.43,40.81084227561951,1.2548862445280227,162190.0,89.18,203264.0,
405,Random,0.2,87.2,89.08,40.38745093345642,1.2548862445280227,162190.0,89.18,203264.0,
476,Random,0.2,87.15,89.71,40.464755058288574,1.2548862445280227,162190.0,89.18,203264.0,
182,Random,0.2,86.85,89.43,39.999913692474365,1.2548862445280227,162190.0,89.18,203264.0,
396,Random,0.2,86.8,89.87,40.07537388801575,1.2548862445280227,162190.0,89.18,203264.0,
311,Random,0.2,86.8,89.37,40.1015739440918,1.2548862445280227,162190.0,89.18,203264.0,
25,Random,0.2,86.85,89.23,40.006545305252075,1.2548862445280227,162190.0,89.18,203264.0,
472,Random,0.2,86.85,89.27,40.047118186950684,1.2548862445280227,162190.0,89.18,203264.0,
659,Random,0.2,86.75,89.51,39.9050669670105,1.2548862445280227,162190.0,89.18,203264.0,
66,Random,0.2,86.65,89.58,39.95285201072693,1.2548862445280227,162190.0,89.18,203264.0,
660,Random,0.2,86.75,89.62,40.04648399353027,1.2548862445280227,162190.0,89.18,203264.0,
198,Random,0.2,86.6,88.37,39.90904903411865,1.2548862445280227,162190.0,89.18,203264.0,
691,Random,0.2,86.6,89.15,39.94977569580078,1.2548862445280227,162190.0,89.18,203264.0,
180,Random,0.2,86.5,89.55,39.79999303817749,1.2548862445280227,162190.0,89.18,203264.0,
19,Random,0.2,86.35,89.86,39.80809473991394,1.2548862445280227,162190.0,89.18,203264.0,
517,Random,0.2,86.35,89.58,39.853394985198975,1.2548862445280227,162190.0,89.18,203264.0,
739,Random,0.2,86.45,88.22,39.99392533302307,1.2548862445280227,162190.0,89.18,203264.0,
115,Random,0.2,86.4,88.8,39.99846053123474,1.2548862445280227,162190.0,89.18,203264.0,
234,Random,0.2,86.35,89.89,39.838634729385376,1.2548862445280227,162190.0,89.18,203264.0,
508,Random,0.2,86.3,89.07,39.908968448638916,1.2548862445280227,162190.0,89.18,203264.0,
164,Random,0.2,86.3,88.84,39.882490396499634,1.2548862445280227,162190.0,89.18,203264.0,
281,Random,0.2,86.3,89.65,39.81438064575195,1.2548862445280227,162190.0,89.18,203264.0,
842,Random,0.2,86.3,89.47,39.96431088447571,1.2548862445280227,162190.0,89.18,203264.0,
176,Random,0.2,86.25,89.61,40.00421452522278,1.2548862445280227,162190.0,89.18,203264.0,
895,Random,0.2,86.25,89.72,39.72608017921448,1.2548862445280227,162190.0,89.18,203264.0,
481,Random,0.2,86.2,89.58,39.80906820297241,1.2548862445280227,162190.0,89.18,203264.0,
308,Random,0.2,86.25,89.15,40.06700396537781,1.2548862445280227,162190.0,89.18,203264.0,
316,Random,0.2,86.2,89.35,39.88230276107788,1.2548862445280227,162190.0,89.18,203264.0,
670,Random,0.2,86.2,89.2,39.88693284988403,1.2548862445280227,162190.0,89.18,203264.0,
94,Random,0.2,86.15,88.91,39.894328117370605,1.2548862445280227,162190.0,89.18,203264.0,
225,Random,0.2,86.15,89.82,39.82103443145752,1.2548862445280227,162190.0,89.18,203264.0,
521,Random,0.2,86.1,89.69,39.987664222717285,1.2548862445280227,162190.0,89.18,203264.0,
235,Random,0.2,86.15,89.18,39.76196336746216,1.2548862445280227,162190.0,89.18,203264.0,
558,Random,0.2,86.1,89.04,40.041980504989624,1.2548862445280227,162190.0,89.18,203264.0,
283,Random,0.2,86.1,89.35,39.99644899368286,1.2548862445280227,162190.0,89.18,203264.0,
300,Random,0.2,86.1,88.94,39.96784210205078,1.2548862445280227,162190.0,89.18,203264.0,
803,Random,0.2,86.05,89.21,39.756078481674194,1.2548862445280227,162190.0,89.18,203264.0,
871,Random,0.2,86.1,89.89,40.0214946269989,1.2548862445280227,162190.0,89.18,203264.0,
820,Random,0.2,86.05,89.46,39.9886474609375,1.2548862445280227,162190.0,89.18,203264.0,
872,Random,0.2,86.05,89.62,39.99290180206299,1.2548862445280227,162190.0,89.18,203264.0,
883,Random,0.2,86.05,89.93,39.97212791442871,1.2548862445280227,162190.0,89.18,203264.0,
693,Random,0.2,86.05,89.38,39.86548709869385,1.2548862445280227,162190.0,89.18,203264.0,
134,Random,0.2,86.0,89.37,40.218990087509155,1.2548862445280227,162190.0,89.18,203264.0,
426,Random,0.2,86.0,89.03,39.90407061576843,1.2548862445280227,162190.0,89.18,203264.0,
654,Random,0.2,86.0,88.63,39.92836022377014,1.2548862445280227,162190.0,89.18,203264.0,
666,Random,0.2,86.0,89.14,39.86504912376404,1.2548862445280227,162190.0,89.18,203264.0,
719,Random,0.2,86.0,89.67,39.838836669921875,1.2548862445280227,162190.0,89.18,203264.0,
841,Random,0.2,85.95,89.73,39.966779470443726,1.2548862445280227,162190.0,89.18,203264.0,
880,Random,0.2,85.95,89.7,40.001633405685425,1.2548862445280227,162190.0,89.18,203264.0,
886,Random,0.2,85.95,89.18,39.90754699707031,1.2548862445280227,162190.0,89.18,203264.0,
636,Random,0.2,85.95,89.42,39.942089796066284,1.2548862445280227,162190.0,89.18,203264.0,
737,Random,0.2,85.95,88.83,40.07540154457092,1.2548862445280227,162190.0,89.18,203264.0,
929,Random,0.2,85.9,88.09,39.924519300460815,1.2548862445280227,162190.0,89.18,203264.0,
782,Random,0.2,85.9,89.36,39.94216322898865,1.2548862445280227,162190.0,89.18,203264.0,
458,Random,0.2,85.85,89.86,39.852771520614624,1.2548862445280227,162190.0,89.18,203264.0,
3,Random,0.2,85.85,88.79,39.95024871826172,1.2548862445280227,162190.0,89.18,203264.0,
573,Random,0.2,85.85,89.61,39.96451926231384,1.2548862445280227,162190.0,89.18,203264.0,
835,Random,0.2,85.85,89.38,40.03388166427612,1.2548862445280227,162190.0,89.18,203264.0,
608,Random,0.2,85.85,89.45,39.474313735961914,1.2548862445280227,162190.0,89.18,203264.0,
266,Random,0.2,85.8,88.59,39.90618681907654,1.2548862445280227,162190.0,89.18,203264.0,
634,Random,0.2,85.8,89.13,40.059799909591675,1.2548862445280227,162190.0,89.18,203264.0,
732,Random,0.2,85.8,88.82,39.999942779541016,1.2548862445280227,162190.0,89.18,203264.0,
144,Random,0.2,85.75,89.85,39.79302453994751,1.2548862445280227,162190.0,89.18,203264.0,
355,Random,0.2,85.75,89.73,39.44285607337952,1.2548862445280227,162190.0,89.18,203264.0,
380,Random,0.2,85.75,89.33,39.51697373390198,1.2548862445280227,162190.0,89.18,203264.0,
824,Random,0.2,85.75,88.66,39.53405213356018,1.2548862445280227,162190.0,89.18,203264.0,
967,Random,0.2,85.75,89.82,39.59046483039856,1.2548862445280227,162190.0,89.18,203264.0,
602,Random,0.2,85.75,89.59,39.84575915336609,1.2548862445280227,162190.0,89.18,203264.0,
724,Random,0.2,85.75,89.19,40.13909840583801,1.2548862445280227,162190.0,89.18,203264.0,
139,Random,0.2,85.7,88.87,39.898070335388184,1.2548862445280227,162190.0,89.18,203264.0,
514,Random,0.2,85.7,88.66,39.73995757102966,1.2548862445280227,162190.0,89.18,203264.0,
599,Random,0.2,85.7,89.43,39.85911512374878,1.2548862445280227,162190.0,89.18,203264.0,
228,Random,0.2,85.7,89.99,39.73523235321045,1.2548862445280227,162190.0,89.18,203264.0,
295,Random,0.2,85.7,89.53,39.82272481918335,1.2548862445280227,162190.0,89.18,203264.0,
369,Random,0.2,85.7,89.35,39.971290588378906,1.2548862445280227,162190.0,89.18,203264.0,
807,Random,0.2,85.7,89.87,39.99053740501404,1.2548862445280227,162190.0,89.18,203264.0,
834,Random,0.2,85.7,89.54,39.976991415023804,1.2548862445280227,162190.0,89.18,203264.0,
743,Random,0.2,85.7,89.27,39.929662466049194,1.2548862445280227,162190.0,89.18,203264.0,
487,Random,0.2,85.65,89.39,39.82553577423096,1.2548862445280227,162190.0,89.18,203264.0,
327,Random,0.2,85.65,89.05,39.94487524032593,1.2548862445280227,162190.0,89.18,203264.0,
377,Random,0.2,85.65,89.79,39.91665244102478,1.2548862445280227,162190.0,89.18,203264.0,
703,Random,0.2,85.65,89.53,40.12354636192322,1.2548862445280227,162190.0,89.18,203264.0,
777,Random,0.2,85.65,89.33,39.97074556350708,1.2548862445280227,162190.0,89.18,203264.0,
29,Random,0.2,85.6,89.18,39.84982132911682,1.2548862445280227,162190.0,89.18,203264.0,
401,Random,0.2,85.6,89.26,39.94171118736267,1.2548862445280227,162190.0,89.18,203264.0,
168,Random,0.2,85.6,89.2,40.01577854156494,1.2548862445280227,162190.0,89.18,203264.0,
580,Random,0.2,85.6,89.65,40.17249321937561,1.2548862445280227,162190.0,89.18,203264.0,
582,Random,0.2,85.6,89.15,40.0303373336792,1.2548862445280227,162190.0,89.18,203264.0,
847,Random,0.2,85.6,88.87,39.462722063064575,1.2548862445280227,162190.0,89.18,203264.0,
986,Random,0.2,85.6,88.74,39.56856036186218,1.2548862445280227,162190.0,89.18,203264.0,
656,Random,0.2,85.6,89.2,39.711769819259644,1.2548862445280227,162190.0,89.18,203264.0,
745,Random,0.2,85.6,89.73,39.61979007720947,1.2548862445280227,162190.0,89.18,203264.0,
118,Random,0.2,85.55,88.66,40.007208824157715,1.2548862445280227,162190.0,89.18,203264.0,
130,Random,0.2,85.55,89.48,39.84220218658447,1.2548862445280227,162190.0,89.18,203264.0,
538,Random,0.2,85.55,89.68,39.711790800094604,1.2548862445280227,162190.0,89.18,203264.0,
610,Random,0.2,85.55,89.39,39.843297243118286,1.2548862445280227,162190.0,89.18,203264.0,
13,Random,0.2,85.5,89.31,39.941081047058105,1.2548862445280227,162190.0,89.18,203264.0,
60,Random,0.2,85.5,88.97,40.13758301734924,1.2548862445280227,162190.0,89.18,203264.0,
178,Random,0.2,85.5,88.96,39.8321418762207,1.2548862445280227,162190.0,89.18,203264.0,
320,Random,0.2,85.5,88.6,39.719176292419434,1.2548862445280227,162190.0,89.18,203264.0,
400,Random,0.2,85.5,89.52,39.95646047592163,1.2548862445280227,162190.0,89.18,203264.0,
992,Random,0.2,85.5,89.09,40.297420263290405,1.2548862445280227,162190.0,89.18,203264.0,
615,Random,0.2,85.5,89.08,40.3949408531189,1.2548862445280227,162190.0,89.18,203264.0,
621,Random,0.2,85.5,89.56,39.79777240753174,1.2548862445280227,162190.0,89.18,203264.0,
475,Random,0.2,85.45,88.78,39.44208288192749,1.2548862445280227,162190.0,89.18,203264.0,
262,Random,0.2,85.45,89.25,39.485854387283325,1.2548862445280227,162190.0,89.18,203264.0,
399,Random,0.2,85.45,89.54,39.583176374435425,1.2548862445280227,162190.0,89.18,203264.0,
848,Random,0.2,85.45,89.33,39.90938448905945,1.2548862445280227,162190.0,89.18,203264.0,
884,Random,0.2,85.45,89.49,39.83971405029297,1.2548862445280227,162190.0,89.18,203264.0,
938,Random,0.2,85.45,89.32,39.91911602020264,1.2548862445280227,162190.0,89.18,203264.0,
605,Random,0.2,85.45,89.72,40.143399238586426,1.2548862445280227,162190.0,89.18,203264.0,
798,Random,0.2,85.45,89.79,39.92140793800354,1.2548862445280227,162190.0,89.18,203264.0,
21,Random,0.2,85.4,89.58,40.200785875320435,1.2548862445280227,162190.0,89.18,203264.0,
112,Random,0.2,85.4,89.24,39.8287239074707,1.2548862445280227,162190.0,89.18,203264.0,
533,Random,0.2,85.4,89.12,39.33174014091492,1.2548862445280227,162190.0,89.18,203264.0,
299,Random,0.2,85.4,90.04,39.49382472038269,1.2548862445280227,162190.0,89.18,203264.0,
170,Random,0.2,85.35,89.01,39.789592027664185,1.2548862445280227,162190.0,89.18,203264.0,
410,Random,0.2,85.35,89.5,40.146896839141846,1.2548862445280227,162190.0,89.18,203264.0,
461,Random,0.2,85.35,89.78,39.76532769203186,1.2548862445280227,162190.0,89.18,203264.0,
469,Random,0.2,85.35,89.42,39.6679470539093,1.2548862445280227,162190.0,89.18,203264.0,
597,Random,0.2,85.35,89.26,39.478511333465576,1.2548862445280227,162190.0,89.18,203264.0,
216,Random,0.2,85.35,89.87,39.565540075302124,1.2548862445280227,162190.0,89.18,203264.0,
840,Random,0.2,85.35,89.29,40.19771456718445,1.2548862445280227,162190.0,89.18,203264.0,
974,Random,0.2,85.35,89.17,39.8350043296814,1.2548862445280227,162190.0,89.18,203264.0,
997,Random,0.2,85.35,89.14,39.8865327835083,1.2548862445280227,162190.0,89.18,203264.0,
641,Random,0.2,85.35,89.11,39.93153500556946,1.2548862445280227,162190.0,89.18,203264.0,
671,Random,0.2,85.35,89.02,39.70620775222778,1.2548862445280227,162190.0,89.18,203264.0,
681,Random,0.2,85.35,88.97,40.08258843421936,1.2548862445280227,162190.0,89.18,203264.0,
49,Random,0.2,85.3,89.49,39.88683485984802,1.2548862445280227,162190.0,89.18,203264.0,
97,Random,0.2,85.3,89.27,39.79252767562866,1.2548862445280227,162190.0,89.18,203264.0,
196,Random,0.2,85.3,89.04,39.787495136260986,1.2548862445280227,162190.0,89.18,203264.0,
307,Random,0.2,85.3,89.2,39.890427350997925,1.2548862445280227,162190.0,89.18,203264.0,
398,Random,0.2,85.3,88.95,40.125221729278564,1.2548862445280227,162190.0,89.18,203264.0,
982,Random,0.2,85.3,89.81,39.77932405471802,1.2548862445280227,162190.0,89.18,203264.0,
778,Random,0.2,85.3,89.01,39.76552176475525,1.2548862445280227,162190.0,89.18,203264.0,
793,Random,0.2,85.3,89.39,39.84100317955017,1.2548862445280227,162190.0,89.18,203264.0,
553,Random,0.2,85.25,89.87,40.012378454208374,1.2548862445280227,162190.0,89.18,203264.0,
312,Random,0.2,85.25,89.0,40.29226803779602,1.2548862445280227,162190.0,89.18,203264.0,
360,Random,0.2,85.25,88.8,39.8531756401062,1.2548862445280227,162190.0,89.18,203264.0,
805,Random,0.2,85.25,89.09,39.88139748573303,1.2548862445280227,162190.0,89.18,203264.0,
913,Random,0.2,85.25,89.28,39.88442802429199,1.2548862445280227,162190.0,89.18,203264.0,
996,Random,0.2,85.25,89.34,40.000738859176636,1.2548862445280227,162190.0,89.18,203264.0,
27,Random,0.2,85.2,89.42,40.05752396583557,1.2548862445280227,162190.0,89.18,203264.0,
43,Random,0.2,85.2,89.77,39.78144550323486,1.2548862445280227,162190.0,89.18,203264.0,
549,Random,0.2,85.2,89.41,39.83286643028259,1.2548862445280227,162190.0,89.18,203264.0,
560,Random,0.2,85.2,88.93,39.903329372406006,1.2548862445280227,162190.0,89.18,203264.0,
246,Random,0.2,85.2,90.44,39.95360064506531,1.2548862445280227,162190.0,89.18,203264.0,
384,Random,0.2,85.2,89.35,40.04367399215698,1.2548862445280227,162190.0,89.18,203264.0,
874,Random,0.2,85.2,89.66,39.908098220825195,1.2548862445280227,162190.0,89.18,203264.0,
914,Random,0.2,85.2,88.8,39.96628713607788,1.2548862445280227,162190.0,89.18,203264.0,
999,Random,0.2,85.2,89.32,40.10987377166748,1.2548862445280227,162190.0,89.18,203264.0,
800,Random,0.2,85.2,89.51,40.01568055152893,1.2548862445280227,162190.0,89.18,203264.0,
193,Random,0.2,85.15,89.19,39.95349431037903,1.2548862445280227,162190.0,89.18,203264.0,
431,Random,0.2,85.15,89.48,39.86743140220642,1.2548862445280227,162190.0,89.18,203264.0,
488,Random,0.2,85.15,89.63,39.84363889694214,1.2548862445280227,162190.0,89.18,203264.0,
518,Random,0.2,85.15,89.31,39.97710704803467,1.2548862445280227,162190.0,89.18,203264.0,
230,Random,0.2,85.15,89.76,39.972708225250244,1.2548862445280227,162190.0,89.18,203264.0,
662,Random,0.2,85.15,89.59,39.9890296459198,1.2548862445280227,162190.0,89.18,203264.0,
731,Random,0.2,85.15,88.61,39.83064794540405,1.2548862445280227,162190.0,89.18,203264.0,
750,Random,0.2,85.15,89.85,39.829336404800415,1.2548862445280227,162190.0,89.18,203264.0,
83,Random,0.2,85.1,89.08,39.978331327438354,1.2548862445280227,162190.0,89.18,203264.0,
404,Random,0.2,85.1,88.74,39.9806227684021,1.2548862445280227,162190.0,89.18,203264.0,
468,Random,0.2,85.1,89.35,39.91398477554321,1.2548862445280227,162190.0,89.18,203264.0,
478,Random,0.2,85.1,89.92,39.82800364494324,1.2548862445280227,162190.0,89.18,203264.0,
507,Random,0.2,85.1,89.48,39.876365184783936,1.2548862445280227,162190.0,89.18,203264.0,
343,Random,0.2,85.1,89.34,39.9491708278656,1.2548862445280227,162190.0,89.18,203264.0,
363,Random,0.2,85.1,89.79,39.9865620136261,1.2548862445280227,162190.0,89.18,203264.0,
828,Random,0.2,85.1,88.79,39.954081296920776,1.2548862445280227,162190.0,89.18,203264.0,
856,Random,0.2,85.1,89.88,39.81133723258972,1.2548862445280227,162190.0,89.18,203264.0,
780,Random,0.2,85.1,90.16,39.894469261169434,1.2548862445280227,162190.0,89.18,203264.0,
5,Random,0.2,85.05,90.32,39.94977831840515,1.2548862445280227,162190.0,89.18,203264.0,
105,Random,0.2,85.05,89.39,39.93279314041138,1.2548862445280227,162190.0,89.18,203264.0,
167,Random,0.2,85.05,90.01,39.94498252868652,1.2548862445280227,162190.0,89.18,203264.0,
464,Random,0.2,85.05,90.0,39.822710037231445,1.2548862445280227,162190.0,89.18,203264.0,
285,Random,0.2,85.05,89.37,39.88425850868225,1.2548862445280227,162190.0,89.18,203264.0,
328,Random,0.2,85.05,89.16,39.901557207107544,1.2548862445280227,162190.0,89.18,203264.0,
332,Random,0.2,85.05,89.5,39.893656492233276,1.2548862445280227,162190.0,89.18,203264.0,
846,Random,0.2,85.05,90.11,39.95979332923889,1.2548862445280227,162190.0,89.18,203264.0,
889,Random,0.2,85.05,89.13,39.78728151321411,1.2548862445280227,162190.0,89.18,203264.0,
961,Random,0.2,85.05,88.97,39.97825026512146,1.2548862445280227,162190.0,89.18,203264.0,
109,Random,0.2,85.0,89.13,39.89175629615784,1.2548862445280227,162190.0,89.18,203264.0,
136,Random,0.2,85.0,89.63,39.93837857246399,1.2548862445280227,162190.0,89.18,203264.0,
585,Random,0.2,85.0,89.02,39.9980354309082,1.2548862445280227,162190.0,89.18,203264.0,
596,Random,0.2,85.0,89.4,39.822797775268555,1.2548862445280227,162190.0,89.18,203264.0,
221,Random,0.2,85.0,89.6,39.82774901390076,1.2548862445280227,162190.0,89.18,203264.0,
223,Random,0.2,85.0,88.93,39.92639088630676,1.2548862445280227,162190.0,89.18,203264.0,
270,Random,0.2,85.0,88.64,39.91551685333252,1.2548862445280227,162190.0,89.18,203264.0,
301,Random,0.2,85.0,88.61,39.85629916191101,1.2548862445280227,162190.0,89.18,203264.0,
381,Random,0.2,85.0,89.55,39.796414375305176,1.2548862445280227,162190.0,89.18,203264.0,
867,Random,0.2,85.0,89.57,39.87603139877319,1.2548862445280227,162190.0,89.18,203264.0,
885,Random,0.2,85.0,89.91,39.95081043243408,1.2548862445280227,162190.0,89.18,203264.0,
898,Random,0.2,85.0,88.99,39.91084051132202,1.2548862445280227,162190.0,89.18,203264.0,
918,Random,0.2,85.0,90.07,40.00466275215149,1.2548862445280227,162190.0,89.18,203264.0,
990,Random,0.2,85.0,89.81,39.92359161376953,1.2548862445280227,162190.0,89.18,203264.0,
764,Random,0.2,85.0,90.03,39.89433431625366,1.2548862445280227,162190.0,89.18,203264.0,
32,Random,0.2,84.95,89.28,39.99948811531067,1.2548862445280227,162190.0,89.18,203264.0,
64,Random,0.2,84.95,89.51,39.92544412612915,1.2548862445280227,162190.0,89.18,203264.0,
65,Random,0.2,84.95,89.6,39.91823863983154,1.2548862445280227,162190.0,89.18,203264.0,
143,Random,0.2,84.95,89.33,39.85899257659912,1.2548862445280227,162190.0,89.18,203264.0,
179,Random,0.2,84.95,88.81,39.91734194755554,1.2548862445280227,162190.0,89.18,203264.0,
181,Random,0.2,84.95,89.32,39.9355993270874,1.2548862445280227,162190.0,89.18,203264.0,
453,Random,0.2,84.95,89.67,39.88177299499512,1.2548862445280227,162190.0,89.18,203264.0,
529,Random,0.2,84.95,89.22,40.05435037612915,1.2548862445280227,162190.0,89.18,203264.0,
598,Random,0.2,84.95,88.94,39.81249451637268,1.2548862445280227,162190.0,89.18,203264.0,
220,Random,0.2,84.95,89.15,39.93837833404541,1.2548862445280227,162190.0,89.18,203264.0,
276,Random,0.2,84.95,89.21,40.01491618156433,1.2548862445280227,162190.0,89.18,203264.0,
337,Random,0.2,84.95,89.54,40.097858905792236,1.2548862445280227,162190.0,89.18,203264.0,
637,Random,0.2,84.95,89.08,39.915109634399414,1.2548862445280227,162190.0,89.18,203264.0,
723,Random,0.2,84.95,88.35,39.92097783088684,1.2548862445280227,162190.0,89.18,203264.0,
40,Random,0.2,84.9,89.75,39.99490666389465,1.2548862445280227,162190.0,89.18,203264.0,
69,Random,0.2,84.9,89.61,40.068028926849365,1.2548862445280227,162190.0,89.18,203264.0,
141,Random,0.2,84.9,88.82,40.2139778137207,1.2548862445280227,162190.0,89.18,203264.0,
432,Random,0.2,84.9,89.05,40.10579204559326,1.2548862445280227,162190.0,89.18,203264.0,
438,Random,0.2,84.9,89.06,39.96461200714111,1.2548862445280227,162190.0,89.18,203264.0,
441,Random,0.2,84.9,88.54,39.98982095718384,1.2548862445280227,162190.0,89.18,203264.0,
447,Random,0.2,84.9,89.57,39.97299408912659,1.2548862445280227,162190.0,89.18,203264.0,
505,Random,0.2,84.9,89.51,40.04934644699097,1.2548862445280227,162190.0,89.18,203264.0,
511,Random,0.2,84.9,89.07,40.025683879852295,1.2548862445280227,162190.0,89.18,203264.0,
206,Random,0.2,84.9,89.76,39.89685249328613,1.2548862445280227,162190.0,89.18,203264.0,
224,Random,0.2,84.9,89.95,40.04725241661072,1.2548862445280227,162190.0,89.18,203264.0,
844,Random,0.2,84.9,89.49,40.143757343292236,1.2548862445280227,162190.0,89.18,203264.0,
910,Random,0.2,84.9,88.79,40.10908031463623,1.2548862445280227,162190.0,89.18,203264.0,
915,Random,0.2,84.9,89.99,40.1972713470459,1.2548862445280227,162190.0,89.18,203264.0,
932,Random,0.2,84.9,89.24,39.93031048774719,1.2548862445280227,162190.0,89.18,203264.0,
450,Random,0.2,84.85,89.45,40.08074450492859,1.2548862445280227,162190.0,89.18,203264.0,
484,Random,0.2,84.85,89.03,40.19777011871338,1.2548862445280227,162190.0,89.18,203264.0,
214,Random,0.2,84.85,89.21,39.98444151878357,1.2548862445280227,162190.0,89.18,203264.0,
237,Random,0.2,84.85,89.68,39.99035453796387,1.2548862445280227,162190.0,89.18,203264.0,
272,Random,0.2,84.85,88.6,39.85762023925781,1.2548862445280227,162190.0,89.18,203264.0,
323,Random,0.2,84.85,89.18,40.08081340789795,1.2548862445280227,162190.0,89.18,203264.0,
341,Random,0.2,84.85,88.63,40.21411395072937,1.2548862445280227,162190.0,89.18,203264.0,
346,Random,0.2,84.85,89.26,39.98254704475403,1.2548862445280227,162190.0,89.18,203264.0,
827,Random,0.2,84.85,89.41,40.03071570396423,1.2548862445280227,162190.0,89.18,203264.0,
882,Random,0.2,84.85,89.84,39.894344329833984,1.2548862445280227,162190.0,89.18,203264.0,
960,Random,0.2,84.85,89.1,40.11124515533447,1.2548862445280227,162190.0,89.18,203264.0,
672,Random,0.2,84.85,89.17,40.294365882873535,1.2548862445280227,162190.0,89.18,203264.0,
678,Random,0.2,84.85,89.28,40.00715756416321,1.2548862445280227,162190.0,89.18,203264.0,
742,Random,0.2,84.85,89.39,40.06833624839783,1.2548862445280227,162190.0,89.18,203264.0,
444,Random,0.2,84.8,88.61,39.56365346908569,1.2548862445280227,162190.0,89.18,203264.0,
519,Random,0.2,84.8,87.92,40.105156898498535,1.2548862445280227,162190.0,89.18,203264.0,
217,Random,0.2,84.8,89.58,40.170029401779175,1.2548862445280227,162190.0,89.18,203264.0,
905,Random,0.2,84.8,89.81,39.98612642288208,1.2548862445280227,162190.0,89.18,203264.0,
733,Random,0.2,84.8,89.32,40.167609214782715,1.2548862445280227,162190.0,89.18,203264.0,
791,Random,0.2,84.8,89.21,39.870816707611084,1.2548862445280227,162190.0,89.18,203264.0,
22,Random,0.2,84.75,89.56,39.97608923912048,1.2548862445280227,162190.0,89.18,203264.0,
80,Random,0.2,84.75,89.46,40.00839018821716,1.2548862445280227,162190.0,89.18,203264.0,
191,Random,0.2,84.75,88.88,39.97569298744202,1.2548862445280227,162190.0,89.18,203264.0,
420,Random,0.2,84.75,89.54,40.12340235710144,1.2548862445280227,162190.0,89.18,203264.0,
423,Random,0.2,84.75,89.39,39.532243728637695,1.2548862445280227,162190.0,89.18,203264.0,
572,Random,0.2,84.75,89.16,40.00995373725891,1.2548862445280227,162190.0,89.18,203264.0,
203,Random,0.2,84.75,89.31,40.17577052116394,1.2548862445280227,162190.0,89.18,203264.0,
279,Random,0.2,84.75,89.1,40.06737756729126,1.2548862445280227,162190.0,89.18,203264.0,
349,Random,0.2,84.75,90.07,40.569371938705444,1.2548862445280227,162190.0,89.18,203264.0,
862,Random,0.2,84.75,89.17,39.50999116897583,1.2548862445280227,162190.0,89.18,203264.0,
888,Random,0.2,84.75,89.22,39.919455766677856,1.2548862445280227,162190.0,89.18,203264.0,
890,Random,0.2,84.75,89.76,39.970858097076416,1.2548862445280227,162190.0,89.18,203264.0,
923,Random,0.2,84.75,89.22,40.03460717201233,1.2548862445280227,162190.0,89.18,203264.0,
611,Random,0.2,84.75,89.11,40.013875007629395,1.2548862445280227,162190.0,89.18,203264.0,
679,Random,0.2,84.75,89.15,39.84533143043518,1.2548862445280227,162190.0,89.18,203264.0,
707,Random,0.2,84.75,88.76,39.91447567939758,1.2548862445280227,162190.0,89.18,203264.0,
714,Random,0.2,84.75,88.44,40.026116609573364,1.2548862445280227,162190.0,89.18,203264.0,
766,Random,0.2,84.75,89.96,40.01947546005249,1.2548862445280227,162190.0,89.18,203264.0,
771,Random,0.2,84.75,89.29,40.03726077079773,1.2548862445280227,162190.0,89.18,203264.0,
70,Random,0.2,84.7,89.51,39.64884114265442,1.2548862445280227,162190.0,89.18,203264.0,
102,Random,0.2,84.7,89.32,39.89541745185852,1.2548862445280227,162190.0,89.18,203264.0,
418,Random,0.2,84.7,89.06,39.94616937637329,1.2548862445280227,162190.0,89.18,203264.0,
429,Random,0.2,84.7,89.12,39.9870662689209,1.2548862445280227,162190.0,89.18,203264.0,
491,Random,0.2,84.7,89.58,40.01011514663696,1.2548862445280227,162190.0,89.18,203264.0,
504,Random,0.2,84.7,88.94,39.55700492858887,1.2548862445280227,162190.0,89.18,203264.0,
251,Random,0.2,84.7,89.61,39.492058992385864,1.2548862445280227,162190.0,89.18,203264.0,
314,Random,0.2,84.7,89.63,39.98434400558472,1.2548862445280227,162190.0,89.18,203264.0,
333,Random,0.2,84.7,89.07,39.99524140357971,1.2548862445280227,162190.0,89.18,203264.0,
837,Random,0.2,84.7,89.7,40.206801414489746,1.2548862445280227,162190.0,89.18,203264.0,
658,Random,0.2,84.7,88.4,39.936585426330566,1.2548862445280227,162190.0,89.18,203264.0,
689,Random,0.2,84.7,89.52,39.91460919380188,1.2548862445280227,162190.0,89.18,203264.0,
758,Random,0.2,84.7,89.71,39.662503242492676,1.2548862445280227,162190.0,89.18,203264.0,
107,Random,0.2,84.65,89.84,40.0685977935791,1.2548862445280227,162190.0,89.18,203264.0,
108,Random,0.2,84.65,89.6,40.193467140197754,1.2548862445280227,162190.0,89.18,203264.0,
190,Random,0.2,84.65,89.78,39.91182494163513,1.2548862445280227,162190.0,89.18,203264.0,
428,Random,0.2,84.65,89.2,39.873347759246826,1.2548862445280227,162190.0,89.18,203264.0,
592,Random,0.2,84.65,89.53,39.62502598762512,1.2548862445280227,162190.0,89.18,203264.0,
239,Random,0.2,84.65,89.23,39.691750049591064,1.2548862445280227,162190.0,89.18,203264.0,
245,Random,0.2,84.65,89.42,39.82590913772583,1.2548862445280227,162190.0,89.18,203264.0,
254,Random,0.2,84.65,89.41,39.80905723571777,1.2548862445280227,162190.0,89.18,203264.0,
313,Random,0.2,84.65,89.36,39.83945417404175,1.2548862445280227,162190.0,89.18,203264.0,
317,Random,0.2,84.65,89.58,39.85670781135559,1.2548862445280227,162190.0,89.18,203264.0,
819,Random,0.2,84.65,89.12,40.00620412826538,1.2548862445280227,162190.0,89.18,203264.0,
850,Random,0.2,84.65,89.88,40.37729859352112,1.2548862445280227,162190.0,89.18,203264.0,
975,Random,0.2,84.65,89.19,39.85333776473999,1.2548862445280227,162190.0,89.18,203264.0,
646,Random,0.2,84.65,89.24,39.90074872970581,1.2548862445280227,162190.0,89.18,203264.0,
2,Random,0.2,84.6,90.0,39.89365315437317,1.2548862445280227,162190.0,89.18,203264.0,
17,Random,0.2,84.6,89.94,39.98987650871277,1.2548862445280227,162190.0,89.18,203264.0,
119,Random,0.2,84.6,89.18,39.96409559249878,1.2548862445280227,162190.0,89.18,203264.0,
129,Random,0.2,84.6,90.02,39.89877390861511,1.2548862445280227,162190.0,89.18,203264.0,
528,Random,0.2,84.6,89.64,39.95244336128235,1.2548862445280227,162190.0,89.18,203264.0,
248,Random,0.2,84.6,89.21,39.912625789642334,1.2548862445280227,162190.0,89.18,203264.0,
261,Random,0.2,84.6,89.58,39.94002938270569,1.2548862445280227,162190.0,89.18,203264.0,
304,Random,0.2,84.6,89.82,40.05237865447998,1.2548862445280227,162190.0,89.18,203264.0,
322,Random,0.2,84.6,89.43,39.91411805152893,1.2548862445280227,162190.0,89.18,203264.0,
609,Random,0.2,84.6,89.52,39.94746375083923,1.2548862445280227,162190.0,89.18,203264.0,
655,Random,0.2,84.6,89.12,39.9703004360199,1.2548862445280227,162190.0,89.18,203264.0,
673,Random,0.2,84.6,88.84,40.01460814476013,1.2548862445280227,162190.0,89.18,203264.0,
702,Random,0.2,84.6,89.42,40.018033266067505,1.2548862445280227,162190.0,89.18,203264.0,
709,Random,0.2,84.6,89.0,39.900418519973755,1.2548862445280227,162190.0,89.18,203264.0,
710,Random,0.2,84.6,89.5,39.962796211242676,1.2548862445280227,162190.0,89.18,203264.0,
712,Random,0.2,84.6,89.13,39.91244864463806,1.2548862445280227,162190.0,89.18,203264.0,
747,Random,0.2,84.6,89.87,39.88748741149902,1.2548862445280227,162190.0,89.18,203264.0,
789,Random,0.2,84.6,89.91,40.11406993865967,1.2548862445280227,162190.0,89.18,203264.0,
4,Random,0.2,84.55,89.55,39.81069588661194,1.2548862445280227,162190.0,89.18,203264.0,
8,Random,0.2,84.55,89.34,39.92301964759827,1.2548862445280227,162190.0,89.18,203264.0,
12,Random,0.2,84.55,89.24,39.83379650115967,1.2548862445280227,162190.0,89.18,203264.0,
16,Random,0.2,84.55,89.75,39.850594997406006,1.2548862445280227,162190.0,89.18,203264.0,
54,Random,0.2,84.55,89.17,39.85777997970581,1.2548862445280227,162190.0,89.18,203264.0,
463,Random,0.2,84.55,88.87,39.83773112297058,1.2548862445280227,162190.0,89.18,203264.0,
485,Random,0.2,84.55,89.42,39.996516942977905,1.2548862445280227,162190.0,89.18,203264.0,
534,Random,0.2,84.55,89.31,39.933655977249146,1.2548862445280227,162190.0,89.18,203264.0,
584,Random,0.2,84.55,89.62,39.96293902397156,1.2548862445280227,162190.0,89.18,203264.0,
215,Random,0.2,84.55,89.02,39.934321641922,1.2548862445280227,162190.0,89.18,203264.0,
250,Random,0.2,84.55,89.75,40.00808095932007,1.2548862445280227,162190.0,89.18,203264.0,
255,Random,0.2,84.55,89.18,39.93554353713989,1.2548862445280227,162190.0,89.18,203264.0,
271,Random,0.2,84.55,89.18,39.83164024353027,1.2548862445280227,162190.0,89.18,203264.0,
849,Random,0.2,84.55,88.95,39.90491032600403,1.2548862445280227,162190.0,89.18,203264.0,
919,Random,0.2,84.55,89.17,39.913238286972046,1.2548862445280227,162190.0,89.18,203264.0,
945,Random,0.2,84.55,88.98,39.84109663963318,1.2548862445280227,162190.0,89.18,203264.0,
618,Random,0.2,84.55,88.87,39.87983179092407,1.2548862445280227,162190.0,89.18,203264.0,
652,Random,0.2,84.55,90.06,39.79578232765198,1.2548862445280227,162190.0,89.18,203264.0,
84,Random,0.2,84.5,89.8,39.87597894668579,1.2548862445280227,162190.0,89.18,203264.0,
89,Random,0.2,84.5,88.8,39.98853826522827,1.2548862445280227,162190.0,89.18,203264.0,
120,Random,0.2,84.5,88.84,39.831406354904175,1.2548862445280227,162190.0,89.18,203264.0,
172,Random,0.2,84.5,89.38,39.97449040412903,1.2548862445280227,162190.0,89.18,203264.0,
403,Random,0.2,84.5,89.2,39.902100801467896,1.2548862445280227,162190.0,89.18,203264.0,
424,Random,0.2,84.5,89.97,39.891992807388306,1.2548862445280227,162190.0,89.18,203264.0,
512,Random,0.2,84.5,89.48,39.91985464096069,1.2548862445280227,162190.0,89.18,203264.0,
576,Random,0.2,84.5,89.49,39.875916481018066,1.2548862445280227,162190.0,89.18,203264.0,
587,Random,0.2,84.5,89.77,39.842578172683716,1.2548862445280227,162190.0,89.18,203264.0,
353,Random,0.2,84.5,89.27,39.82761526107788,1.2548862445280227,162190.0,89.18,203264.0,
814,Random,0.2,84.5,89.17,40.08172941207886,1.2548862445280227,162190.0,89.18,203264.0,
864,Random,0.2,84.5,89.32,39.89377450942993,1.2548862445280227,162190.0,89.18,203264.0,
979,Random,0.2,84.5,89.24,39.841357469558716,1.2548862445280227,162190.0,89.18,203264.0,
34,Random,0.2,84.45,89.07,39.84669542312622,1.2548862445280227,162190.0,89.18,203264.0,
101,Random,0.2,84.45,90.07,39.85620403289795,1.2548862445280227,162190.0,89.18,203264.0,
142,Random,0.2,84.45,89.49,40.05052161216736,1.2548862445280227,162190.0,89.18,203264.0,
489,Random,0.2,84.45,89.74,40.026005029678345,1.2548862445280227,162190.0,89.18,203264.0,
583,Random,0.2,84.45,89.54,39.872284173965454,1.2548862445280227,162190.0,89.18,203264.0,
371,Random,0.2,84.45,89.63,39.844231843948364,1.2548862445280227,162190.0,89.18,203264.0,
378,Random,0.2,84.45,89.25,39.909273624420166,1.2548862445280227,162190.0,89.18,203264.0,
822,Random,0.2,84.45,87.57,39.994147539138794,1.2548862445280227,162190.0,89.18,203264.0,
900,Random,0.2,84.45,89.45,40.09851622581482,1.2548862445280227,162190.0,89.18,203264.0,
965,Random,0.2,84.45,89.45,39.58543395996094,1.2548862445280227,162190.0,89.18,203264.0,
976,Random,0.2,84.45,89.11,39.84541988372803,1.2548862445280227,162190.0,89.18,203264.0,
639,Random,0.2,84.45,89.27,39.87232708930969,1.2548862445280227,162190.0,89.18,203264.0,
647,Random,0.2,84.45,89.23,39.806060552597046,1.2548862445280227,162190.0,89.18,203264.0,
653,Random,0.2,84.45,89.53,40.01466989517212,1.2548862445280227,162190.0,89.18,203264.0,
688,Random,0.2,84.45,89.14,39.92196846008301,1.2548862445280227,162190.0,89.18,203264.0,
746,Random,0.2,84.45,89.55,39.84034061431885,1.2548862445280227,162190.0,89.18,203264.0,
767,Random,0.2,84.45,89.45,40.08990740776062,1.2548862445280227,162190.0,89.18,203264.0,
784,Random,0.2,84.45,89.57,40.05712866783142,1.2548862445280227,162190.0,89.18,203264.0,
799,Random,0.2,84.45,89.29,40.172353982925415,1.2548862445280227,162190.0,89.18,203264.0,
11,Random,0.2,84.4,89.54,39.93172097206116,1.2548862445280227,162190.0,89.18,203264.0,
51,Random,0.2,84.4,88.57,39.92424774169922,1.2548862445280227,162190.0,89.18,203264.0,
155,Random,0.2,84.4,88.52,40.150107622146606,1.2548862445280227,162190.0,89.18,203264.0,
161,Random,0.2,84.4,88.19,39.89252305030823,1.2548862445280227,162190.0,89.18,203264.0,
496,Random,0.2,84.4,88.29,39.94279646873474,1.2548862445280227,162190.0,89.18,203264.0,
358,Random,0.2,84.4,89.58,39.506468534469604,1.2548862445280227,162190.0,89.18,203264.0,
361,Random,0.2,84.4,89.08,39.52660536766052,1.2548862445280227,162190.0,89.18,203264.0,
984,Random,0.2,84.4,88.89,40.07097578048706,1.2548862445280227,162190.0,89.18,203264.0,
35,Random,0.2,84.35,89.85,39.980966567993164,1.2548862445280227,162190.0,89.18,203264.0,
63,Random,0.2,84.35,89.66,40.070581912994385,1.2548862445280227,162190.0,89.18,203264.0,
502,Random,0.2,84.35,89.08,39.89125990867615,1.2548862445280227,162190.0,89.18,203264.0,
530,Random,0.2,84.35,89.5,39.90483856201172,1.2548862445280227,162190.0,89.18,203264.0,
211,Random,0.2,84.35,89.39,39.93611693382263,1.2548862445280227,162190.0,89.18,203264.0,
348,Random,0.2,84.35,89.89,39.9012405872345,1.2548862445280227,162190.0,89.18,203264.0,
863,Random,0.2,84.35,89.33,40.005008697509766,1.2548862445280227,162190.0,89.18,203264.0,
928,Random,0.2,84.35,88.79,39.88922071456909,1.2548862445280227,162190.0,89.18,203264.0,
620,Random,0.2,84.35,89.44,39.49187922477722,1.2548862445280227,162190.0,89.18,203264.0,
706,Random,0.2,84.35,89.2,39.49121809005737,1.2548862445280227,162190.0,89.18,203264.0,
762,Random,0.2,84.35,89.16,39.756587982177734,1.2548862445280227,162190.0,89.18,203264.0,
116,Random,0.2,84.3,89.34,40.079070806503296,1.2548862445280227,162190.0,89.18,203264.0,
436,Random,0.2,84.3,89.28,39.88223171234131,1.2548862445280227,162190.0,89.18,203264.0,
513,Random,0.2,84.3,89.19,39.90889835357666,1.2548862445280227,162190.0,89.18,203264.0,
561,Random,0.2,84.3,89.37,39.99695706367493,1.2548862445280227,162190.0,89.18,203264.0,
212,Random,0.2,84.3,89.7,39.483798027038574,1.2548862445280227,162190.0,89.18,203264.0,
244,Random,0.2,84.3,89.54,39.939467906951904,1.2548862445280227,162190.0,89.18,203264.0,
347,Random,0.2,84.3,89.39,39.88593554496765,1.2548862445280227,162190.0,89.18,203264.0,
389,Random,0.2,84.3,89.79,39.83435893058777,1.2548862445280227,162190.0,89.18,203264.0,
808,Random,0.2,84.3,89.04,40.102943420410156,1.2548862445280227,162190.0,89.18,203264.0,
933,Random,0.2,84.3,88.44,39.50994396209717,1.2548862445280227,162190.0,89.18,203264.0,
735,Random,0.2,84.3,89.1,39.92232275009155,1.2548862445280227,162190.0,89.18,203264.0,
26,Random,0.2,84.25,89.01,39.7859833240509,1.2548862445280227,162190.0,89.18,203264.0,
498,Random,0.2,84.25,89.34,39.832669258117676,1.2548862445280227,162190.0,89.18,203264.0,
499,Random,0.2,84.25,89.8,39.78010129928589,1.2548862445280227,162190.0,89.18,203264.0,
567,Random,0.2,84.25,89.2,39.83017134666443,1.2548862445280227,162190.0,89.18,203264.0,
287,Random,0.2,84.25,89.21,39.91885948181152,1.2548862445280227,162190.0,89.18,203264.0,
325,Random,0.2,84.25,89.49,39.84072232246399,1.2548862445280227,162190.0,89.18,203264.0,
330,Random,0.2,84.25,89.63,39.81996130943298,1.2548862445280227,162190.0,89.18,203264.0,
812,Random,0.2,84.25,89.75,40.31476449966431,1.2548862445280227,162190.0,89.18,203264.0,
815,Random,0.2,84.25,90.1,39.91853427886963,1.2548862445280227,162190.0,89.18,203264.0,
860,Random,0.2,84.25,89.1,40.01401424407959,1.2548862445280227,162190.0,89.18,203264.0,
875,Random,0.2,84.25,89.3,39.88627815246582,1.2548862445280227,162190.0,89.18,203264.0,
876,Random,0.2,84.25,89.14,39.89189147949219,1.2548862445280227,162190.0,89.18,203264.0,
911,Random,0.2,84.25,89.72,39.72124171257019,1.2548862445280227,162190.0,89.18,203264.0,
946,Random,0.2,84.25,89.21,39.55287480354309,1.2548862445280227,162190.0,89.18,203264.0,
947,Random,0.2,84.25,88.62,39.943973779678345,1.2548862445280227,162190.0,89.18,203264.0,
754,Random,0.2,84.25,88.94,39.93925213813782,1.2548862445280227,162190.0,89.18,203264.0,
53,Random,0.2,84.2,89.27,39.91054034233093,1.2548862445280227,162190.0,89.18,203264.0,
407,Random,0.2,84.2,89.49,39.983476638793945,1.2548862445280227,162190.0,89.18,203264.0,
531,Random,0.2,84.2,89.97,39.90925121307373,1.2548862445280227,162190.0,89.18,203264.0,
243,Random,0.2,84.2,89.71,39.92877674102783,1.2548862445280227,162190.0,89.18,203264.0,
315,Random,0.2,84.2,88.95,39.853708267211914,1.2548862445280227,162190.0,89.18,203264.0,
357,Random,0.2,84.2,89.15,39.93477988243103,1.2548862445280227,162190.0,89.18,203264.0,
386,Random,0.2,84.2,89.7,39.98445725440979,1.2548862445280227,162190.0,89.18,203264.0,
802,Random,0.2,84.2,89.16,39.95710039138794,1.2548862445280227,162190.0,89.18,203264.0,
619,Random,0.2,84.2,89.41,39.937488079071045,1.2548862445280227,162190.0,89.18,203264.0,
683,Random,0.2,84.2,89.56,39.92314600944519,1.2548862445280227,162190.0,89.18,203264.0,
685,Random,0.2,84.2,89.41,39.87119722366333,1.2548862445280227,162190.0,89.18,203264.0,
721,Random,0.2,84.2,88.72,39.92437243461609,1.2548862445280227,162190.0,89.18,203264.0,
781,Random,0.2,84.2,89.45,39.97105550765991,1.2548862445280227,162190.0,89.18,203264.0,
1,Random,0.2,84.15,89.72,39.868687868118286,1.2548862445280227,162190.0,89.18,203264.0,
14,Random,0.2,84.15,89.34,39.87979984283447,1.2548862445280227,162190.0,89.18,203264.0,
47,Random,0.2,84.15,88.42,39.87881302833557,1.2548862445280227,162190.0,89.18,203264.0,
92,Random,0.2,84.15,89.79,39.86010026931763,1.2548862445280227,162190.0,89.18,203264.0,
153,Random,0.2,84.15,88.44,39.87184929847717,1.2548862445280227,162190.0,89.18,203264.0,
460,Random,0.2,84.15,89.28,39.52924418449402,1.2548862445280227,162190.0,89.18,203264.0,
565,Random,0.2,84.15,89.7,39.87178063392639,1.2548862445280227,162190.0,89.18,203264.0,
569,Random,0.2,84.15,89.53,39.870792388916016,1.2548862445280227,162190.0,89.18,203264.0,
588,Random,0.2,84.15,89.64,39.96463990211487,1.2548862445280227,162190.0,89.18,203264.0,
241,Random,0.2,84.15,89.09,39.93119692802429,1.2548862445280227,162190.0,89.18,203264.0,
257,Random,0.2,84.15,89.24,39.89030838012695,1.2548862445280227,162190.0,89.18,203264.0,
326,Random,0.2,84.15,89.52,39.89503216743469,1.2548862445280227,162190.0,89.18,203264.0,
364,Random,0.2,84.15,89.62,39.823113679885864,1.2548862445280227,162190.0,89.18,203264.0,
833,Random,0.2,84.15,89.44,39.92566156387329,1.2548862445280227,162190.0,89.18,203264.0,
845,Random,0.2,84.15,90.27,39.94489002227783,1.2548862445280227,162190.0,89.18,203264.0,
852,Random,0.2,84.15,89.79,39.76802158355713,1.2548862445280227,162190.0,89.18,203264.0,
904,Random,0.2,84.15,89.81,39.94208765029907,1.2548862445280227,162190.0,89.18,203264.0,
917,Random,0.2,84.15,88.79,39.87906193733215,1.2548862445280227,162190.0,89.18,203264.0,
607,Random,0.2,84.15,88.95,39.906667947769165,1.2548862445280227,162190.0,89.18,203264.0,
682,Random,0.2,84.15,89.35,39.92641997337341,1.2548862445280227,162190.0,89.18,203264.0,
704,Random,0.2,84.15,88.95,39.68906569480896,1.2548862445280227,162190.0,89.18,203264.0,
131,Random,0.2,84.1,89.63,39.964720010757446,1.2548862445280227,162190.0,89.18,203264.0,
133,Random,0.2,84.1,88.78,40.088377714157104,1.2548862445280227,162190.0,89.18,203264.0,
150,Random,0.2,84.1,88.6,40.00763297080994,1.2548862445280227,162190.0,89.18,203264.0,
419,Random,0.2,84.1,89.39,40.06411838531494,1.2548862445280227,162190.0,89.18,203264.0,
526,Random,0.2,84.1,89.66,39.95857048034668,1.2548862445280227,162190.0,89.18,203264.0,
546,Random,0.2,84.1,88.61,39.79670691490173,1.2548862445280227,162190.0,89.18,203264.0,
577,Random,0.2,84.1,89.07,39.94462609291077,1.2548862445280227,162190.0,89.18,203264.0,
581,Random,0.2,84.1,89.23,39.86941194534302,1.2548862445280227,162190.0,89.18,203264.0,
594,Random,0.2,84.1,89.7,39.964747190475464,1.2548862445280227,162190.0,89.18,203264.0,
277,Random,0.2,84.1,89.41,39.8925039768219,1.2548862445280227,162190.0,89.18,203264.0,
293,Random,0.2,84.1,89.9,39.83303213119507,1.2548862445280227,162190.0,89.18,203264.0,
373,Random,0.2,84.1,89.64,39.872352838516235,1.2548862445280227,162190.0,89.18,203264.0,
376,Random,0.2,84.1,89.79,39.88434314727783,1.2548862445280227,162190.0,89.18,203264.0,
899,Random,0.2,84.1,89.59,39.994149684906006,1.2548862445280227,162190.0,89.18,203264.0,
906,Random,0.2,84.1,88.87,39.93953204154968,1.2548862445280227,162190.0,89.18,203264.0,
924,Random,0.2,84.1,89.49,39.94258189201355,1.2548862445280227,162190.0,89.18,203264.0,
940,Random,0.2,84.1,89.31,39.914281368255615,1.2548862445280227,162190.0,89.18,203264.0,
28,Random,0.2,84.05,89.48,39.8903386592865,1.2548862445280227,162190.0,89.18,203264.0,
50,Random,0.2,84.05,89.23,39.91062569618225,1.2548862445280227,162190.0,89.18,203264.0,
73,Random,0.2,84.05,88.51,39.99659729003906,1.2548862445280227,162190.0,89.18,203264.0,
126,Random,0.2,84.05,89.09,39.833226680755615,1.2548862445280227,162190.0,89.18,203264.0,
166,Random,0.2,84.05,89.55,39.91497564315796,1.2548862445280227,162190.0,89.18,203264.0,
171,Random,0.2,84.05,89.66,39.92521905899048,1.2548862445280227,162190.0,89.18,203264.0,
421,Random,0.2,84.05,89.49,39.94281792640686,1.2548862445280227,162190.0,89.18,203264.0,
446,Random,0.2,84.05,89.54,40.28639507293701,1.2548862445280227,162190.0,89.18,203264.0,
473,Random,0.2,84.05,89.93,39.94921064376831,1.2548862445280227,162190.0,89.18,203264.0,
536,Random,0.2,84.05,89.44,39.9530565738678,1.2548862445280227,162190.0,89.18,203264.0,
542,Random,0.2,84.05,90.14,39.82167291641235,1.2548862445280227,162190.0,89.18,203264.0,
566,Random,0.2,84.05,89.17,40.0833625793457,1.2548862445280227,162190.0,89.18,203264.0,
282,Random,0.2,84.05,89.76,41.00263333320618,1.2548862445280227,162190.0,89.18,203264.0,
297,Random,0.2,84.05,89.87,39.82353591918945,1.2548862445280227,162190.0,89.18,203264.0,
345,Random,0.2,84.05,89.19,39.9408392906189,1.2548862445280227,162190.0,89.18,203264.0,
855,Random,0.2,84.05,88.77,39.91129493713379,1.2548862445280227,162190.0,89.18,203264.0,
869,Random,0.2,84.05,89.7,39.995299100875854,1.2548862445280227,162190.0,89.18,203264.0,
958,Random,0.2,84.05,88.89,40.44737911224365,1.2548862445280227,162190.0,89.18,203264.0,
604,Random,0.2,84.05,88.66,39.815711975097656,1.2548862445280227,162190.0,89.18,203264.0,
624,Random,0.2,84.05,89.26,39.88473725318909,1.2548862445280227,162190.0,89.18,203264.0,
632,Random,0.2,84.05,89.56,39.89304184913635,1.2548862445280227,162190.0,89.18,203264.0,
722,Random,0.2,84.05,89.38,39.920376777648926,1.2548862445280227,162190.0,89.18,203264.0,
44,Random,0.2,84.0,89.4,40.246803283691406,1.2548862445280227,162190.0,89.18,203264.0,
74,Random,0.2,84.0,89.37,39.78176021575928,1.2548862445280227,162190.0,89.18,203264.0,
187,Random,0.2,84.0,88.86,39.86394381523132,1.2548862445280227,162190.0,89.18,203264.0,
462,Random,0.2,84.0,89.48,39.80094623565674,1.2548862445280227,162190.0,89.18,203264.0,
490,Random,0.2,84.0,90.15,39.92628216743469,1.2548862445280227,162190.0,89.18,203264.0,
563,Random,0.2,84.0,88.71,39.99084997177124,1.2548862445280227,162190.0,89.18,203264.0,
233,Random,0.2,84.0,89.97,39.78775191307068,1.2548862445280227,162190.0,89.18,203264.0,
370,Random,0.2,84.0,89.15,39.76459789276123,1.2548862445280227,162190.0,89.18,203264.0,
375,Random,0.2,84.0,89.38,39.93232178688049,1.2548862445280227,162190.0,89.18,203264.0,
859,Random,0.2,84.0,89.33,39.89407205581665,1.2548862445280227,162190.0,89.18,203264.0,
949,Random,0.2,84.0,89.01,39.86598300933838,1.2548862445280227,162190.0,89.18,203264.0,
985,Random,0.2,84.0,89.57,39.78668832778931,1.2548862445280227,162190.0,89.18,203264.0,
987,Random,0.2,84.0,89.76,39.8616898059845,1.2548862445280227,162190.0,89.18,203264.0,
696,Random,0.2,84.0,88.52,40.019028663635254,1.2548862445280227,162190.0,89.18,203264.0,
725,Random,0.2,84.0,89.14,40.01187014579773,1.2548862445280227,162190.0,89.18,203264.0,
127,Random,0.2,83.95,89.3,39.94283485412598,1.2548862445280227,162190.0,89.18,203264.0,
415,Random,0.2,83.95,89.78,39.816548347473145,1.2548862445280227,162190.0,89.18,203264.0,
543,Random,0.2,83.95,89.58,39.905436992645264,1.2548862445280227,162190.0,89.18,203264.0,
555,Random,0.2,83.95,89.47,39.84139585494995,1.2548862445280227,162190.0,89.18,203264.0,
201,Random,0.2,83.95,88.99,39.86280703544617,1.2548862445280227,162190.0,89.18,203264.0,
294,Random,0.2,83.95,88.96,39.95232057571411,1.2548862445280227,162190.0,89.18,203264.0,
309,Random,0.2,83.95,90.09,39.73925828933716,1.2548862445280227,162190.0,89.18,203264.0,
868,Random,0.2,83.95,89.25,39.847012519836426,1.2548862445280227,162190.0,89.18,203264.0,
964,Random,0.2,83.95,89.77,39.89729690551758,1.2548862445280227,162190.0,89.18,203264.0,
973,Random,0.2,83.95,89.41,39.88764977455139,1.2548862445280227,162190.0,89.18,203264.0,
991,Random,0.2,83.95,89.18,39.93156838417053,1.2548862445280227,162190.0,89.18,203264.0,
603,Random,0.2,83.95,89.77,39.472047567367554,1.2548862445280227,162190.0,89.18,203264.0,
692,Random,0.2,83.95,89.63,39.87861251831055,1.2548862445280227,162190.0,89.18,203264.0,
734,Random,0.2,83.95,89.35,40.00229263305664,1.2548862445280227,162190.0,89.18,203264.0,
738,Random,0.2,83.95,89.75,39.94765543937683,1.2548862445280227,162190.0,89.18,203264.0,
759,Random,0.2,83.95,89.22,39.85779643058777,1.2548862445280227,162190.0,89.18,203264.0,
768,Random,0.2,83.95,89.6,40.177515745162964,1.2548862445280227,162190.0,89.18,203264.0,
774,Random,0.2,83.95,89.16,39.880563497543335,1.2548862445280227,162190.0,89.18,203264.0,
20,Random,0.2,83.9,89.55,39.93077611923218,1.2548862445280227,162190.0,89.18,203264.0,
61,Random,0.2,83.9,89.8,39.84299969673157,1.2548862445280227,162190.0,89.18,203264.0,
78,Random,0.2,83.9,88.84,40.06014609336853,1.2548862445280227,162190.0,89.18,203264.0,
88,Random,0.2,83.9,89.79,40.13603472709656,1.2548862445280227,162190.0,89.18,203264.0,
90,Random,0.2,83.9,87.98,39.93169593811035,1.2548862445280227,162190.0,89.18,203264.0,
452,Random,0.2,83.9,89.79,39.96469259262085,1.2548862445280227,162190.0,89.18,203264.0,
878,Random,0.2,83.9,88.7,39.88517761230469,1.2548862445280227,162190.0,89.18,203264.0,
936,Random,0.2,83.9,89.61,40.03521800041199,1.2548862445280227,162190.0,89.18,203264.0,
937,Random,0.2,83.9,88.77,40.031166553497314,1.2548862445280227,162190.0,89.18,203264.0,
983,Random,0.2,83.9,89.53,39.60576057434082,1.2548862445280227,162190.0,89.18,203264.0,
601,Random,0.2,83.9,89.29,39.910258293151855,1.2548862445280227,162190.0,89.18,203264.0,
650,Random,0.2,83.9,89.18,39.87901520729065,1.2548862445280227,162190.0,89.18,203264.0,
177,Random,0.2,83.85,89.55,40.04792356491089,1.2548862445280227,162190.0,89.18,203264.0,
416,Random,0.2,83.85,89.44,39.89954710006714,1.2548862445280227,162190.0,89.18,203264.0,
459,Random,0.2,83.85,89.77,39.828307151794434,1.2548862445280227,162190.0,89.18,203264.0,
470,Random,0.2,83.85,89.9,39.909072160720825,1.2548862445280227,162190.0,89.18,203264.0,
547,Random,0.2,83.85,89.71,39.849164724349976,1.2548862445280227,162190.0,89.18,203264.0,
253,Random,0.2,83.85,89.34,39.98246145248413,1.2548862445280227,162190.0,89.18,203264.0,
286,Random,0.2,83.85,88.95,40.04602789878845,1.2548862445280227,162190.0,89.18,203264.0,
289,Random,0.2,83.85,89.06,40.27599787712097,1.2548862445280227,162190.0,89.18,203264.0,
873,Random,0.2,83.85,89.02,40.05766177177429,1.2548862445280227,162190.0,89.18,203264.0,
954,Random,0.2,83.85,89.42,39.98317766189575,1.2548862445280227,162190.0,89.18,203264.0,
956,Random,0.2,83.85,88.5,40.392213344573975,1.2548862445280227,162190.0,89.18,203264.0,
680,Random,0.2,83.85,89.67,39.83723473548889,1.2548862445280227,162190.0,89.18,203264.0,
779,Random,0.2,83.85,89.21,39.7932653427124,1.2548862445280227,162190.0,89.18,203264.0,
38,Random,0.2,83.8,89.4,39.943487882614136,1.2548862445280227,162190.0,89.18,203264.0,
435,Random,0.2,83.8,89.84,39.80746912956238,1.2548862445280227,162190.0,89.18,203264.0,
524,Random,0.2,83.8,88.82,40.025357246398926,1.2548862445280227,162190.0,89.18,203264.0,
539,Random,0.2,83.8,89.4,39.73267698287964,1.2548862445280227,162190.0,89.18,203264.0,
575,Random,0.2,83.8,89.38,39.9228093624115,1.2548862445280227,162190.0,89.18,203264.0,
218,Random,0.2,83.8,89.51,39.783528089523315,1.2548862445280227,162190.0,89.18,203264.0,
352,Random,0.2,83.8,89.43,39.798794746398926,1.2548862445280227,162190.0,89.18,203264.0,
903,Random,0.2,83.8,88.83,40.137073040008545,1.2548862445280227,162190.0,89.18,203264.0,
942,Random,0.2,83.8,89.17,39.852189779281616,1.2548862445280227,162190.0,89.18,203264.0,
717,Random,0.2,83.8,89.32,39.89566516876221,1.2548862445280227,162190.0,89.18,203264.0,
796,Random,0.2,83.8,89.5,39.89924693107605,1.2548862445280227,162190.0,89.18,203264.0,
9,Random,0.2,83.75,89.56,39.82781386375427,1.2548862445280227,162190.0,89.18,203264.0,
96,Random,0.2,83.75,89.8,40.15003967285156,1.2548862445280227,162190.0,89.18,203264.0,
125,Random,0.2,83.75,89.37,40.14950776100159,1.2548862445280227,162190.0,89.18,203264.0,
159,Random,0.2,83.75,89.58,39.86693811416626,1.2548862445280227,162190.0,89.18,203264.0,
413,Random,0.2,83.75,89.34,39.87219524383545,1.2548862445280227,162190.0,89.18,203264.0,
467,Random,0.2,83.75,88.48,39.832289934158325,1.2548862445280227,162190.0,89.18,203264.0,
477,Random,0.2,83.75,89.44,40.08024215698242,1.2548862445280227,162190.0,89.18,203264.0,
296,Random,0.2,83.75,89.68,40.09165668487549,1.2548862445280227,162190.0,89.18,203264.0,
329,Random,0.2,83.75,88.86,39.44024705886841,1.2548862445280227,162190.0,89.18,203264.0,
866,Random,0.2,83.75,89.99,39.44822549819946,1.2548862445280227,162190.0,89.18,203264.0,
896,Random,0.2,83.75,89.93,39.904393911361694,1.2548862445280227,162190.0,89.18,203264.0,
955,Random,0.2,83.75,89.0,39.994391441345215,1.2548862445280227,162190.0,89.18,203264.0,
957,Random,0.2,83.75,89.03,40.16188025474548,1.2548862445280227,162190.0,89.18,203264.0,
645,Random,0.2,83.75,88.98,39.86298751831055,1.2548862445280227,162190.0,89.18,203264.0,
713,Random,0.2,83.75,89.61,39.54833936691284,1.2548862445280227,162190.0,89.18,203264.0,
10,Random,0.2,83.7,89.47,39.576958894729614,1.2548862445280227,162190.0,89.18,203264.0,
55,Random,0.2,83.7,88.74,40.054508447647095,1.2548862445280227,162190.0,89.18,203264.0,
117,Random,0.2,83.7,89.94,40.03707957267761,1.2548862445280227,162190.0,89.18,203264.0,
184,Random,0.2,83.7,89.56,39.86326551437378,1.2548862445280227,162190.0,89.18,203264.0,
188,Random,0.2,83.7,89.75,39.86833047866821,1.2548862445280227,162190.0,89.18,203264.0,
194,Random,0.2,83.7,88.65,39.8914258480072,1.2548862445280227,162190.0,89.18,203264.0,
199,Random,0.2,83.7,89.41,40.0926148891449,1.2548862445280227,162190.0,89.18,203264.0,
516,Random,0.2,83.7,89.67,39.93969511985779,1.2548862445280227,162190.0,89.18,203264.0,
532,Random,0.2,83.7,89.32,39.82687759399414,1.2548862445280227,162190.0,89.18,203264.0,
595,Random,0.2,83.7,88.85,39.83115887641907,1.2548862445280227,162190.0,89.18,203264.0,
205,Random,0.2,83.7,89.81,39.88483214378357,1.2548862445280227,162190.0,89.18,203264.0,
319,Random,0.2,83.7,89.45,40.07363271713257,1.2548862445280227,162190.0,89.18,203264.0,
823,Random,0.2,83.7,89.27,40.270180225372314,1.2548862445280227,162190.0,89.18,203264.0,
877,Random,0.2,83.7,89.57,39.92223763465881,1.2548862445280227,162190.0,89.18,203264.0,
894,Random,0.2,83.7,89.57,39.87446570396423,1.2548862445280227,162190.0,89.18,203264.0,
902,Random,0.2,83.7,88.59,39.4983127117157,1.2548862445280227,162190.0,89.18,203264.0,
925,Random,0.2,83.7,89.58,40.19834303855896,1.2548862445280227,162190.0,89.18,203264.0,
741,Random,0.2,83.7,89.42,39.934346199035645,1.2548862445280227,162190.0,89.18,203264.0,
787,Random,0.2,83.7,89.4,39.88374447822571,1.2548862445280227,162190.0,89.18,203264.0,
111,Random,0.2,83.65,88.61,39.840961933135986,1.2548862445280227,162190.0,89.18,203264.0,
132,Random,0.2,83.65,88.98,40.00833582878113,1.2548862445280227,162190.0,89.18,203264.0,
571,Random,0.2,83.65,89.75,39.76568388938904,1.2548862445280227,162190.0,89.18,203264.0,
644,Random,0.2,83.65,89.15,43.562562704086304,1.2548862445280227,162190.0,89.18,203264.0,
408,Random,0.2,83.6,89.39,44.35642457008362,1.2548862445280227,162190.0,89.18,203264.0,
445,Random,0.2,83.6,89.11,44.46491003036499,1.2548862445280227,162190.0,89.18,203264.0,
591,Random,0.2,83.6,89.03,45.10070991516113,1.2548862445280227,162190.0,89.18,203264.0,
324,Random,0.2,83.6,88.99,46.716243267059326,1.2548862445280227,162190.0,89.18,203264.0,
335,Random,0.2,83.6,88.75,45.708298206329346,1.2548862445280227,162190.0,89.18,203264.0,
365,Random,0.2,83.6,89.4,44.03694701194763,1.2548862445280227,162190.0,89.18,203264.0,
806,Random,0.2,83.6,89.03,43.014567375183105,1.2548862445280227,162190.0,89.18,203264.0,
817,Random,0.2,83.6,88.79,41.75144124031067,1.2548862445280227,162190.0,89.18,203264.0,
853,Random,0.2,83.6,89.25,45.825326919555664,1.2548862445280227,162190.0,89.18,203264.0,
881,Random,0.2,83.6,89.51,40.328770875930786,1.2548862445280227,162190.0,89.18,203264.0,
948,Random,0.2,83.6,89.48,40.29541850090027,1.2548862445280227,162190.0,89.18,203264.0,
966,Random,0.2,83.6,88.99,40.05209302902222,1.2548862445280227,162190.0,89.18,203264.0,
970,Random,0.2,83.6,89.4,40.07916855812073,1.2548862445280227,162190.0,89.18,203264.0,
648,Random,0.2,83.6,90.06,39.92715835571289,1.2548862445280227,162190.0,89.18,203264.0,
711,Random,0.2,83.6,89.24,40.26166224479675,1.2548862445280227,162190.0,89.18,203264.0,
740,Random,0.2,83.6,88.55,39.86336302757263,1.2548862445280227,162190.0,89.18,203264.0,
128,Random,0.2,83.55,89.17,39.859169721603394,1.2548862445280227,162190.0,89.18,203264.0,
148,Random,0.2,83.55,89.13,39.94038677215576,1.2548862445280227,162190.0,89.18,203264.0,
152,Random,0.2,83.55,89.55,39.98488163948059,1.2548862445280227,162190.0,89.18,203264.0,
195,Random,0.2,83.55,89.94,40.178807497024536,1.2548862445280227,162190.0,89.18,203264.0,
870,Random,0.2,83.55,89.73,39.846840143203735,1.2548862445280227,162190.0,89.18,203264.0,
908,Random,0.2,83.55,89.76,39.918158531188965,1.2548862445280227,162190.0,89.18,203264.0,
616,Random,0.2,83.55,89.85,39.958975315093994,1.2548862445280227,162190.0,89.18,203264.0,
792,Random,0.2,83.55,88.3,39.83070635795593,1.2548862445280227,162190.0,89.18,203264.0,
52,Random,0.2,83.5,89.28,40.11341404914856,1.2548862445280227,162190.0,89.18,203264.0,
157,Random,0.2,83.5,89.31,39.889251708984375,1.2548862445280227,162190.0,89.18,203264.0,
443,Random,0.2,83.5,89.75,39.90031337738037,1.2548862445280227,162190.0,89.18,203264.0,
457,Random,0.2,83.5,89.27,39.86633372306824,1.2548862445280227,162190.0,89.18,203264.0,
550,Random,0.2,83.5,89.73,39.73308229446411,1.2548862445280227,162190.0,89.18,203264.0,
574,Random,0.2,83.5,89.55,40.0444860458374,1.2548862445280227,162190.0,89.18,203264.0,
579,Random,0.2,83.5,89.53,39.852335691452026,1.2548862445280227,162190.0,89.18,203264.0,
290,Random,0.2,83.5,88.84,39.79107856750488,1.2548862445280227,162190.0,89.18,203264.0,
879,Random,0.2,83.5,89.54,39.79198503494263,1.2548862445280227,162190.0,89.18,203264.0,
62,Random,0.2,83.45,89.37,39.952871322631836,1.2548862445280227,162190.0,89.18,203264.0,
87,Random,0.2,83.45,89.63,39.94932246208191,1.2548862445280227,162190.0,89.18,203264.0,
162,Random,0.2,83.45,89.0,39.7726263999939,1.2548862445280227,162190.0,89.18,203264.0,
500,Random,0.2,83.45,89.39,39.86836767196655,1.2548862445280227,162190.0,89.18,203264.0,
291,Random,0.2,83.45,89.41,39.75282835960388,1.2548862445280227,162190.0,89.18,203264.0,
382,Random,0.2,83.45,90.04,39.73289203643799,1.2548862445280227,162190.0,89.18,203264.0,
388,Random,0.2,83.45,89.47,40.027848958969116,1.2548862445280227,162190.0,89.18,203264.0,
969,Random,0.2,83.45,89.57,41.12505221366882,1.2548862445280227,162190.0,89.18,203264.0,
994,Random,0.2,83.45,89.61,39.9103262424469,1.2548862445280227,162190.0,89.18,203264.0,
773,Random,0.2,83.45,88.45,39.85547423362732,1.2548862445280227,162190.0,89.18,203264.0,
783,Random,0.2,83.45,89.19,39.78638243675232,1.2548862445280227,162190.0,89.18,203264.0,
57,Random,0.2,83.4,89.44,39.84403467178345,1.2548862445280227,162190.0,89.18,203264.0,
442,Random,0.2,83.4,89.72,41.28004431724548,1.2548862445280227,162190.0,89.18,203264.0,
586,Random,0.2,83.4,89.11,39.793458700180054,1.2548862445280227,162190.0,89.18,203264.0,
589,Random,0.2,83.4,89.5,39.80164813995361,1.2548862445280227,162190.0,89.18,203264.0,
600,Random,0.2,83.4,89.31,39.81934928894043,1.2548862445280227,162190.0,89.18,203264.0,
231,Random,0.2,83.4,89.3,39.848349809646606,1.2548862445280227,162190.0,89.18,203264.0,
303,Random,0.2,83.4,89.47,39.883633852005005,1.2548862445280227,162190.0,89.18,203264.0,
331,Random,0.2,83.4,89.68,39.824697971343994,1.2548862445280227,162190.0,89.18,203264.0,
247,Random,0.2,83.4,89.59,41.07587814331055,1.2548862445280227,162190.0,89.18,203264.0,
804,Random,0.2,83.4,90.1,40.0426242351532,1.2548862445280227,162190.0,89.18,203264.0,
921,Random,0.2,83.4,89.56,39.8851535320282,1.2548862445280227,162190.0,89.18,203264.0,
690,Random,0.2,83.4,88.92,39.92068910598755,1.2548862445280227,162190.0,89.18,203264.0,
748,Random,0.2,83.4,88.59,39.853944301605225,1.2548862445280227,162190.0,89.18,203264.0,
146,Random,0.2,83.35,89.27,40.21777701377869,1.2548862445280227,162190.0,89.18,203264.0,
175,Random,0.2,83.35,89.26,40.20353031158447,1.2548862445280227,162190.0,89.18,203264.0,
486,Random,0.2,83.35,89.11,39.84356141090393,1.2548862445280227,162190.0,89.18,203264.0,
525,Random,0.2,83.35,88.91,39.93644309043884,1.2548862445280227,162190.0,89.18,203264.0,
264,Random,0.2,83.35,88.18,39.78145956993103,1.2548862445280227,162190.0,89.18,203264.0,
367,Random,0.2,83.35,88.25,40.04551887512207,1.2548862445280227,162190.0,89.18,203264.0,
391,Random,0.2,83.35,89.16,39.95067834854126,1.2548862445280227,162190.0,89.18,203264.0,
972,Random,0.2,83.35,89.56,39.9040949344635,1.2548862445280227,162190.0,89.18,203264.0,
635,Random,0.2,83.35,88.84,39.953864097595215,1.2548862445280227,162190.0,89.18,203264.0,
657,Random,0.2,83.35,89.61,39.873695373535156,1.2548862445280227,162190.0,89.18,203264.0,
122,Random,0.2,83.3,89.5,40.146782875061035,1.2548862445280227,162190.0,89.18,203264.0,
189,Random,0.2,83.3,89.56,39.922415256500244,1.2548862445280227,162190.0,89.18,203264.0,
471,Random,0.2,83.3,89.79,39.80325174331665,1.2548862445280227,162190.0,89.18,203264.0,
480,Random,0.2,83.3,89.02,39.898061752319336,1.2548862445280227,162190.0,89.18,203264.0,
562,Random,0.2,83.3,89.01,39.81686353683472,1.2548862445280227,162190.0,89.18,203264.0,
362,Random,0.2,83.3,89.35,39.89112591743469,1.2548862445280227,162190.0,89.18,203264.0,
854,Random,0.2,83.3,89.27,39.52066087722778,1.2548862445280227,162190.0,89.18,203264.0,
699,Random,0.2,83.3,89.07,39.8494987487793,1.2548862445280227,162190.0,89.18,203264.0,
7,Random,0.2,83.25,89.36,39.82553195953369,1.2548862445280227,162190.0,89.18,203264.0,
718,Random,0.2,83.3,89.83,39.9419903755188,1.2548862445280227,162190.0,89.18,203264.0,
72,Random,0.2,83.25,89.35,39.8137366771698,1.2548862445280227,162190.0,89.18,203264.0,
98,Random,0.2,83.25,89.19,40.2848756313324,1.2548862445280227,162190.0,89.18,203264.0,
186,Random,0.2,83.25,89.18,39.941856145858765,1.2548862445280227,162190.0,89.18,203264.0,
278,Random,0.2,83.25,89.15,39.889668464660645,1.2548862445280227,162190.0,89.18,203264.0,
465,Random,0.2,83.25,88.64,40.00059962272644,1.2548862445280227,162190.0,89.18,203264.0,
387,Random,0.2,83.25,90.02,40.02089285850525,1.2548862445280227,162190.0,89.18,203264.0,
813,Random,0.2,83.25,88.99,39.49215602874756,1.2548862445280227,162190.0,89.18,203264.0,
836,Random,0.2,83.25,88.99,39.92262315750122,1.2548862445280227,162190.0,89.18,203264.0,
934,Random,0.2,83.25,89.12,40.02062368392944,1.2548862445280227,162190.0,89.18,203264.0,
865,Random,0.2,83.25,89.55,40.05835509300232,1.2548862445280227,162190.0,89.18,203264.0,
953,Random,0.2,83.25,89.0,40.09482192993164,1.2548862445280227,162190.0,89.18,203264.0,
627,Random,0.2,83.25,88.87,39.566871643066406,1.2548862445280227,162190.0,89.18,203264.0,
669,Random,0.2,83.25,89.35,39.92248582839966,1.2548862445280227,162190.0,89.18,203264.0,
479,Random,0.2,83.2,89.32,39.8642680644989,1.2548862445280227,162190.0,89.18,203264.0,
77,Random,0.2,83.2,89.34,40.00064277648926,1.2548862445280227,162190.0,89.18,203264.0,
535,Random,0.2,83.2,89.39,40.19858741760254,1.2548862445280227,162190.0,89.18,203264.0,
240,Random,0.2,83.2,89.18,39.93005037307739,1.2548862445280227,162190.0,89.18,203264.0,
366,Random,0.2,83.2,89.13,40.02918243408203,1.2548862445280227,162190.0,89.18,203264.0,
394,Random,0.2,83.2,89.83,39.97061085700989,1.2548862445280227,162190.0,89.18,203264.0,
930,Random,0.2,83.2,88.49,39.93320965766907,1.2548862445280227,162190.0,89.18,203264.0,
135,Random,0.2,83.15,88.89,40.45283126831055,1.2548862445280227,162190.0,89.18,203264.0,
151,Random,0.2,83.15,89.71,39.834187030792236,1.2548862445280227,162190.0,89.18,203264.0,
197,Random,0.2,83.15,89.2,39.89677309989929,1.2548862445280227,162190.0,89.18,203264.0,
427,Random,0.2,83.15,89.18,39.913779973983765,1.2548862445280227,162190.0,89.18,203264.0,
520,Random,0.2,83.15,89.39,39.871604442596436,1.2548862445280227,162190.0,89.18,203264.0,
372,Random,0.2,83.15,89.38,40.05729126930237,1.2548862445280227,162190.0,89.18,203264.0,
926,Random,0.2,83.15,89.33,40.01763319969177,1.2548862445280227,162190.0,89.18,203264.0,
943,Random,0.2,83.15,88.95,39.94253706932068,1.2548862445280227,162190.0,89.18,203264.0,
944,Random,0.2,83.15,89.43,39.92397451400757,1.2548862445280227,162190.0,89.18,203264.0,
708,Random,0.2,83.15,89.39,39.99963402748108,1.2548862445280227,162190.0,89.18,203264.0,
776,Random,0.2,83.15,89.09,40.04734420776367,1.2548862445280227,162190.0,89.18,203264.0,
42,Random,0.2,83.1,87.78,39.94676494598389,1.2548862445280227,162190.0,89.18,203264.0,
58,Random,0.2,83.1,89.85,39.96449303627014,1.2548862445280227,162190.0,89.18,203264.0,
76,Random,0.2,83.1,89.6,39.9041690826416,1.2548862445280227,162190.0,89.18,203264.0,
91,Random,0.2,83.1,89.67,39.968066930770874,1.2548862445280227,162190.0,89.18,203264.0,
510,Random,0.2,83.1,89.01,40.089951515197754,1.2548862445280227,162190.0,89.18,203264.0,
280,Random,0.2,83.1,89.27,39.874101638793945,1.2548862445280227,162190.0,89.18,203264.0,
318,Random,0.2,83.1,88.24,39.894781827926636,1.2548862445280227,162190.0,89.18,203264.0,
959,Random,0.2,83.1,89.35,39.92122983932495,1.2548862445280227,162190.0,89.18,203264.0,
106,Random,0.2,83.05,88.65,39.941285133361816,1.2548862445280227,162190.0,89.18,203264.0,
209,Random,0.2,83.05,89.44,39.955331802368164,1.2548862445280227,162190.0,89.18,203264.0,
907,Random,0.2,83.05,89.21,39.976752519607544,1.2548862445280227,162190.0,89.18,203264.0,
993,Random,0.2,83.05,89.08,39.98047089576721,1.2548862445280227,162190.0,89.18,203264.0,
640,Random,0.2,83.05,90.03,39.95796489715576,1.2548862445280227,162190.0,89.18,203264.0,
649,Random,0.2,83.05,89.67,39.9532687664032,1.2548862445280227,162190.0,89.18,203264.0,
752,Random,0.2,83.05,89.76,40.3122615814209,1.2548862445280227,162190.0,89.18,203264.0,
192,Random,0.2,83.0,89.71,40.026729583740234,1.2548862445280227,162190.0,89.18,203264.0,
466,Random,0.2,83.0,89.3,39.88029742240906,1.2548862445280227,162190.0,89.18,203264.0,
503,Random,0.2,83.0,88.92,39.857420921325684,1.2548862445280227,162190.0,89.18,203264.0,
554,Random,0.2,83.0,89.39,39.89714312553406,1.2548862445280227,162190.0,89.18,203264.0,
275,Random,0.2,83.0,89.71,40.1865918636322,1.2548862445280227,162190.0,89.18,203264.0,
397,Random,0.2,83.0,89.57,39.83193922042847,1.2548862445280227,162190.0,89.18,203264.0,
686,Random,0.2,83.0,89.61,39.851200342178345,1.2548862445280227,162190.0,89.18,203264.0,
449,Random,0.2,82.95,89.45,39.88098454475403,1.2548862445280227,162190.0,89.18,203264.0,
202,Random,0.2,82.95,89.19,39.93388772010803,1.2548862445280227,162190.0,89.18,203264.0,
321,Random,0.2,82.95,89.47,40.05108594894409,1.2548862445280227,162190.0,89.18,203264.0,
368,Random,0.2,82.95,89.73,40.21380043029785,1.2548862445280227,162190.0,89.18,203264.0,
891,Random,0.2,82.95,88.79,39.92836117744446,1.2548862445280227,162190.0,89.18,203264.0,
988,Random,0.2,82.95,89.72,39.921581506729126,1.2548862445280227,162190.0,89.18,203264.0,
756,Random,0.2,82.95,89.75,39.94826149940491,1.2548862445280227,162190.0,89.18,203264.0,
45,Random,0.2,82.9,89.36,40.06083416938782,1.2548862445280227,162190.0,89.18,203264.0,
590,Random,0.2,82.9,88.02,40.53795599937439,1.2548862445280227,162190.0,89.18,203264.0,
383,Random,0.2,82.9,89.46,40.00032186508179,1.2548862445280227,162190.0,89.18,203264.0,
390,Random,0.2,82.9,89.83,40.01338076591492,1.2548862445280227,162190.0,89.18,203264.0,
816,Random,0.2,82.9,89.18,39.902289152145386,1.2548862445280227,162190.0,89.18,203264.0,
821,Random,0.2,82.9,88.72,40.08264684677124,1.2548862445280227,162190.0,89.18,203264.0,
826,Random,0.2,82.9,88.52,40.94063639640808,1.2548862445280227,162190.0,89.18,203264.0,
916,Random,0.2,82.9,89.3,40.0431752204895,1.2548862445280227,162190.0,89.18,203264.0,
701,Random,0.2,82.9,89.07,39.997639179229736,1.2548862445280227,162190.0,89.18,203264.0,
412,Random,0.2,82.85,89.1,39.98102807998657,1.2548862445280227,162190.0,89.18,203264.0,
417,Random,0.2,82.85,89.27,40.169219970703125,1.2548862445280227,162190.0,89.18,203264.0,
548,Random,0.2,82.85,89.48,41.303229570388794,1.2548862445280227,162190.0,89.18,203264.0,
832,Random,0.2,82.85,88.74,39.84480047225952,1.2548862445280227,162190.0,89.18,203264.0,
893,Random,0.2,82.85,89.66,39.84597587585449,1.2548862445280227,162190.0,89.18,203264.0,
698,Random,0.2,82.85,89.87,39.90188980102539,1.2548862445280227,162190.0,89.18,203264.0,
757,Random,0.2,82.85,89.37,39.89762902259827,1.2548862445280227,162190.0,89.18,203264.0,
56,Random,0.2,82.8,89.08,41.42256426811218,1.2548862445280227,162190.0,89.18,203264.0,
456,Random,0.2,82.8,89.25,39.90418601036072,1.2548862445280227,162190.0,89.18,203264.0,
238,Random,0.2,82.8,89.21,39.79111337661743,1.2548862445280227,162190.0,89.18,203264.0,
922,Random,0.2,82.8,89.2,39.811318159103394,1.2548862445280227,162190.0,89.18,203264.0,
705,Random,0.2,82.8,89.83,40.00852155685425,1.2548862445280227,162190.0,89.18,203264.0,
775,Random,0.2,82.8,89.15,41.3179612159729,1.2548862445280227,162190.0,89.18,203264.0,
140,Random,0.2,82.75,89.47,40.0571825504303,1.2548862445280227,162190.0,89.18,203264.0,
219,Random,0.2,82.75,89.21,40.001113414764404,1.2548862445280227,162190.0,89.18,203264.0,
229,Random,0.2,82.75,89.62,39.843504667282104,1.2548862445280227,162190.0,89.18,203264.0,
252,Random,0.2,82.75,89.81,40.077056646347046,1.2548862445280227,162190.0,89.18,203264.0,
310,Random,0.2,82.75,88.37,41.45026445388794,1.2548862445280227,162190.0,89.18,203264.0,
350,Random,0.2,82.75,88.62,39.91244053840637,1.2548862445280227,162190.0,89.18,203264.0,
625,Random,0.2,82.75,89.7,39.87577819824219,1.2548862445280227,162190.0,89.18,203264.0,
67,Random,0.2,82.7,88.93,39.796950578689575,1.2548862445280227,162190.0,89.18,203264.0,
430,Random,0.2,82.7,89.84,40.184969663619995,1.2548862445280227,162190.0,89.18,203264.0,
493,Random,0.2,82.7,89.61,41.36239266395569,1.2548862445280227,162190.0,89.18,203264.0,
537,Random,0.2,82.7,88.93,39.9477117061615,1.2548862445280227,162190.0,89.18,203264.0,
393,Random,0.2,82.7,89.1,39.80164623260498,1.2548862445280227,162190.0,89.18,203264.0,
288,Random,0.2,82.7,89.37,39.86084270477295,1.2548862445280227,162190.0,89.18,203264.0,
811,Random,0.2,82.7,89.33,39.97489309310913,1.2548862445280227,162190.0,89.18,203264.0,
606,Random,0.2,82.7,88.53,42.07074284553528,1.2548862445280227,162190.0,89.18,203264.0,
664,Random,0.2,82.7,89.39,39.96883416175842,1.2548862445280227,162190.0,89.18,203264.0,
753,Random,0.2,82.7,89.59,39.86142349243164,1.2548862445280227,162190.0,89.18,203264.0,
668,Random,0.2,82.7,88.72,39.91034412384033,1.2548862445280227,162190.0,89.18,203264.0,
121,Random,0.2,82.65,89.69,39.8387725353241,1.2548862445280227,162190.0,89.18,203264.0,
137,Random,0.2,82.65,88.85,41.296653270721436,1.2548862445280227,162190.0,89.18,203264.0,
506,Random,0.2,82.65,88.42,39.97570824623108,1.2548862445280227,162190.0,89.18,203264.0,
259,Random,0.2,82.65,89.62,39.862205266952515,1.2548862445280227,162190.0,89.18,203264.0,
522,Random,0.2,82.65,89.78,39.92753028869629,1.2548862445280227,162190.0,89.18,203264.0,
356,Random,0.2,82.65,89.08,39.821075677871704,1.2548862445280227,162190.0,89.18,203264.0,
851,Random,0.2,82.65,88.68,41.18435096740723,1.2548862445280227,162190.0,89.18,203264.0,
614,Random,0.2,82.65,88.25,39.91332674026489,1.2548862445280227,162190.0,89.18,203264.0,
677,Random,0.2,82.65,89.86,39.869563817977905,1.2548862445280227,162190.0,89.18,203264.0,
629,Random,0.2,82.65,88.92,40.00579595565796,1.2548862445280227,162190.0,89.18,203264.0,
23,Random,0.2,82.6,89.55,39.9740195274353,1.2548862445280227,162190.0,89.18,203264.0,
59,Random,0.2,82.6,89.08,41.722233295440674,1.2548862445280227,162190.0,89.18,203264.0,
227,Random,0.2,82.6,89.17,39.99684691429138,1.2548862445280227,162190.0,89.18,203264.0,
794,Random,0.2,82.6,89.58,39.87815618515015,1.2548862445280227,162190.0,89.18,203264.0,
795,Random,0.2,82.6,88.8,39.90050935745239,1.2548862445280227,162190.0,89.18,203264.0,
18,Random,0.2,82.55,88.48,39.969743728637695,1.2548862445280227,162190.0,89.18,203264.0,
46,Random,0.2,82.55,89.44,41.33684539794922,1.2548862445280227,162190.0,89.18,203264.0,
104,Random,0.2,82.55,89.08,39.9457049369812,1.2548862445280227,162190.0,89.18,203264.0,
809,Random,0.2,82.55,89.4,39.832032203674316,1.2548862445280227,162190.0,89.18,203264.0,
274,Random,0.2,82.55,89.74,39.938605070114136,1.2548862445280227,162190.0,89.18,203264.0,
935,Random,0.2,82.55,88.47,39.9765510559082,1.2548862445280227,162190.0,89.18,203264.0,
995,Random,0.2,82.55,88.81,41.11092519760132,1.2548862445280227,162190.0,89.18,203264.0,
716,Random,0.2,82.55,89.64,40.00081920623779,1.2548862445280227,162190.0,89.18,203264.0,
788,Random,0.2,82.55,89.35,39.93940329551697,1.2548862445280227,162190.0,89.18,203264.0,
48,Random,0.2,82.5,89.81,39.953843116760254,1.2548862445280227,162190.0,89.18,203264.0,
433,Random,0.2,82.5,88.95,40.01094317436218,1.2548862445280227,162190.0,89.18,203264.0,
687,Random,0.2,82.5,89.34,39.68387842178345,1.2548862445280227,162190.0,89.18,203264.0,
829,Random,0.2,82.5,89.13,41.96512746810913,1.2548862445280227,162190.0,89.18,203264.0,
785,Random,0.2,82.5,89.63,39.82033371925354,1.2548862445280227,162190.0,89.18,203264.0,
695,Random,0.2,82.5,89.28,39.8655846118927,1.2548862445280227,162190.0,89.18,203264.0,
110,Random,0.2,82.45,89.81,39.91435933113098,1.2548862445280227,162190.0,89.18,203264.0,
163,Random,0.2,82.45,89.36,39.81553840637207,1.2548862445280227,162190.0,89.18,203264.0,
174,Random,0.2,82.45,89.21,40.55193018913269,1.2548862445280227,162190.0,89.18,203264.0,
830,Random,0.2,82.45,89.15,39.906920194625854,1.2548862445280227,162190.0,89.18,203264.0,
359,Random,0.2,82.45,89.06,40.00914025306702,1.2548862445280227,162190.0,89.18,203264.0,
638,Random,0.2,82.45,87.65,39.90469789505005,1.2548862445280227,162190.0,89.18,203264.0,
736,Random,0.2,82.45,89.47,39.871824741363525,1.2548862445280227,162190.0,89.18,203264.0,
818,Random,0.2,82.4,89.13,40.127856731414795,1.2548862445280227,162190.0,89.18,203264.0,
33,Random,0.2,82.35,89.66,39.87788724899292,1.2548862445280227,162190.0,89.18,203264.0,
720,Random,0.2,82.4,88.71,39.98412537574768,1.2548862445280227,162190.0,89.18,203264.0,
85,Random,0.2,82.35,89.49,39.86017036437988,1.2548862445280227,162190.0,89.18,203264.0,
100,Random,0.2,82.35,89.78,39.80182957649231,1.2548862445280227,162190.0,89.18,203264.0,
454,Random,0.2,82.35,89.3,40.18269157409668,1.2548862445280227,162190.0,89.18,203264.0,
222,Random,0.2,82.35,89.38,39.90154194831848,1.2548862445280227,162190.0,89.18,203264.0,
556,Random,0.2,82.35,89.57,40.03469681739807,1.2548862445280227,162190.0,89.18,203264.0,
810,Random,0.2,82.35,89.61,39.903870820999146,1.2548862445280227,162190.0,89.18,203264.0,
968,Random,0.2,82.35,89.8,39.826122522354126,1.2548862445280227,162190.0,89.18,203264.0,
663,Random,0.2,82.35,89.34,40.131611824035645,1.2548862445280227,162190.0,89.18,203264.0,
149,Random,0.2,82.3,89.32,39.90572643280029,1.2548862445280227,162190.0,89.18,203264.0,
41,Random,0.2,82.3,88.84,40.06690549850464,1.2548862445280227,162190.0,89.18,203264.0,
183,Random,0.2,82.3,88.23,40.135637044906616,1.2548862445280227,162190.0,89.18,203264.0,
515,Random,0.2,82.3,89.2,39.41789245605469,1.2548862445280227,162190.0,89.18,203264.0,
213,Random,0.2,82.3,89.47,40.18825626373291,1.2548862445280227,162190.0,89.18,203264.0,
825,Random,0.2,82.3,89.45,39.89344763755798,1.2548862445280227,162190.0,89.18,203264.0,
249,Random,0.2,82.3,88.99,39.99956488609314,1.2548862445280227,162190.0,89.18,203264.0,
613,Random,0.2,82.3,89.43,40.01070547103882,1.2548862445280227,162190.0,89.18,203264.0,
749,Random,0.2,82.3,89.72,39.77278923988342,1.2548862445280227,162190.0,89.18,203264.0,
154,Random,0.2,82.25,90.05,39.62792491912842,1.2548862445280227,162190.0,89.18,203264.0,
242,Random,0.2,82.25,88.81,40.0439395904541,1.2548862445280227,162190.0,89.18,203264.0,
305,Random,0.2,82.25,89.71,40.05187177658081,1.2548862445280227,162190.0,89.18,203264.0,
765,Random,0.2,82.25,89.4,40.07499957084656,1.2548862445280227,162190.0,89.18,203264.0,
75,Random,0.2,82.2,89.34,39.80880284309387,1.2548862445280227,162190.0,89.18,203264.0,
439,Random,0.2,82.2,89.25,39.79119610786438,1.2548862445280227,162190.0,89.18,203264.0,
559,Random,0.2,82.2,89.21,39.62226414680481,1.2548862445280227,162190.0,89.18,203264.0,
374,Random,0.2,82.2,88.91,39.610039949417114,1.2548862445280227,162190.0,89.18,203264.0,
971,Random,0.2,82.2,89.63,40.2192165851593,1.2548862445280227,162190.0,89.18,203264.0,
674,Random,0.2,82.2,88.8,39.650028467178345,1.2548862445280227,162190.0,89.18,203264.0,
770,Random,0.2,82.2,88.9,40.08876967430115,1.2548862445280227,162190.0,89.18,203264.0,
123,Random,0.2,82.15,90.23,39.76364731788635,1.2548862445280227,162190.0,89.18,203264.0,
772,Random,0.2,82.2,89.56,40.04508376121521,1.2548862445280227,162190.0,89.18,203264.0,
169,Random,0.2,82.15,89.3,39.99050498008728,1.2548862445280227,162190.0,89.18,203264.0,
284,Random,0.2,82.15,89.66,39.72569036483765,1.2548862445280227,162190.0,89.18,203264.0,
963,Random,0.2,82.15,89.56,40.037477016448975,1.2548862445280227,162190.0,89.18,203264.0,
103,Random,0.2,82.1,89.33,40.05318260192871,1.2548862445280227,162190.0,89.18,203264.0,
448,Random,0.2,82.1,89.1,39.94380784034729,1.2548862445280227,162190.0,89.18,203264.0,
545,Random,0.2,82.1,88.04,40.71762657165527,1.2548862445280227,162190.0,89.18,203264.0,
302,Random,0.2,82.1,89.86,39.774911880493164,1.2548862445280227,162190.0,89.18,203264.0,
838,Random,0.2,82.1,88.99,39.97723579406738,1.2548862445280227,162190.0,89.18,203264.0,
843,Random,0.2,82.1,88.48,39.96277689933777,1.2548862445280227,162190.0,89.18,203264.0,
920,Random,0.2,82.1,88.26,39.975162744522095,1.2548862445280227,162190.0,89.18,203264.0,
113,Random,0.2,82.05,89.57,41.47160577774048,1.2548862445280227,162190.0,89.18,203264.0,
236,Random,0.2,82.05,89.04,39.81740856170654,1.2548862445280227,162190.0,89.18,203264.0,
256,Random,0.2,82.05,89.98,40.048644065856934,1.2548862445280227,162190.0,89.18,203264.0,
260,Random,0.2,82.05,89.57,40.03329801559448,1.2548862445280227,162190.0,89.18,203264.0,
292,Random,0.2,82.05,89.57,39.9920220375061,1.2548862445280227,162190.0,89.18,203264.0,
30,Random,0.2,82.0,89.08,41.08725118637085,1.2548862445280227,162190.0,89.18,203264.0,
124,Random,0.2,82.0,89.42,39.75653409957886,1.2548862445280227,162190.0,89.18,203264.0,
385,Random,0.2,82.0,90.05,40.10194444656372,1.2548862445280227,162190.0,89.18,203264.0,
839,Random,0.2,82.0,89.36,39.88993835449219,1.2548862445280227,162190.0,89.18,203264.0,
622,Random,0.2,82.0,89.33,39.91666054725647,1.2548862445280227,162190.0,89.18,203264.0,
630,Random,0.2,82.0,89.67,41.07514977455139,1.2548862445280227,162190.0,89.18,203264.0,
755,Random,0.2,82.0,88.31,39.82215404510498,1.2548862445280227,162190.0,89.18,203264.0,
36,Random,0.2,81.95,88.99,40.3390154838562,1.2548862445280227,162190.0,89.18,203264.0,
71,Random,0.2,81.95,88.61,39.91763687133789,1.2548862445280227,162190.0,89.18,203264.0,
494,Random,0.2,81.95,89.75,39.97177767753601,1.2548862445280227,162190.0,89.18,203264.0,
265,Random,0.2,81.95,88.98,41.17548704147339,1.2548862445280227,162190.0,89.18,203264.0,
831,Random,0.2,81.95,88.78,39.765193462371826,1.2548862445280227,162190.0,89.18,203264.0,
751,Random,0.2,81.95,89.16,39.8200318813324,1.2548862445280227,162190.0,89.18,203264.0,
730,Random,0.2,81.95,88.8,39.95585322380066,1.2548862445280227,162190.0,89.18,203264.0,
797,Random,0.2,81.95,89.65,39.93831515312195,1.2548862445280227,162190.0,89.18,203264.0,
93,Random,0.2,81.9,89.22,41.276527643203735,1.2548862445280227,162190.0,89.18,203264.0,
99,Random,0.2,81.9,89.29,39.857176303863525,1.2548862445280227,162190.0,89.18,203264.0,
440,Random,0.2,81.9,89.24,40.03109431266785,1.2548862445280227,162190.0,89.18,203264.0,
552,Random,0.2,81.9,89.59,40.02342867851257,1.2548862445280227,162190.0,89.18,203264.0,
158,Random,0.2,81.9,89.68,39.96418380737305,1.2548862445280227,162190.0,89.18,203264.0,
568,Random,0.2,81.9,89.72,41.98068308830261,1.2548862445280227,162190.0,89.18,203264.0,
208,Random,0.2,81.9,89.13,39.80553936958313,1.2548862445280227,162190.0,89.18,203264.0,
697,Random,0.2,81.9,88.88,39.97840476036072,1.2548862445280227,162190.0,89.18,203264.0,
95,Random,0.2,81.85,89.75,39.99621224403381,1.2548862445280227,162190.0,89.18,203264.0,
482,Random,0.2,81.85,88.68,39.82139015197754,1.2548862445280227,162190.0,89.18,203264.0,
509,Random,0.2,81.8,89.39,40.66287422180176,1.2548862445280227,162190.0,89.18,203264.0,
37,Random,0.2,81.75,89.83,39.93738579750061,1.2548862445280227,162190.0,89.18,203264.0,
200,Random,0.2,81.75,89.88,39.93204951286316,1.2548862445280227,162190.0,89.18,203264.0,
339,Random,0.2,81.75,88.53,39.8204619884491,1.2548862445280227,162190.0,89.18,203264.0,
267,Random,0.2,81.75,89.35,39.98168063163757,1.2548862445280227,162190.0,89.18,203264.0,
667,Random,0.2,81.75,89.63,40.995924949645996,1.2548862445280227,162190.0,89.18,203264.0,
861,Random,0.2,81.7,88.58,39.81243848800659,1.2548862445280227,162190.0,89.18,203264.0,
729,Random,0.2,81.7,89.55,39.88398218154907,1.2548862445280227,162190.0,89.18,203264.0,
138,Random,0.2,81.65,89.35,40.02042508125305,1.2548862445280227,162190.0,89.18,203264.0,
626,Random,0.2,81.7,89.05,40.597978353500366,1.2548862445280227,162190.0,89.18,203264.0,
497,Random,0.2,81.65,89.29,41.30738115310669,1.2548862445280227,162190.0,89.18,203264.0,
207,Random,0.2,81.65,88.52,39.75634479522705,1.2548862445280227,162190.0,89.18,203264.0,
232,Random,0.2,81.65,89.85,39.91089701652527,1.2548862445280227,162190.0,89.18,203264.0,
406,Random,0.2,81.6,89.21,40.08987092971802,1.2548862445280227,162190.0,89.18,203264.0,
541,Random,0.2,81.6,89.13,40.78289318084717,1.2548862445280227,162190.0,89.18,203264.0,
268,Random,0.2,81.6,89.74,41.21946334838867,1.2548862445280227,162190.0,89.18,203264.0,
761,Random,0.2,81.6,89.56,39.7401340007782,1.2548862445280227,162190.0,89.18,203264.0,
769,Random,0.2,81.6,88.81,39.902546882629395,1.2548862445280227,162190.0,89.18,203264.0,
6,Random,0.2,81.55,89.26,40.014469623565674,1.2548862445280227,162190.0,89.18,203264.0,
204,Random,0.2,81.55,88.93,41.18917179107666,1.2548862445280227,162190.0,89.18,203264.0,
952,Random,0.2,81.55,89.87,40.17818593978882,1.2548862445280227,162190.0,89.18,203264.0,
977,Random,0.2,81.55,89.68,39.860278367996216,1.2548862445280227,162190.0,89.18,203264.0,
980,Random,0.2,81.55,88.78,39.95054650306702,1.2548862445280227,162190.0,89.18,203264.0,
726,Random,0.2,81.55,89.62,39.936856269836426,1.2548862445280227,162190.0,89.18,203264.0,
434,Random,0.2,81.5,89.2,40.72926616668701,1.2548862445280227,162190.0,89.18,203264.0,
593,Random,0.2,81.5,89.93,40.67639756202698,1.2548862445280227,162190.0,89.18,203264.0,
939,Random,0.2,81.5,89.17,39.80192995071411,1.2548862445280227,162190.0,89.18,203264.0,
744,Random,0.2,81.5,89.27,39.95100426673889,1.2548862445280227,162190.0,89.18,203264.0,
145,Random,0.2,81.45,89.69,40.00344443321228,1.2548862445280227,162190.0,89.18,203264.0,
540,Random,0.2,81.45,89.09,41.22958445549011,1.2548862445280227,162190.0,89.18,203264.0,
263,Random,0.2,81.45,89.59,39.70084190368652,1.2548862445280227,162190.0,89.18,203264.0,
336,Random,0.2,81.45,89.49,39.88644552230835,1.2548862445280227,162190.0,89.18,203264.0,
909,Random,0.2,81.45,89.69,39.99391269683838,1.2548862445280227,162190.0,89.18,203264.0,
210,Random,0.2,81.4,89.02,40.02050566673279,1.2548862445280227,162190.0,89.18,203264.0,
306,Random,0.2,81.4,89.96,41.41174864768982,1.2548862445280227,162190.0,89.18,203264.0,
951,Random,0.2,81.4,89.14,39.88353943824768,1.2548862445280227,162190.0,89.18,203264.0,
114,Random,0.2,81.35,88.75,39.93589758872986,1.2548862445280227,162190.0,89.18,203264.0,
165,Random,0.2,81.35,89.38,40.00139236450195,1.2548862445280227,162190.0,89.18,203264.0,
455,Random,0.2,81.35,89.06,39.93065047264099,1.2548862445280227,162190.0,89.18,203264.0,
989,Random,0.2,81.35,89.33,41.52570152282715,1.2548862445280227,162190.0,89.18,203264.0,
676,Random,0.2,81.35,89.42,39.84851884841919,1.2548862445280227,162190.0,89.18,203264.0,
763,Random,0.2,81.35,89.45,39.873488664627075,1.2548862445280227,162190.0,89.18,203264.0,
15,Random,0.2,81.3,89.53,39.95782208442688,1.2548862445280227,162190.0,89.18,203264.0,
24,Random,0.2,81.3,89.31,39.9233193397522,1.2548862445280227,162190.0,89.18,203264.0,
570,Random,0.2,81.3,89.5,41.05646347999573,1.2548862445280227,162190.0,89.18,203264.0,
623,Random,0.2,81.3,89.26,39.74256253242493,1.2548862445280227,162190.0,89.18,203264.0,
564,Random,0.2,81.25,89.6,39.90220093727112,1.2548862445280227,162190.0,89.18,203264.0,
437,Random,0.2,81.2,89.37,40.04039525985718,1.2548862445280227,162190.0,89.18,203264.0,
544,Random,0.2,81.2,89.01,39.9119918346405,1.2548862445280227,162190.0,89.18,203264.0,
551,Random,0.2,81.2,89.54,41.70491552352905,1.2548862445280227,162190.0,89.18,203264.0,
912,Random,0.2,81.2,89.17,39.77480721473694,1.2548862445280227,162190.0,89.18,203264.0,
981,Random,0.2,81.2,89.45,39.991281509399414,1.2548862445280227,162190.0,89.18,203264.0,
156,Random,0.2,81.15,88.92,40.003477573394775,1.2548862445280227,162190.0,89.18,203264.0,
414,Random,0.2,81.15,89.48,39.99951958656311,1.2548862445280227,162190.0,89.18,203264.0,
483,Random,0.2,81.15,88.61,41.40433645248413,1.2548862445280227,162190.0,89.18,203264.0,
786,Random,0.2,81.15,88.77,39.8359649181366,1.2548862445280227,162190.0,89.18,203264.0,
962,Random,0.2,81.1,89.06,39.9003632068634,1.2548862445280227,162190.0,89.18,203264.0,
86,Random,0.2,81.05,89.56,39.956637382507324,1.2548862445280227,162190.0,89.18,203264.0,
501,Random,0.2,81.0,89.4,39.995875120162964,1.2548862445280227,162190.0,89.18,203264.0,
226,Random,0.2,81.0,89.06,41.1795072555542,1.2548862445280227,162190.0,89.18,203264.0,
340,Random,0.2,81.0,88.93,39.78191542625427,1.2548862445280227,162190.0,89.18,203264.0,
354,Random,0.2,81.0,88.99,40.00242209434509,1.2548862445280227,162190.0,89.18,203264.0,
617,Random,0.2,81.0,89.33,40.019575357437134,1.2548862445280227,162190.0,89.18,203264.0,
643,Random,0.2,81.0,89.56,40.14398717880249,1.2548862445280227,162190.0,89.18,203264.0,
651,Random,0.2,81.0,89.01,41.768022298812866,1.2548862445280227,162190.0,89.18,203264.0,
727,Random,0.2,81.0,89.33,39.940577030181885,1.2548862445280227,162190.0,89.18,203264.0,
160,Random,0.2,80.85,89.48,39.86921501159668,1.2548862445280227,162190.0,89.18,203264.0,
411,Random,0.2,80.85,89.49,40.000893115997314,1.2548862445280227,162190.0,89.18,203264.0,
474,Random,0.2,80.85,89.18,40.014915227890015,1.2548862445280227,162190.0,89.18,203264.0,
901,Random,0.2,80.85,89.32,41.423267126083374,1.2548862445280227,162190.0,89.18,203264.0,
661,Random,0.2,80.85,89.37,39.978272676467896,1.2548862445280227,162190.0,89.18,203264.0,
642,Random,0.2,80.8,89.64,39.931137800216675,1.2548862445280227,162190.0,89.18,203264.0,
684,Random,0.2,80.8,89.12,39.99850845336914,1.2548862445280227,162190.0,89.18,203264.0,
760,Random,0.2,80.8,87.87,40.127909660339355,1.2548862445280227,162190.0,89.18,203264.0,
273,Random,0.2,80.75,88.99,40.98573875427246,1.2548862445280227,162190.0,89.18,203264.0,
887,Random,0.2,80.75,89.46,39.86993360519409,1.2548862445280227,162190.0,89.18,203264.0,
892,Random,0.2,80.75,88.73,39.98672652244568,1.2548862445280227,162190.0,89.18,203264.0,
897,Random,0.2,80.75,89.74,39.992294788360596,1.2548862445280227,162190.0,89.18,203264.0,
612,Random,0.2,80.75,88.69,40.0593945980072,1.2548862445280227,162190.0,89.18,203264.0,
422,Random,0.2,80.7,89.6,39.90749740600586,1.2548862445280227,162190.0,89.18,203264.0,
665,Random,0.2,80.75,89.52,41.64795517921448,1.2548862445280227,162190.0,89.18,203264.0,
495,Random,0.2,80.7,88.7,39.81550192832947,1.2548862445280227,162190.0,89.18,203264.0,
269,Random,0.2,80.7,89.17,39.931884765625,1.2548862445280227,162190.0,89.18,203264.0,
931,Random,0.2,80.7,89.56,39.943217277526855,1.2548862445280227,162190.0,89.18,203264.0,
941,Random,0.2,80.7,88.5,39.9105441570282,1.2548862445280227,162190.0,89.18,203264.0,
298,Random,0.2,80.65,88.46,41.2113401889801,1.2548862445280227,162190.0,89.18,203264.0,
344,Random,0.2,80.6,89.52,39.81508207321167,1.2548862445280227,162190.0,89.18,203264.0,
628,Random,0.2,80.55,89.64,39.9576141834259,1.2548862445280227,162190.0,89.18,203264.0,
409,Random,0.2,80.45,89.77,40.006375312805176,1.2548862445280227,162190.0,89.18,203264.0,
950,Random,0.2,80.45,89.52,39.88785719871521,1.2548862445280227,162190.0,89.18,203264.0,
402,Random,0.2,80.4,89.81,40.967501163482666,1.2548862445280227,162190.0,89.18,203264.0,
392,Random,0.2,80.4,89.3,39.881129026412964,1.2548862445280227,162190.0,89.18,203264.0,
801,Random,0.2,80.4,89.67,39.89431929588318,1.2548862445280227,162190.0,89.18,203264.0,
927,Random,0.2,80.35,89.3,39.931071281433105,1.2548862445280227,162190.0,89.18,203264.0,
527,Random,0.2,80.3,89.14,39.88478636741638,1.2548862445280227,162190.0,89.18,203264.0,
631,Random,0.2,80.3,89.42,41.1140501499176,1.2548862445280227,162190.0,89.18,203264.0,
728,Random,0.2,80.25,89.11,39.846463680267334,1.2548862445280227,162190.0,89.18,203264.0,
425,Random,0.2,80.2,88.74,39.88010573387146,1.2548862445280227,162190.0,89.18,203264.0,
858,Random,0.2,80.2,88.75,39.92145824432373,1.2548862445280227,162190.0,89.18,203264.0,
694,Random,0.2,80.2,89.53,39.85107946395874,1.2548862445280227,162190.0,89.18,203264.0,
675,Random,0.2,80.15,89.44,41.22018265724182,1.2548862445280227,162190.0,89.18,203264.0,
790,Random,0.2,80.15,89.46,39.901426553726196,1.2548862445280227,162190.0,89.18,203264.0,
715,Random,0.2,80.05,89.71,40.02307605743408,1.2548862445280227,162190.0,89.18,203264.0,
395,Random,0.2,80.0,89.48,39.94463777542114,1.2548862445280227,162190.0,89.18,203264.0,
258,Random,0.2,79.95,89.5,39.987030029296875,1.2548862445280227,162190.0,89.18,203264.0,
338,Random,0.2,79.95,89.09,40.71444344520569,1.2548862445280227,162190.0,89.18,203264.0,
998,Random,0.2,79.95,89.27,39.611358880996704,1.2548862445280227,162190.0,89.18,203264.0,
79,Random,0.2,79.9,89.78,39.97749614715576,1.2548862445280227,162190.0,89.18,203264.0,
492,Random,0.2,79.9,89.34,39.97627782821655,1.2548862445280227,162190.0,89.18,203264.0,
1000,Random,0.2,79.85,89.37,39.96922016143799,1.2548862445280227,162190.0,89.18,203264.0,
633,Random,0.2,79.8,89.7,40.99057173728943,1.2548862445280227,162190.0,89.18,203264.0,
82,Random,0.2,79.75,89.21,39.86741662025452,1.2548862445280227,162190.0,89.18,203264.0,
557,Random,0.2,79.75,89.34,40.077306509017944,1.2548862445280227,162190.0,89.18,203264.0,
978,Random,0.2,79.75,89.47,39.962441205978394,1.2548862445280227,162190.0,89.18,203264.0,
81,Random,0.2,79.65,87.91,39.92991518974304,1.2548862445280227,162190.0,89.18,203264.0,
68,Random,0.2,79.55,90.02,41.335830211639404,1.2548862445280227,162190.0,89.18,203264.0,
31,Random,0.2,79.4,89.55,39.46810865402222,1.2548862445280227,162190.0,89.18,203264.0,
173,Random,0.2,79.4,89.26,39.96410131454468,1.2548862445280227,162190.0,89.18,203264.0,
351,Random,0.2,79.4,89.39,39.88410210609436,1.2548862445280227,162190.0,89.18,203264.0,
342,Random,0.2,79.35,89.23,40.09705090522766,1.2548862445280227,162190.0,89.18,203264.0,
700,Random,0.2,78.7,88.72,41.14487934112549,1.2548862445280227,162190.0,89.18,203264.0,
523,Random,0.2,78.65,89.54,39.934722661972046,1.2548862445280227,162190.0,89.18,203264.0,
578,Random,0.2,78.55,89.55,39.942275047302246,1.2548862445280227,162190.0,89.18,203264.0,
39,Random,0.2,78.3,89.45,39.94731116294861,1.2548862445280227,162190.0,89.18,203264.0,
379,Random,0.2,77.05,89.35,39.91480207443237,1.2548862445280227,162190.0,89.18,203264.0,
185,Random,0.2,76.85,88.77,40.184043407440186,1.2548862445280227,162190.0,89.18,203264.0,
451,Random,0.2,75.6,89.48,39.91572666168213,1.2548862445280227,162190.0,89.18,203264.0,
1,Spectral,0.2,,89.81,25.214300632476807,1.2487652237936007,162985.0,89.18,203264.0,162770.0
999,Random,0.3,85.0,88.72,40.36825203895569,1.4301373713241752,142315.0,89.18,203264.0,
220,Random,0.3,84.8,89.3,40.71231722831726,1.4301373713241752,142315.0,89.18,203264.0,
644,Random,0.3,85.3,88.19,40.58973741531372,1.4301373713241752,142315.0,89.18,203264.0,
141,Random,0.3,84.75,89.58,40.72443604469299,1.4301373713241752,142315.0,89.18,203264.0,
961,Random,0.3,84.7,88.79,40.77860188484192,1.4301373713241752,142315.0,89.18,203264.0,
829,Random,0.3,84.65,89.61,39.88140821456909,1.4301373713241752,142315.0,89.18,203264.0,
979,Random,0.3,84.6,89.24,39.897823333740234,1.4301373713241752,142315.0,89.18,203264.0,
160,Random,0.3,84.6,88.33,39.848260164260864,1.4301373713241752,142315.0,89.18,203264.0,
88,Random,0.3,84.45,88.82,40.11386704444885,1.4301373713241752,142315.0,89.18,203264.0,
140,Random,0.3,84.6,88.95,40.01882243156433,1.4301373713241752,142315.0,89.18,203264.0,
339,Random,0.3,84.45,89.6,40.074910402297974,1.4301373713241752,142315.0,89.18,203264.0,
514,Random,0.3,84.4,89.86,39.80923628807068,1.4301373713241752,142315.0,89.18,203264.0,
375,Random,0.3,84.4,88.94,40.0544753074646,1.4301373713241752,142315.0,89.18,203264.0,
292,Random,0.3,84.3,89.07,40.04389214515686,1.4301373713241752,142315.0,89.18,203264.0,
548,Random,0.3,84.3,89.03,40.045252561569214,1.4301373713241752,142315.0,89.18,203264.0,
549,Random,0.3,84.3,88.41,39.76809501647949,1.4301373713241752,142315.0,89.18,203264.0,
275,Random,0.3,84.25,88.81,39.817561864852905,1.4301373713241752,142315.0,89.18,203264.0,
240,Random,0.3,84.15,89.01,39.88233232498169,1.4301373713241752,142315.0,89.18,203264.0,
229,Random,0.3,84.15,88.99,39.93497443199158,1.4301373713241752,142315.0,89.18,203264.0,
569,Random,0.3,84.25,88.67,39.975008964538574,1.4301373713241752,142315.0,89.18,203264.0,
313,Random,0.3,84.15,89.14,39.94660687446594,1.4301373713241752,142315.0,89.18,203264.0,
397,Random,0.3,84.1,89.44,39.76689958572388,1.4301373713241752,142315.0,89.18,203264.0,
632,Random,0.3,84.1,89.69,39.997804403305054,1.4301373713241752,142315.0,89.18,203264.0,
772,Random,0.3,84.0,89.05,39.83907222747803,1.4301373713241752,142315.0,89.18,203264.0,
753,Random,0.3,84.0,89.83,40.53780508041382,1.4301373713241752,142315.0,89.18,203264.0,
870,Random,0.3,84.0,87.91,39.80699300765991,1.4301373713241752,142315.0,89.18,203264.0,
65,Random,0.3,83.95,89.07,39.846949338912964,1.4301373713241752,142315.0,89.18,203264.0,
169,Random,0.3,83.95,89.25,40.086650133132935,1.4301373713241752,142315.0,89.18,203264.0,
534,Random,0.3,83.95,89.09,39.90335178375244,1.4301373713241752,142315.0,89.18,203264.0,
72,Random,0.3,83.9,89.06,39.99716639518738,1.4301373713241752,142315.0,89.18,203264.0,
92,Random,0.3,83.9,89.58,39.777750730514526,1.4301373713241752,142315.0,89.18,203264.0,
334,Random,0.3,83.85,89.74,39.78444051742554,1.4301373713241752,142315.0,89.18,203264.0,
52,Random,0.3,83.75,88.81,39.796520948410034,1.4301373713241752,142315.0,89.18,203264.0,
137,Random,0.3,83.8,89.57,40.033485651016235,1.4301373713241752,142315.0,89.18,203264.0,
282,Random,0.3,83.75,89.03,40.17731809616089,1.4301373713241752,142315.0,89.18,203264.0,
492,Random,0.3,83.75,89.14,39.8952796459198,1.4301373713241752,142315.0,89.18,203264.0,
885,Random,0.3,83.7,88.78,39.778422355651855,1.4301373713241752,142315.0,89.18,203264.0,
98,Random,0.3,83.65,88.49,39.86075830459595,1.4301373713241752,142315.0,89.18,203264.0,
738,Random,0.3,83.65,89.08,39.99632906913757,1.4301373713241752,142315.0,89.18,203264.0,
654,Random,0.3,83.6,88.47,39.8385272026062,1.4301373713241752,142315.0,89.18,203264.0,
469,Random,0.3,83.6,87.54,39.86340880393982,1.4301373713241752,142315.0,89.18,203264.0,
594,Random,0.3,83.6,88.92,39.775065422058105,1.4301373713241752,142315.0,89.18,203264.0,
133,Random,0.3,83.55,89.22,39.833789587020874,1.4301373713241752,142315.0,89.18,203264.0,
221,Random,0.3,83.55,88.42,39.96208071708679,1.4301373713241752,142315.0,89.18,203264.0,
720,Random,0.3,83.55,88.77,39.91223669052124,1.4301373713241752,142315.0,89.18,203264.0,
794,Random,0.3,83.55,87.41,39.74418592453003,1.4301373713241752,142315.0,89.18,203264.0,
568,Random,0.3,83.55,89.34,39.77408957481384,1.4301373713241752,142315.0,89.18,203264.0,
45,Random,0.3,83.5,89.3,39.77824282646179,1.4301373713241752,142315.0,89.18,203264.0,
109,Random,0.3,83.5,89.73,39.88984036445618,1.4301373713241752,142315.0,89.18,203264.0,
256,Random,0.3,83.5,89.23,39.87596940994263,1.4301373713241752,142315.0,89.18,203264.0,
345,Random,0.3,83.5,88.89,39.9097626209259,1.4301373713241752,142315.0,89.18,203264.0,
919,Random,0.3,83.5,88.17,39.904290199279785,1.4301373713241752,142315.0,89.18,203264.0,
580,Random,0.3,83.5,88.94,40.131000995635986,1.4301373713241752,142315.0,89.18,203264.0,
38,Random,0.3,83.45,87.96,40.06664299964905,1.4301373713241752,142315.0,89.18,203264.0,
180,Random,0.3,83.45,89.49,40.9352502822876,1.4301373713241752,142315.0,89.18,203264.0,
194,Random,0.3,83.45,88.45,39.78972125053406,1.4301373713241752,142315.0,89.18,203264.0,
252,Random,0.3,83.45,89.34,40.21007442474365,1.4301373713241752,142315.0,89.18,203264.0,
620,Random,0.3,83.45,89.04,39.907052993774414,1.4301373713241752,142315.0,89.18,203264.0,
635,Random,0.3,83.45,89.05,40.00672721862793,1.4301373713241752,142315.0,89.18,203264.0,
646,Random,0.3,83.45,88.75,41.5838668346405,1.4301373713241752,142315.0,89.18,203264.0,
777,Random,0.3,83.45,89.12,39.42341709136963,1.4301373713241752,142315.0,89.18,203264.0,
410,Random,0.3,83.45,88.54,39.4209725856781,1.4301373713241752,142315.0,89.18,203264.0,
519,Random,0.3,83.45,88.88,39.94787383079529,1.4301373713241752,142315.0,89.18,203264.0,
118,Random,0.3,83.4,89.03,40.00273633003235,1.4301373713241752,142315.0,89.18,203264.0,
582,Random,0.3,83.4,89.14,41.472898721694946,1.4301373713241752,142315.0,89.18,203264.0,
1,Random,0.3,83.35,88.64,39.86546993255615,1.4301373713241752,142315.0,89.18,203264.0,
696,Random,0.3,83.35,89.76,39.544506311416626,1.4301373713241752,142315.0,89.18,203264.0,
726,Random,0.3,83.35,89.23,39.59403944015503,1.4301373713241752,142315.0,89.18,203264.0,
797,Random,0.3,83.35,88.87,39.56799578666687,1.4301373713241752,142315.0,89.18,203264.0,
895,Random,0.3,83.35,89.14,41.33049464225769,1.4301373713241752,142315.0,89.18,203264.0,
504,Random,0.3,83.35,89.66,39.75549840927124,1.4301373713241752,142315.0,89.18,203264.0,
541,Random,0.3,83.35,88.62,39.81624460220337,1.4301373713241752,142315.0,89.18,203264.0,
261,Random,0.3,83.3,89.17,39.54660415649414,1.4301373713241752,142315.0,89.18,203264.0,
619,Random,0.3,83.3,89.0,39.788630962371826,1.4301373713241752,142315.0,89.18,203264.0,
723,Random,0.3,83.3,88.38,41.0516152381897,1.4301373713241752,142315.0,89.18,203264.0,
877,Random,0.3,83.3,89.64,39.8952476978302,1.4301373713241752,142315.0,89.18,203264.0,
936,Random,0.3,83.3,89.3,39.881935834884644,1.4301373713241752,142315.0,89.18,203264.0,
470,Random,0.3,83.3,88.84,39.75075101852417,1.4301373713241752,142315.0,89.18,203264.0,
66,Random,0.3,83.25,88.93,39.58329796791077,1.4301373713241752,142315.0,89.18,203264.0,
905,Random,0.3,83.25,88.65,40.85211753845215,1.4301373713241752,142315.0,89.18,203264.0,
274,Random,0.3,83.2,88.36,39.93460726737976,1.4301373713241752,142315.0,89.18,203264.0,
284,Random,0.3,83.2,89.03,39.91503858566284,1.4301373713241752,142315.0,89.18,203264.0,
304,Random,0.3,83.2,88.63,39.959280014038086,1.4301373713241752,142315.0,89.18,203264.0,
605,Random,0.3,83.2,88.94,39.94018816947937,1.4301373713241752,142315.0,89.18,203264.0,
664,Random,0.3,83.2,89.17,41.362013816833496,1.4301373713241752,142315.0,89.18,203264.0,
710,Random,0.3,83.2,88.7,39.8784556388855,1.4301373713241752,142315.0,89.18,203264.0,
762,Random,0.3,83.2,88.59,39.85649085044861,1.4301373713241752,142315.0,89.18,203264.0,
779,Random,0.3,83.2,89.49,40.01292371749878,1.4301373713241752,142315.0,89.18,203264.0,
845,Random,0.3,83.2,88.91,39.99472403526306,1.4301373713241752,142315.0,89.18,203264.0,
907,Random,0.3,83.2,88.94,40.36253380775452,1.4301373713241752,142315.0,89.18,203264.0,
153,Random,0.3,83.15,89.79,39.89465665817261,1.4301373713241752,142315.0,89.18,203264.0,
200,Random,0.3,83.15,89.46,39.87448501586914,1.4301373713241752,142315.0,89.18,203264.0,
306,Random,0.3,83.15,88.67,40.031917572021484,1.4301373713241752,142315.0,89.18,203264.0,
366,Random,0.3,83.15,89.62,40.03009581565857,1.4301373713241752,142315.0,89.18,203264.0,
617,Random,0.3,83.15,89.41,39.92632746696472,1.4301373713241752,142315.0,89.18,203264.0,
892,Random,0.3,83.15,89.31,39.81903052330017,1.4301373713241752,142315.0,89.18,203264.0,
916,Random,0.3,83.15,89.36,39.85631346702576,1.4301373713241752,142315.0,89.18,203264.0,
956,Random,0.3,83.15,89.22,39.92573523521423,1.4301373713241752,142315.0,89.18,203264.0,
408,Random,0.3,83.15,89.12,39.925092458724976,1.4301373713241752,142315.0,89.18,203264.0,
21,Random,0.3,83.1,89.57,40.02289581298828,1.4301373713241752,142315.0,89.18,203264.0,
159,Random,0.3,83.1,88.49,39.82766795158386,1.4301373713241752,142315.0,89.18,203264.0,
917,Random,0.3,83.1,88.7,39.89592742919922,1.4301373713241752,142315.0,89.18,203264.0,
426,Random,0.3,83.1,89.29,39.93124055862427,1.4301373713241752,142315.0,89.18,203264.0,
511,Random,0.3,83.1,89.59,39.961132526397705,1.4301373713241752,142315.0,89.18,203264.0,
540,Random,0.3,83.1,89.01,39.9287474155426,1.4301373713241752,142315.0,89.18,203264.0,
216,Random,0.3,83.05,89.47,39.74605941772461,1.4301373713241752,142315.0,89.18,203264.0,
602,Random,0.3,83.05,89.22,39.73913383483887,1.4301373713241752,142315.0,89.18,203264.0,
643,Random,0.3,83.05,88.38,39.981008768081665,1.4301373713241752,142315.0,89.18,203264.0,
507,Random,0.3,83.05,88.83,39.93079710006714,1.4301373713241752,142315.0,89.18,203264.0,
132,Random,0.3,83.0,89.59,39.79869985580444,1.4301373713241752,142315.0,89.18,203264.0,
628,Random,0.3,83.0,88.88,39.858887910842896,1.4301373713241752,142315.0,89.18,203264.0,
663,Random,0.3,83.0,88.97,39.851391553878784,1.4301373713241752,142315.0,89.18,203264.0,
844,Random,0.3,83.0,89.3,40.02892303466797,1.4301373713241752,142315.0,89.18,203264.0,
539,Random,0.3,83.0,88.81,39.99902582168579,1.4301373713241752,142315.0,89.18,203264.0,
255,Random,0.3,82.95,88.98,39.92668867111206,1.4301373713241752,142315.0,89.18,203264.0,
657,Random,0.3,82.95,89.13,39.81994128227234,1.4301373713241752,142315.0,89.18,203264.0,
780,Random,0.3,82.95,89.76,39.78884267807007,1.4301373713241752,142315.0,89.18,203264.0,
883,Random,0.3,82.95,89.38,39.96932530403137,1.4301373713241752,142315.0,89.18,203264.0,
964,Random,0.3,82.95,89.2,39.97856545448303,1.4301373713241752,142315.0,89.18,203264.0,
989,Random,0.3,82.95,89.56,39.79706597328186,1.4301373713241752,142315.0,89.18,203264.0,
993,Random,0.3,82.95,89.37,39.87961745262146,1.4301373713241752,142315.0,89.18,203264.0,
551,Random,0.3,82.95,89.47,39.79289960861206,1.4301373713241752,142315.0,89.18,203264.0,
125,Random,0.3,82.9,89.94,39.93326950073242,1.4301373713241752,142315.0,89.18,203264.0,
178,Random,0.3,82.9,89.16,40.115713119506836,1.4301373713241752,142315.0,89.18,203264.0,
196,Random,0.3,82.9,89.21,39.85272264480591,1.4301373713241752,142315.0,89.18,203264.0,
241,Random,0.3,82.9,89.36,39.86086940765381,1.4301373713241752,142315.0,89.18,203264.0,
623,Random,0.3,82.9,89.52,39.773603200912476,1.4301373713241752,142315.0,89.18,203264.0,
652,Random,0.3,82.9,89.5,39.941808223724365,1.4301373713241752,142315.0,89.18,203264.0,
666,Random,0.3,82.9,89.64,40.04415726661682,1.4301373713241752,142315.0,89.18,203264.0,
782,Random,0.3,82.9,88.91,39.81919527053833,1.4301373713241752,142315.0,89.18,203264.0,
862,Random,0.3,82.9,89.01,39.85387969017029,1.4301373713241752,142315.0,89.18,203264.0,
30,Random,0.3,82.85,89.04,39.73983430862427,1.4301373713241752,142315.0,89.18,203264.0,
81,Random,0.3,82.85,89.75,40.12625741958618,1.4301373713241752,142315.0,89.18,203264.0,
613,Random,0.3,82.85,89.11,40.231882095336914,1.4301373713241752,142315.0,89.18,203264.0,
727,Random,0.3,82.85,88.99,39.82658553123474,1.4301373713241752,142315.0,89.18,203264.0,
992,Random,0.3,82.85,89.37,39.878379344940186,1.4301373713241752,142315.0,89.18,203264.0,
994,Random,0.3,82.85,88.84,39.78251552581787,1.4301373713241752,142315.0,89.18,203264.0,
558,Random,0.3,82.85,89.36,40.134377241134644,1.4301373713241752,142315.0,89.18,203264.0,
799,Random,0.3,82.8,89.13,40.24309039115906,1.4301373713241752,142315.0,89.18,203264.0,
837,Random,0.3,82.8,87.97,39.822524547576904,1.4301373713241752,142315.0,89.18,203264.0,
879,Random,0.3,82.8,89.56,39.81244111061096,1.4301373713241752,142315.0,89.18,203264.0,
462,Random,0.3,82.8,88.76,39.8412971496582,1.4301373713241752,142315.0,89.18,203264.0,
27,Random,0.3,82.75,89.08,40.0139696598053,1.4301373713241752,142315.0,89.18,203264.0,
195,Random,0.3,82.75,88.96,40.06357002258301,1.4301373713241752,142315.0,89.18,203264.0,
249,Random,0.3,82.75,88.46,39.90354943275452,1.4301373713241752,142315.0,89.18,203264.0,
336,Random,0.3,82.75,87.72,39.899147510528564,1.4301373713241752,142315.0,89.18,203264.0,
680,Random,0.3,82.75,89.53,39.93344020843506,1.4301373713241752,142315.0,89.18,203264.0,
711,Random,0.3,82.75,89.25,39.98874282836914,1.4301373713241752,142315.0,89.18,203264.0,
769,Random,0.3,82.75,89.64,40.081761837005615,1.4301373713241752,142315.0,89.18,203264.0,
148,Random,0.3,82.7,89.06,39.862496852874756,1.4301373713241752,142315.0,89.18,203264.0,
618,Random,0.3,82.7,89.37,39.89187932014465,1.4301373713241752,142315.0,89.18,203264.0,
748,Random,0.3,82.7,88.86,39.823593854904175,1.4301373713241752,142315.0,89.18,203264.0,
560,Random,0.3,82.7,88.85,40.0461699962616,1.4301373713241752,142315.0,89.18,203264.0,
224,Random,0.3,82.65,89.33,40.14397692680359,1.4301373713241752,142315.0,89.18,203264.0,
311,Random,0.3,82.65,88.78,39.78420066833496,1.4301373713241752,142315.0,89.18,203264.0,
378,Random,0.3,82.65,89.09,39.88723826408386,1.4301373713241752,142315.0,89.18,203264.0,
902,Random,0.3,82.65,89.36,39.80459475517273,1.4301373713241752,142315.0,89.18,203264.0,
482,Random,0.3,82.65,88.82,39.959158420562744,1.4301373713241752,142315.0,89.18,203264.0,
532,Random,0.3,82.65,89.53,40.076972007751465,1.4301373713241752,142315.0,89.18,203264.0,
158,Random,0.3,82.6,88.86,39.881503105163574,1.4301373713241752,142315.0,89.18,203264.0,
984,Random,0.3,82.6,88.61,39.51966905593872,1.4301373713241752,142315.0,89.18,203264.0,
201,Random,0.3,82.55,88.88,39.54347229003906,1.4301373713241752,142315.0,89.18,203264.0,
225,Random,0.3,82.55,89.09,40.03486084938049,1.4301373713241752,142315.0,89.18,203264.0,
295,Random,0.3,82.55,88.98,40.13003444671631,1.4301373713241752,142315.0,89.18,203264.0,
859,Random,0.3,82.55,89.27,40.01794481277466,1.4301373713241752,142315.0,89.18,203264.0,
969,Random,0.3,82.55,89.89,39.947593450546265,1.4301373713241752,142315.0,89.18,203264.0,
975,Random,0.3,82.55,89.12,39.842225551605225,1.4301373713241752,142315.0,89.18,203264.0,
998,Random,0.3,82.55,89.25,39.63028001785278,1.4301373713241752,142315.0,89.18,203264.0,
407,Random,0.3,82.55,89.09,40.153300523757935,1.4301373713241752,142315.0,89.18,203264.0,
9,Random,0.3,82.5,88.6,39.95820379257202,1.4301373713241752,142315.0,89.18,203264.0,
363,Random,0.3,82.5,89.17,39.816248178482056,1.4301373713241752,142315.0,89.18,203264.0,
188,Random,0.3,82.5,88.47,40.02843141555786,1.4301373713241752,142315.0,89.18,203264.0,
763,Random,0.3,82.5,88.99,40.04019546508789,1.4301373713241752,142315.0,89.18,203264.0,
899,Random,0.3,82.5,88.85,40.11822199821472,1.4301373713241752,142315.0,89.18,203264.0,
928,Random,0.3,82.5,89.06,40.17473769187927,1.4301373713241752,142315.0,89.18,203264.0,
965,Random,0.3,82.5,88.62,39.897910833358765,1.4301373713241752,142315.0,89.18,203264.0,
983,Random,0.3,82.5,88.37,39.95848321914673,1.4301373713241752,142315.0,89.18,203264.0,
515,Random,0.3,82.5,89.07,40.1166250705719,1.4301373713241752,142315.0,89.18,203264.0,
537,Random,0.3,82.5,89.12,40.10834813117981,1.4301373713241752,142315.0,89.18,203264.0,
6,Random,0.3,82.45,89.17,40.04855275154114,1.4301373713241752,142315.0,89.18,203264.0,
757,Random,0.3,82.45,88.87,39.712724685668945,1.4301373713241752,142315.0,89.18,203264.0,
122,Random,0.3,82.45,88.31,39.90362215042114,1.4301373713241752,142315.0,89.18,203264.0,
901,Random,0.3,82.45,89.73,39.631582498550415,1.4301373713241752,142315.0,89.18,203264.0,
944,Random,0.3,82.45,89.44,39.7512948513031,1.4301373713241752,142315.0,89.18,203264.0,
962,Random,0.3,82.45,87.87,40.109819412231445,1.4301373713241752,142315.0,89.18,203264.0,
968,Random,0.3,82.45,88.02,39.80600070953369,1.4301373713241752,142315.0,89.18,203264.0,
974,Random,0.3,82.45,89.24,39.86381125450134,1.4301373713241752,142315.0,89.18,203264.0,
508,Random,0.3,82.45,89.43,40.07386064529419,1.4301373713241752,142315.0,89.18,203264.0,
575,Random,0.3,82.45,89.19,40.055906534194946,1.4301373713241752,142315.0,89.18,203264.0,
208,Random,0.3,82.4,89.77,39.88264775276184,1.4301373713241752,142315.0,89.18,203264.0,
348,Random,0.3,82.4,89.8,39.7669780254364,1.4301373713241752,142315.0,89.18,203264.0,
784,Random,0.3,82.4,88.92,39.7990300655365,1.4301373713241752,142315.0,89.18,203264.0,
428,Random,0.3,82.4,89.46,39.90506553649902,1.4301373713241752,142315.0,89.18,203264.0,
501,Random,0.3,82.4,89.85,40.138092041015625,1.4301373713241752,142315.0,89.18,203264.0,
570,Random,0.3,82.4,89.02,40.29169178009033,1.4301373713241752,142315.0,89.18,203264.0,
51,Random,0.3,82.35,89.15,39.94634938240051,1.4301373713241752,142315.0,89.18,203264.0,
56,Random,0.3,82.35,89.47,39.81331968307495,1.4301373713241752,142315.0,89.18,203264.0,
350,Random,0.3,82.35,89.13,40.09219741821289,1.4301373713241752,142315.0,89.18,203264.0,
728,Random,0.3,82.35,89.57,40.07883906364441,1.4301373713241752,142315.0,89.18,203264.0,
521,Random,0.3,82.35,89.6,39.77185416221619,1.4301373713241752,142315.0,89.18,203264.0,
54,Random,0.3,82.3,89.21,39.841408014297485,1.4301373713241752,142315.0,89.18,203264.0,
427,Random,0.3,82.3,89.5,39.8159499168396,1.4301373713241752,142315.0,89.18,203264.0,
528,Random,0.3,82.3,89.27,40.15823721885681,1.4301373713241752,142315.0,89.18,203264.0,
305,Random,0.3,82.25,88.38,40.18065881729126,1.4301373713241752,142315.0,89.18,203264.0,
321,Random,0.3,82.25,89.1,40.2401225566864,1.4301373713241752,142315.0,89.18,203264.0,
863,Random,0.3,82.25,88.83,39.765706300735474,1.4301373713241752,142315.0,89.18,203264.0,
860,Random,0.3,82.25,89.39,39.84784412384033,1.4301373713241752,142315.0,89.18,203264.0,
908,Random,0.3,82.25,88.16,40.04473638534546,1.4301373713241752,142315.0,89.18,203264.0,
925,Random,0.3,82.25,89.52,40.06462621688843,1.4301373713241752,142315.0,89.18,203264.0,
34,Random,0.3,82.2,89.24,40.1693913936615,1.4301373713241752,142315.0,89.18,203264.0,
157,Random,0.3,82.2,88.87,40.03647756576538,1.4301373713241752,142315.0,89.18,203264.0,
309,Random,0.3,82.2,88.73,40.038596391677856,1.4301373713241752,142315.0,89.18,203264.0,
606,Random,0.3,82.2,88.86,39.93572998046875,1.4301373713241752,142315.0,89.18,203264.0,
793,Random,0.3,82.2,89.32,39.98703598976135,1.4301373713241752,142315.0,89.18,203264.0,
562,Random,0.3,82.2,89.57,40.228017807006836,1.4301373713241752,142315.0,89.18,203264.0,
192,Random,0.3,82.15,89.8,39.80500102043152,1.4301373713241752,142315.0,89.18,203264.0,
7,Random,0.3,82.15,89.48,39.97472548484802,1.4301373713241752,142315.0,89.18,203264.0,
244,Random,0.3,82.15,89.29,39.92522931098938,1.4301373713241752,142315.0,89.18,203264.0,
688,Random,0.3,82.15,89.48,40.07125377655029,1.4301373713241752,142315.0,89.18,203264.0,
957,Random,0.3,82.15,89.17,40.32372808456421,1.4301373713241752,142315.0,89.18,203264.0,
598,Random,0.3,82.15,88.72,39.6518132686615,1.4301373713241752,142315.0,89.18,203264.0,
23,Random,0.3,82.1,89.53,39.625784158706665,1.4301373713241752,142315.0,89.18,203264.0,
29,Random,0.3,82.1,89.46,40.139700412750244,1.4301373713241752,142315.0,89.18,203264.0,
143,Random,0.3,82.1,88.98,40.24136996269226,1.4301373713241752,142315.0,89.18,203264.0,
190,Random,0.3,82.1,88.98,40.68442416191101,1.4301373713241752,142315.0,89.18,203264.0,
291,Random,0.3,82.1,88.73,39.822652101516724,1.4301373713241752,142315.0,89.18,203264.0,
328,Random,0.3,82.1,89.51,39.919440031051636,1.4301373713241752,142315.0,89.18,203264.0,
337,Random,0.3,82.1,88.73,40.11752796173096,1.4301373713241752,142315.0,89.18,203264.0,
356,Random,0.3,82.1,88.93,40.1151647567749,1.4301373713241752,142315.0,89.18,203264.0,
667,Random,0.3,82.1,88.75,40.54502487182617,1.4301373713241752,142315.0,89.18,203264.0,
766,Random,0.3,82.1,88.48,39.51484131813049,1.4301373713241752,142315.0,89.18,203264.0,
807,Random,0.3,82.1,89.35,39.50806260108948,1.4301373713241752,142315.0,89.18,203264.0,
849,Random,0.3,82.1,88.73,39.92783522605896,1.4301373713241752,142315.0,89.18,203264.0,
113,Random,0.3,82.05,89.33,39.908562898635864,1.4301373713241752,142315.0,89.18,203264.0,
129,Random,0.3,82.05,88.85,40.406063079833984,1.4301373713241752,142315.0,89.18,203264.0,
161,Random,0.3,82.05,89.57,39.82957577705383,1.4301373713241752,142315.0,89.18,203264.0,
250,Random,0.3,82.05,88.62,39.830440282821655,1.4301373713241752,142315.0,89.18,203264.0,
272,Random,0.3,82.05,87.67,40.091533184051514,1.4301373713241752,142315.0,89.18,203264.0,
676,Random,0.3,82.05,89.11,40.270458459854126,1.4301373713241752,142315.0,89.18,203264.0,
751,Random,0.3,82.05,89.58,40.94992756843567,1.4301373713241752,142315.0,89.18,203264.0,
760,Random,0.3,82.05,89.73,39.84760570526123,1.4301373713241752,142315.0,89.18,203264.0,
971,Random,0.3,82.05,89.11,39.90493893623352,1.4301373713241752,142315.0,89.18,203264.0,
990,Random,0.3,82.05,89.2,39.948622703552246,1.4301373713241752,142315.0,89.18,203264.0,
446,Random,0.3,82.05,88.91,39.83432674407959,1.4301373713241752,142315.0,89.18,203264.0,
523,Random,0.3,82.05,89.51,40.73230528831482,1.4301373713241752,142315.0,89.18,203264.0,
552,Random,0.3,82.05,88.56,39.92795968055725,1.4301373713241752,142315.0,89.18,203264.0,
175,Random,0.3,82.0,89.1,39.908804416656494,1.4301373713241752,142315.0,89.18,203264.0,
715,Random,0.3,82.0,89.26,39.845677852630615,1.4301373713241752,142315.0,89.18,203264.0,
746,Random,0.3,82.0,88.84,39.89095616340637,1.4301373713241752,142315.0,89.18,203264.0,
783,Random,0.3,82.0,89.08,40.69794583320618,1.4301373713241752,142315.0,89.18,203264.0,
904,Random,0.3,82.0,88.35,39.9349091053009,1.4301373713241752,142315.0,89.18,203264.0,
564,Random,0.3,82.0,89.33,39.95211863517761,1.4301373713241752,142315.0,89.18,203264.0,
71,Random,0.3,81.95,89.62,40.101428270339966,1.4301373713241752,142315.0,89.18,203264.0,
78,Random,0.3,81.95,88.91,40.12518644332886,1.4301373713241752,142315.0,89.18,203264.0,
228,Random,0.3,81.95,88.64,40.29178309440613,1.4301373713241752,142315.0,89.18,203264.0,
848,Random,0.3,81.95,89.13,39.93515729904175,1.4301373713241752,142315.0,89.18,203264.0,
610,Random,0.3,81.95,89.41,40.236141204833984,1.4301373713241752,142315.0,89.18,203264.0,
50,Random,0.3,81.9,89.13,40.32702374458313,1.4301373713241752,142315.0,89.18,203264.0,
128,Random,0.3,81.9,88.56,40.2424042224884,1.4301373713241752,142315.0,89.18,203264.0,
165,Random,0.3,81.9,89.37,41.7289559841156,1.4301373713241752,142315.0,89.18,203264.0,
179,Random,0.3,81.9,89.14,49.21607685089111,1.4301373713241752,142315.0,89.18,203264.0,
355,Random,0.3,81.9,89.3,68.46916675567627,1.4301373713241752,142315.0,89.18,203264.0,
389,Random,0.3,81.9,89.5,63.225839138031006,1.4301373713241752,142315.0,89.18,203264.0,
798,Random,0.3,81.9,89.72,62.1659882068634,1.4301373713241752,142315.0,89.18,203264.0,
719,Random,0.3,81.9,89.0,94.16697549819946,1.4301373713241752,142315.0,89.18,203264.0,
822,Random,0.3,81.9,88.93,76.92202353477478,1.4301373713241752,142315.0,89.18,203264.0,
529,Random,0.3,81.9,89.51,67.01748657226562,1.4301373713241752,142315.0,89.18,203264.0,
951,Random,0.3,81.9,89.61,88.21230506896973,1.4301373713241752,142315.0,89.18,203264.0,
588,Random,0.3,81.9,89.29,72.27970314025879,1.4301373713241752,142315.0,89.18,203264.0,
191,Random,0.3,81.85,89.31,61.31607508659363,1.4301373713241752,142315.0,89.18,203264.0,
223,Random,0.3,81.85,89.08,43.692959785461426,1.4301373713241752,142315.0,89.18,203264.0,
376,Random,0.3,81.85,89.48,41.740262508392334,1.4301373713241752,142315.0,89.18,203264.0,
690,Random,0.3,81.85,88.6,39.53637170791626,1.4301373713241752,142315.0,89.18,203264.0,
736,Random,0.3,81.85,89.05,41.521371364593506,1.4301373713241752,142315.0,89.18,203264.0,
949,Random,0.3,81.85,88.63,40.1621835231781,1.4301373713241752,142315.0,89.18,203264.0,
416,Random,0.3,81.85,89.37,39.89732027053833,1.4301373713241752,142315.0,89.18,203264.0,
37,Random,0.3,81.8,89.43,39.93296265602112,1.4301373713241752,142315.0,89.18,203264.0,
212,Random,0.3,81.8,89.47,39.83580470085144,1.4301373713241752,142315.0,89.18,203264.0,
351,Random,0.3,81.8,89.28,40.77968072891235,1.4301373713241752,142315.0,89.18,203264.0,
706,Random,0.3,81.8,89.01,40.007692098617554,1.4301373713241752,142315.0,89.18,203264.0,
869,Random,0.3,81.8,89.12,39.89059662818909,1.4301373713241752,142315.0,89.18,203264.0,
432,Random,0.3,81.8,89.72,39.849358558654785,1.4301373713241752,142315.0,89.18,203264.0,
13,Random,0.3,81.75,89.58,39.8513457775116,1.4301373713241752,142315.0,89.18,203264.0,
705,Random,0.3,81.75,89.3,40.74475812911987,1.4301373713241752,142315.0,89.18,203264.0,
768,Random,0.3,81.75,89.25,40.00975513458252,1.4301373713241752,142315.0,89.18,203264.0,
812,Random,0.3,81.75,88.53,39.82195258140564,1.4301373713241752,142315.0,89.18,203264.0,
872,Random,0.3,81.75,89.48,39.89848351478577,1.4301373713241752,142315.0,89.18,203264.0,
423,Random,0.3,81.75,89.2,39.87377119064331,1.4301373713241752,142315.0,89.18,203264.0,
435,Random,0.3,81.75,89.4,41.072441816329956,1.4301373713241752,142315.0,89.18,203264.0,
452,Random,0.3,81.75,89.67,40.05433487892151,1.4301373713241752,142315.0,89.18,203264.0,
465,Random,0.3,81.75,89.64,39.85133242607117,1.4301373713241752,142315.0,89.18,203264.0,
478,Random,0.3,81.75,89.41,39.95946788787842,1.4301373713241752,142315.0,89.18,203264.0,
513,Random,0.3,81.75,89.82,39.91615676879883,1.4301373713241752,142315.0,89.18,203264.0,
19,Random,0.3,81.7,89.03,40.93460488319397,1.4301373713241752,142315.0,89.18,203264.0,
31,Random,0.3,81.7,88.95,39.653889894485474,1.4301373713241752,142315.0,89.18,203264.0,
68,Random,0.3,81.7,89.03,39.51818108558655,1.4301373713241752,142315.0,89.18,203264.0,
108,Random,0.3,81.7,88.03,39.91475510597229,1.4301373713241752,142315.0,89.18,203264.0,
327,Random,0.3,81.7,89.46,39.83490824699402,1.4301373713241752,142315.0,89.18,203264.0,
681,Random,0.3,81.7,88.76,40.894274950027466,1.4301373713241752,142315.0,89.18,203264.0,
828,Random,0.3,81.7,89.27,39.921677589416504,1.4301373713241752,142315.0,89.18,203264.0,
238,Random,0.3,81.65,87.97,39.907617807388306,1.4301373713241752,142315.0,89.18,203264.0,
612,Random,0.3,81.65,89.41,39.849794149398804,1.4301373713241752,142315.0,89.18,203264.0,
627,Random,0.3,81.65,89.61,39.85651183128357,1.4301373713241752,142315.0,89.18,203264.0,
659,Random,0.3,81.65,89.23,40.99423956871033,1.4301373713241752,142315.0,89.18,203264.0,
662,Random,0.3,81.65,88.88,39.95175313949585,1.4301373713241752,142315.0,89.18,203264.0,
717,Random,0.3,81.65,89.3,39.875993490219116,1.4301373713241752,142315.0,89.18,203264.0,
775,Random,0.3,81.65,89.05,39.87359690666199,1.4301373713241752,142315.0,89.18,203264.0,
805,Random,0.3,81.65,89.35,39.803433895111084,1.4301373713241752,142315.0,89.18,203264.0,
933,Random,0.3,81.65,89.27,40.3544180393219,1.4301373713241752,142315.0,89.18,203264.0,
41,Random,0.3,81.6,89.68,39.937886476516724,1.4301373713241752,142315.0,89.18,203264.0,
90,Random,0.3,81.6,88.63,39.801658630371094,1.4301373713241752,142315.0,89.18,203264.0,
202,Random,0.3,81.6,89.45,39.84917998313904,1.4301373713241752,142315.0,89.18,203264.0,
264,Random,0.3,81.6,88.2,39.88914465904236,1.4301373713241752,142315.0,89.18,203264.0,
270,Random,0.3,81.6,89.04,40.78142189979553,1.4301373713241752,142315.0,89.18,203264.0,
279,Random,0.3,81.6,87.52,39.97501015663147,1.4301373713241752,142315.0,89.18,203264.0,
298,Random,0.3,81.6,89.12,39.845250606536865,1.4301373713241752,142315.0,89.18,203264.0,
325,Random,0.3,81.6,89.68,39.522189140319824,1.4301373713241752,142315.0,89.18,203264.0,
331,Random,0.3,81.6,89.15,39.96609377861023,1.4301373713241752,142315.0,89.18,203264.0,
742,Random,0.3,81.6,89.95,39.887160301208496,1.4301373713241752,142315.0,89.18,203264.0,
370,Random,0.3,81.6,88.52,40.757967948913574,1.4301373713241752,142315.0,89.18,203264.0,
808,Random,0.3,81.6,89.08,39.79766011238098,1.4301373713241752,142315.0,89.18,203264.0,
937,Random,0.3,81.6,89.3,39.8069372177124,1.4301373713241752,142315.0,89.18,203264.0,
941,Random,0.3,81.6,89.46,39.824355363845825,1.4301373713241752,142315.0,89.18,203264.0,
524,Random,0.3,81.6,89.29,39.89721345901489,1.4301373713241752,142315.0,89.18,203264.0,
563,Random,0.3,81.6,89.35,40.40880632400513,1.4301373713241752,142315.0,89.18,203264.0,
25,Random,0.3,81.55,89.09,39.8910710811615,1.4301373713241752,142315.0,89.18,203264.0,
266,Random,0.3,81.55,89.29,39.898321866989136,1.4301373713241752,142315.0,89.18,203264.0,
721,Random,0.3,81.55,89.4,39.82740783691406,1.4301373713241752,142315.0,89.18,203264.0,
434,Random,0.3,81.55,88.77,39.919002056121826,1.4301373713241752,142315.0,89.18,203264.0,
85,Random,0.3,81.5,88.24,40.613630294799805,1.4301373713241752,142315.0,89.18,203264.0,
755,Random,0.3,81.5,89.2,39.86780261993408,1.4301373713241752,142315.0,89.18,203264.0,
818,Random,0.3,81.5,89.11,39.776681661605835,1.4301373713241752,142315.0,89.18,203264.0,
913,Random,0.3,81.5,89.39,39.861445903778076,1.4301373713241752,142315.0,89.18,203264.0,
978,Random,0.3,81.5,88.86,39.780770778656006,1.4301373713241752,142315.0,89.18,203264.0,
536,Random,0.3,81.5,88.98,39.747639656066895,1.4301373713241752,142315.0,89.18,203264.0,
455,Random,0.3,81.5,89.53,40.783427715301514,1.4301373713241752,142315.0,89.18,203264.0,
174,Random,0.3,81.45,89.48,39.832634925842285,1.4301373713241752,142315.0,89.18,203264.0,
177,Random,0.3,81.45,89.47,39.75308871269226,1.4301373713241752,142315.0,89.18,203264.0,
199,Random,0.3,81.45,89.66,39.91576409339905,1.4301373713241752,142315.0,89.18,203264.0,
210,Random,0.3,81.45,88.79,39.8599808216095,1.4301373713241752,142315.0,89.18,203264.0,
400,Random,0.3,81.45,89.08,40.617934226989746,1.4301373713241752,142315.0,89.18,203264.0,
731,Random,0.3,81.45,88.91,40.54864048957825,1.4301373713241752,142315.0,89.18,203264.0,
758,Random,0.3,81.45,89.34,39.70070934295654,1.4301373713241752,142315.0,89.18,203264.0,
778,Random,0.3,81.45,89.41,40.167046546936035,1.4301373713241752,142315.0,89.18,203264.0,
991,Random,0.3,81.45,89.47,39.879456996917725,1.4301373713241752,142315.0,89.18,203264.0,
480,Random,0.3,81.45,89.48,41.22592759132385,1.4301373713241752,142315.0,89.18,203264.0,
585,Random,0.3,81.45,89.77,40.952229022979736,1.4301373713241752,142315.0,89.18,203264.0,
130,Random,0.3,81.4,89.13,40.10307765007019,1.4301373713241752,142315.0,89.18,203264.0,
765,Random,0.3,81.4,88.81,40.02420997619629,1.4301373713241752,142315.0,89.18,203264.0,
847,Random,0.3,81.4,89.46,39.83369541168213,1.4301373713241752,142315.0,89.18,203264.0,
861,Random,0.3,81.4,89.2,40.16929221153259,1.4301373713241752,142315.0,89.18,203264.0,
909,Random,0.3,81.4,88.69,39.88861393928528,1.4301373713241752,142315.0,89.18,203264.0,
911,Random,0.3,81.4,89.92,40.03908061981201,1.4301373713241752,142315.0,89.18,203264.0,
931,Random,0.3,81.4,89.02,40.00970220565796,1.4301373713241752,142315.0,89.18,203264.0,
981,Random,0.3,81.4,89.31,39.80349802970886,1.4301373713241752,142315.0,89.18,203264.0,
429,Random,0.3,81.4,88.77,40.26952505111694,1.4301373713241752,142315.0,89.18,203264.0,
64,Random,0.3,81.35,89.08,39.776211977005005,1.4301373713241752,142315.0,89.18,203264.0,
303,Random,0.3,81.35,89.04,39.55599498748779,1.4301373713241752,142315.0,89.18,203264.0,
693,Random,0.3,81.35,89.27,40.110302448272705,1.4301373713241752,142315.0,89.18,203264.0,
708,Random,0.3,81.35,89.3,39.71829843521118,1.4301373713241752,142315.0,89.18,203264.0,
776,Random,0.3,81.35,88.88,40.51595687866211,1.4301373713241752,142315.0,89.18,203264.0,
890,Random,0.3,81.35,89.06,39.8265745639801,1.4301373713241752,142315.0,89.18,203264.0,
525,Random,0.3,81.35,89.01,39.39616584777832,1.4301373713241752,142315.0,89.18,203264.0,
234,Random,0.3,81.3,88.66,39.90313911437988,1.4301373713241752,142315.0,89.18,203264.0,
330,Random,0.3,81.3,89.64,39.712076902389526,1.4301373713241752,142315.0,89.18,203264.0,
608,Random,0.3,81.3,89.42,40.241013526916504,1.4301373713241752,142315.0,89.18,203264.0,
631,Random,0.3,81.3,89.58,39.827502727508545,1.4301373713241752,142315.0,89.18,203264.0,
787,Random,0.3,81.3,89.36,39.80341625213623,1.4301373713241752,142315.0,89.18,203264.0,
874,Random,0.3,81.3,89.02,39.95146083831787,1.4301373713241752,142315.0,89.18,203264.0,
912,Random,0.3,81.3,89.66,39.75663495063782,1.4301373713241752,142315.0,89.18,203264.0,
997,Random,0.3,81.3,88.67,40.07459378242493,1.4301373713241752,142315.0,89.18,203264.0,
479,Random,0.3,81.3,89.57,39.73464345932007,1.4301373713241752,142315.0,89.18,203264.0,
517,Random,0.3,81.3,89.16,39.78522062301636,1.4301373713241752,142315.0,89.18,203264.0,
553,Random,0.3,81.3,89.42,39.96504282951355,1.4301373713241752,142315.0,89.18,203264.0,
591,Random,0.3,81.3,88.9,39.72639608383179,1.4301373713241752,142315.0,89.18,203264.0,
49,Random,0.3,81.25,89.2,40.11284422874451,1.4301373713241752,142315.0,89.18,203264.0,
167,Random,0.3,81.25,88.96,39.72781729698181,1.4301373713241752,142315.0,89.18,203264.0,
246,Random,0.3,81.25,89.55,39.78101658821106,1.4301373713241752,142315.0,89.18,203264.0,
263,Random,0.3,81.25,89.28,39.91650891304016,1.4301373713241752,142315.0,89.18,203264.0,
267,Random,0.3,81.25,88.39,39.785860776901245,1.4301373713241752,142315.0,89.18,203264.0,
297,Random,0.3,81.25,89.03,40.20390224456787,1.4301373713241752,142315.0,89.18,203264.0,
300,Random,0.3,81.25,88.64,39.8002073764801,1.4301373713241752,142315.0,89.18,203264.0,
362,Random,0.3,81.25,89.27,39.83448076248169,1.4301373713241752,142315.0,89.18,203264.0,
868,Random,0.3,81.25,88.94,39.87588810920715,1.4301373713241752,142315.0,89.18,203264.0,
938,Random,0.3,81.25,89.72,39.757593870162964,1.4301373713241752,142315.0,89.18,203264.0,
571,Random,0.3,81.25,89.5,40.15574765205383,1.4301373713241752,142315.0,89.18,203264.0,
182,Random,0.3,81.2,88.97,39.748990535736084,1.4301373713241752,142315.0,89.18,203264.0,
187,Random,0.3,81.2,88.79,39.89555215835571,1.4301373713241752,142315.0,89.18,203264.0,
280,Random,0.3,81.2,89.17,39.86232805252075,1.4301373713241752,142315.0,89.18,203264.0,
332,Random,0.3,81.2,89.56,39.74408721923828,1.4301373713241752,142315.0,89.18,203264.0,
634,Random,0.3,81.2,88.73,40.0702486038208,1.4301373713241752,142315.0,89.18,203264.0,
882,Random,0.3,81.2,88.5,39.81905174255371,1.4301373713241752,142315.0,89.18,203264.0,
561,Random,0.3,81.2,89.52,39.7892324924469,1.4301373713241752,142315.0,89.18,203264.0,
11,Random,0.3,81.15,89.68,39.663705587387085,1.4301373713241752,142315.0,89.18,203264.0,
173,Random,0.3,81.15,89.15,39.74937868118286,1.4301373713241752,142315.0,89.18,203264.0,
204,Random,0.3,81.15,89.31,40.17100477218628,1.4301373713241752,142315.0,89.18,203264.0,
347,Random,0.3,81.15,89.25,39.85475516319275,1.4301373713241752,142315.0,89.18,203264.0,
973,Random,0.3,81.15,89.25,39.873900175094604,1.4301373713241752,142315.0,89.18,203264.0,
405,Random,0.3,81.15,88.58,39.714150190353394,1.4301373713241752,142315.0,89.18,203264.0,
433,Random,0.3,81.15,89.63,39.55914044380188,1.4301373713241752,142315.0,89.18,203264.0,
32,Random,0.3,81.1,89.08,40.1532826423645,1.4301373713241752,142315.0,89.18,203264.0,
60,Random,0.3,81.1,89.16,39.8911919593811,1.4301373713241752,142315.0,89.18,203264.0,
76,Random,0.3,81.1,89.48,39.86329698562622,1.4301373713241752,142315.0,89.18,203264.0,
242,Random,0.3,81.1,89.29,40.04501819610596,1.4301373713241752,142315.0,89.18,203264.0,
633,Random,0.3,81.1,89.7,39.6609411239624,1.4301373713241752,142315.0,89.18,203264.0,
639,Random,0.3,81.1,88.59,40.0715594291687,1.4301373713241752,142315.0,89.18,203264.0,
647,Random,0.3,81.1,89.03,39.83399319648743,1.4301373713241752,142315.0,89.18,203264.0,
740,Random,0.3,81.1,89.64,39.76260304450989,1.4301373713241752,142315.0,89.18,203264.0,
927,Random,0.3,81.1,89.4,39.97317671775818,1.4301373713241752,142315.0,89.18,203264.0,
543,Random,0.3,81.1,88.83,39.79612183570862,1.4301373713241752,142315.0,89.18,203264.0,
22,Random,0.3,81.05,89.0,40.19925332069397,1.4301373713241752,142315.0,89.18,203264.0,
104,Random,0.3,81.05,89.92,39.81899404525757,1.4301373713241752,142315.0,89.18,203264.0,
105,Random,0.3,81.05,89.07,39.7765371799469,1.4301373713241752,142315.0,89.18,203264.0,
211,Random,0.3,81.05,89.61,39.89213180541992,1.4301373713241752,142315.0,89.18,203264.0,
293,Random,0.3,81.05,89.48,39.71312475204468,1.4301373713241752,142315.0,89.18,203264.0,
349,Random,0.3,81.05,89.16,40.13738512992859,1.4301373713241752,142315.0,89.18,203264.0,
374,Random,0.3,81.05,88.74,39.833739280700684,1.4301373713241752,142315.0,89.18,203264.0,
640,Random,0.3,81.05,88.07,39.82261872291565,1.4301373713241752,142315.0,89.18,203264.0,
914,Random,0.3,81.05,88.89,40.18363976478577,1.4301373713241752,142315.0,89.18,203264.0,
729,Random,0.3,81.05,89.12,40.61902117729187,1.4301373713241752,142315.0,89.18,203264.0,
935,Random,0.3,81.05,89.21,40.45108342170715,1.4301373713241752,142315.0,89.18,203264.0,
587,Random,0.3,81.05,89.44,41.86435151100159,1.4301373713241752,142315.0,89.18,203264.0,
5,Random,0.3,81.0,88.91,40.6377272605896,1.4301373713241752,142315.0,89.18,203264.0,
127,Random,0.3,81.0,89.24,39.91593551635742,1.4301373713241752,142315.0,89.18,203264.0,
83,Random,0.3,81.0,89.61,39.54956674575806,1.4301373713241752,142315.0,89.18,203264.0,
181,Random,0.3,81.0,89.38,39.84363126754761,1.4301373713241752,142315.0,89.18,203264.0,
265,Random,0.3,81.0,89.47,40.41141605377197,1.4301373713241752,142315.0,89.18,203264.0,
290,Random,0.3,81.0,88.94,39.802680253982544,1.4301373713241752,142315.0,89.18,203264.0,
310,Random,0.3,81.0,88.88,39.84515619277954,1.4301373713241752,142315.0,89.18,203264.0,
615,Random,0.3,81.0,89.28,39.72083020210266,1.4301373713241752,142315.0,89.18,203264.0,
637,Random,0.3,81.0,89.17,39.90612578392029,1.4301373713241752,142315.0,89.18,203264.0,
685,Random,0.3,81.0,89.21,39.95612716674805,1.4301373713241752,142315.0,89.18,203264.0,
791,Random,0.3,81.0,88.71,39.85069441795349,1.4301373713241752,142315.0,89.18,203264.0,
425,Random,0.3,81.0,89.45,39.86611270904541,1.4301373713241752,142315.0,89.18,203264.0,
136,Random,0.3,80.95,89.02,39.88530373573303,1.4301373713241752,142315.0,89.18,203264.0,
248,Random,0.3,80.95,88.98,40.163782358169556,1.4301373713241752,142315.0,89.18,203264.0,
399,Random,0.3,80.95,89.29,39.99409604072571,1.4301373713241752,142315.0,89.18,203264.0,
629,Random,0.3,80.95,88.68,39.87893629074097,1.4301373713241752,142315.0,89.18,203264.0,
810,Random,0.3,80.95,89.03,39.75832796096802,1.4301373713241752,142315.0,89.18,203264.0,
730,Random,0.3,80.95,89.49,39.80658030509949,1.4301373713241752,142315.0,89.18,203264.0,
855,Random,0.3,80.95,88.83,40.21745467185974,1.4301373713241752,142315.0,89.18,203264.0,
930,Random,0.3,80.95,89.07,39.957226037979126,1.4301373713241752,142315.0,89.18,203264.0,
932,Random,0.3,80.95,89.34,39.726704359054565,1.4301373713241752,142315.0,89.18,203264.0,
943,Random,0.3,80.95,88.91,39.70411682128906,1.4301373713241752,142315.0,89.18,203264.0,
438,Random,0.3,80.95,88.93,39.88805341720581,1.4301373713241752,142315.0,89.18,203264.0,
79,Random,0.3,80.9,89.71,40.1288161277771,1.4301373713241752,142315.0,89.18,203264.0,
198,Random,0.3,80.9,89.34,39.54331350326538,1.4301373713241752,142315.0,89.18,203264.0,
251,Random,0.3,80.9,88.98,39.82019376754761,1.4301373713241752,142315.0,89.18,203264.0,
288,Random,0.3,80.9,89.5,39.76719307899475,1.4301373713241752,142315.0,89.18,203264.0,
756,Random,0.3,80.9,89.4,39.926307916641235,1.4301373713241752,142315.0,89.18,203264.0,
792,Random,0.3,80.9,89.29,40.170695304870605,1.4301373713241752,142315.0,89.18,203264.0,
820,Random,0.3,80.9,89.94,39.76592803001404,1.4301373713241752,142315.0,89.18,203264.0,
835,Random,0.3,80.9,88.92,39.96788501739502,1.4301373713241752,142315.0,89.18,203264.0,
878,Random,0.3,80.9,89.2,39.67918109893799,1.4301373713241752,142315.0,89.18,203264.0,
960,Random,0.3,80.9,89.76,39.93692326545715,1.4301373713241752,142315.0,89.18,203264.0,
459,Random,0.3,80.9,89.08,40.025532245635986,1.4301373713241752,142315.0,89.18,203264.0,
460,Random,0.3,80.9,88.55,39.52195978164673,1.4301373713241752,142315.0,89.18,203264.0,
73,Random,0.3,80.85,88.72,39.93587779998779,1.4301373713241752,142315.0,89.18,203264.0,
116,Random,0.3,80.85,89.19,39.82401990890503,1.4301373713241752,142315.0,89.18,203264.0,
197,Random,0.3,80.85,89.29,40.032671213150024,1.4301373713241752,142315.0,89.18,203264.0,
206,Random,0.3,80.85,88.73,40.11932730674744,1.4301373713241752,142315.0,89.18,203264.0,
369,Random,0.3,80.85,89.15,39.88682413101196,1.4301373713241752,142315.0,89.18,203264.0,
701,Random,0.3,80.85,89.21,39.788801431655884,1.4301373713241752,142315.0,89.18,203264.0,
703,Random,0.3,80.85,89.13,39.81074357032776,1.4301373713241752,142315.0,89.18,203264.0,
945,Random,0.3,80.85,89.15,39.99134540557861,1.4301373713241752,142315.0,89.18,203264.0,
526,Random,0.3,80.85,89.38,40.15676784515381,1.4301373713241752,142315.0,89.18,203264.0,
599,Random,0.3,80.85,88.84,39.85792016983032,1.4301373713241752,142315.0,89.18,203264.0,
55,Random,0.3,80.8,88.65,39.843602418899536,1.4301373713241752,142315.0,89.18,203264.0,
218,Random,0.3,80.8,88.67,39.83438849449158,1.4301373713241752,142315.0,89.18,203264.0,
314,Random,0.3,80.8,89.37,39.99333071708679,1.4301373713241752,142315.0,89.18,203264.0,
344,Random,0.3,80.8,88.49,40.18180584907532,1.4301373713241752,142315.0,89.18,203264.0,
360,Random,0.3,80.8,89.02,39.97876715660095,1.4301373713241752,142315.0,89.18,203264.0,
642,Random,0.3,80.8,89.79,40.100961208343506,1.4301373713241752,142315.0,89.18,203264.0,
656,Random,0.3,80.8,89.67,39.70738649368286,1.4301373713241752,142315.0,89.18,203264.0,
713,Random,0.3,80.8,89.26,40.19810676574707,1.4301373713241752,142315.0,89.18,203264.0,
716,Random,0.3,80.8,89.5,40.218785762786865,1.4301373713241752,142315.0,89.18,203264.0,
886,Random,0.3,80.8,88.74,39.6887309551239,1.4301373713241752,142315.0,89.18,203264.0,
417,Random,0.3,80.8,89.51,39.90775775909424,1.4301373713241752,142315.0,89.18,203264.0,
503,Random,0.3,80.8,89.17,39.75197982788086,1.4301373713241752,142315.0,89.18,203264.0,
574,Random,0.3,80.8,89.16,40.11226511001587,1.4301373713241752,142315.0,89.18,203264.0,
57,Random,0.3,80.75,89.11,40.143444299697876,1.4301373713241752,142315.0,89.18,203264.0,
77,Random,0.3,80.75,89.3,39.87720012664795,1.4301373713241752,142315.0,89.18,203264.0,
163,Random,0.3,80.75,89.45,39.96766638755798,1.4301373713241752,142315.0,89.18,203264.0,
164,Random,0.3,80.75,88.49,39.763763666152954,1.4301373713241752,142315.0,89.18,203264.0,
285,Random,0.3,80.75,88.83,40.07987380027771,1.4301373713241752,142315.0,89.18,203264.0,
307,Random,0.3,80.75,88.66,40.15190291404724,1.4301373713241752,142315.0,89.18,203264.0,
319,Random,0.3,80.75,89.18,39.87197542190552,1.4301373713241752,142315.0,89.18,203264.0,
660,Random,0.3,80.75,88.39,40.197399616241455,1.4301373713241752,142315.0,89.18,203264.0,
897,Random,0.3,80.75,89.41,39.82646942138672,1.4301373713241752,142315.0,89.18,203264.0,
466,Random,0.3,80.75,89.14,39.961594104766846,1.4301373713241752,142315.0,89.18,203264.0,
494,Random,0.3,80.75,89.2,40.19858479499817,1.4301373713241752,142315.0,89.18,203264.0,
67,Random,0.3,80.7,89.06,39.936588764190674,1.4301373713241752,142315.0,89.18,203264.0,
172,Random,0.3,80.7,89.1,40.07388997077942,1.4301373713241752,142315.0,89.18,203264.0,
222,Random,0.3,80.7,88.11,39.78737235069275,1.4301373713241752,142315.0,89.18,203264.0,
358,Random,0.3,80.7,89.89,40.02193474769592,1.4301373713241752,142315.0,89.18,203264.0,
996,Random,0.3,80.7,88.86,40.3478684425354,1.4301373713241752,142315.0,89.18,203264.0,
409,Random,0.3,80.7,89.23,39.87726855278015,1.4301373713241752,142315.0,89.18,203264.0,
488,Random,0.3,80.7,88.83,40.057655572891235,1.4301373713241752,142315.0,89.18,203264.0,
512,Random,0.3,80.7,89.56,39.81453776359558,1.4301373713241752,142315.0,89.18,203264.0,
97,Random,0.3,80.65,89.45,39.94736671447754,1.4301373713241752,142315.0,89.18,203264.0,
110,Random,0.3,80.65,88.88,40.303744077682495,1.4301373713241752,142315.0,89.18,203264.0,
694,Random,0.3,80.65,89.53,40.06496572494507,1.4301373713241752,142315.0,89.18,203264.0,
709,Random,0.3,80.65,88.76,39.88975191116333,1.4301373713241752,142315.0,89.18,203264.0,
980,Random,0.3,80.65,89.3,39.86755657196045,1.4301373713241752,142315.0,89.18,203264.0,
986,Random,0.3,80.65,88.48,39.87920045852661,1.4301373713241752,142315.0,89.18,203264.0,
14,Random,0.3,80.6,88.97,40.21807289123535,1.4301373713241752,142315.0,89.18,203264.0,
70,Random,0.3,80.6,89.0,40.01311206817627,1.4301373713241752,142315.0,89.18,203264.0,
134,Random,0.3,80.6,88.65,40.024301052093506,1.4301373713241752,142315.0,89.18,203264.0,
147,Random,0.3,80.6,89.34,39.80100393295288,1.4301373713241752,142315.0,89.18,203264.0,
170,Random,0.3,80.6,89.24,39.86175203323364,1.4301373713241752,142315.0,89.18,203264.0,
653,Random,0.3,80.6,89.15,40.30799627304077,1.4301373713241752,142315.0,89.18,203264.0,
743,Random,0.3,80.6,89.16,39.866997957229614,1.4301373713241752,142315.0,89.18,203264.0,
754,Random,0.3,80.6,88.38,40.097609996795654,1.4301373713241752,142315.0,89.18,203264.0,
786,Random,0.3,80.6,89.7,39.703970432281494,1.4301373713241752,142315.0,89.18,203264.0,
96,Random,0.3,80.55,88.82,39.848079204559326,1.4301373713241752,142315.0,89.18,203264.0,
123,Random,0.3,80.55,88.61,40.17510437965393,1.4301373713241752,142315.0,89.18,203264.0,
145,Random,0.3,80.55,88.89,39.86499571800232,1.4301373713241752,142315.0,89.18,203264.0,
146,Random,0.3,80.55,88.7,39.890966176986694,1.4301373713241752,142315.0,89.18,203264.0,
294,Random,0.3,80.55,89.42,39.77314758300781,1.4301373713241752,142315.0,89.18,203264.0,
625,Random,0.3,80.55,89.59,39.831392765045166,1.4301373713241752,142315.0,89.18,203264.0,
803,Random,0.3,80.55,89.46,39.86947226524353,1.4301373713241752,142315.0,89.18,203264.0,
741,Random,0.3,80.55,89.32,40.02977180480957,1.4301373713241752,142315.0,89.18,203264.0,
811,Random,0.3,80.55,89.28,39.87297797203064,1.4301373713241752,142315.0,89.18,203264.0,
955,Random,0.3,80.55,88.72,39.70910429954529,1.4301373713241752,142315.0,89.18,203264.0,
458,Random,0.3,80.55,89.17,39.80406904220581,1.4301373713241752,142315.0,89.18,203264.0,
205,Random,0.3,80.5,89.22,40.04978322982788,1.4301373713241752,142315.0,89.18,203264.0,
260,Random,0.3,80.5,88.42,40.27381777763367,1.4301373713241752,142315.0,89.18,203264.0,
385,Random,0.3,80.5,89.27,39.55862617492676,1.4301373713241752,142315.0,89.18,203264.0,
457,Random,0.3,80.5,88.84,39.78879380226135,1.4301373713241752,142315.0,89.18,203264.0,
531,Random,0.3,80.5,89.39,39.82136869430542,1.4301373713241752,142315.0,89.18,203264.0,
573,Random,0.3,80.5,88.88,39.98641300201416,1.4301373713241752,142315.0,89.18,203264.0,
235,Random,0.3,80.45,88.8,40.159741163253784,1.4301373713241752,142315.0,89.18,203264.0,
278,Random,0.3,80.45,89.28,40.26653552055359,1.4301373713241752,142315.0,89.18,203264.0,
346,Random,0.3,80.45,88.34,39.75380754470825,1.4301373713241752,142315.0,89.18,203264.0,
384,Random,0.3,80.45,89.65,39.871994733810425,1.4301373713241752,142315.0,89.18,203264.0,
770,Random,0.3,80.45,89.66,40.00440454483032,1.4301373713241752,142315.0,89.18,203264.0,
881,Random,0.3,80.45,88.87,39.99032211303711,1.4301373713241752,142315.0,89.18,203264.0,
982,Random,0.3,80.45,89.22,39.56548881530762,1.4301373713241752,142315.0,89.18,203264.0,
89,Random,0.3,80.4,89.5,39.74768543243408,1.4301373713241752,142315.0,89.18,203264.0,
203,Random,0.3,80.4,88.78,39.879512548446655,1.4301373713241752,142315.0,89.18,203264.0,
227,Random,0.3,80.4,89.59,40.01506161689758,1.4301373713241752,142315.0,89.18,203264.0,
302,Random,0.3,80.4,88.51,40.00746035575867,1.4301373713241752,142315.0,89.18,203264.0,
372,Random,0.3,80.4,89.21,40.043267011642456,1.4301373713241752,142315.0,89.18,203264.0,
682,Random,0.3,80.4,88.93,39.826680421829224,1.4301373713241752,142315.0,89.18,203264.0,
735,Random,0.3,80.4,88.13,39.85801696777344,1.4301373713241752,142315.0,89.18,203264.0,
842,Random,0.3,80.4,89.47,39.991066455841064,1.4301373713241752,142315.0,89.18,203264.0,
846,Random,0.3,80.4,88.9,40.016968965530396,1.4301373713241752,142315.0,89.18,203264.0,
876,Random,0.3,80.4,88.7,40.174763441085815,1.4301373713241752,142315.0,89.18,203264.0,
422,Random,0.3,80.4,88.4,39.803333044052124,1.4301373713241752,142315.0,89.18,203264.0,
546,Random,0.3,80.4,89.01,39.89605498313904,1.4301373713241752,142315.0,89.18,203264.0,
20,Random,0.3,80.35,88.78,39.93273901939392,1.4301373713241752,142315.0,89.18,203264.0,
80,Random,0.3,80.35,88.9,40.17324161529541,1.4301373713241752,142315.0,89.18,203264.0,
102,Random,0.3,80.35,89.02,39.541900873184204,1.4301373713241752,142315.0,89.18,203264.0,
239,Random,0.3,80.35,89.84,39.762683629989624,1.4301373713241752,142315.0,89.18,203264.0,
668,Random,0.3,80.35,89.23,39.906790256500244,1.4301373713241752,142315.0,89.18,203264.0,
689,Random,0.3,80.35,88.75,39.8557813167572,1.4301373713241752,142315.0,89.18,203264.0,
722,Random,0.3,80.35,89.33,40.08654856681824,1.4301373713241752,142315.0,89.18,203264.0,
733,Random,0.3,80.35,88.54,39.887529373168945,1.4301373713241752,142315.0,89.18,203264.0,
737,Random,0.3,80.35,88.62,39.468865633010864,1.4301373713241752,142315.0,89.18,203264.0,
950,Random,0.3,80.35,89.66,39.803210735321045,1.4301373713241752,142315.0,89.18,203264.0,
444,Random,0.3,80.35,88.62,39.92058038711548,1.4301373713241752,142315.0,89.18,203264.0,
28,Random,0.3,80.3,88.75,40.03979301452637,1.4301373713241752,142315.0,89.18,203264.0,
35,Random,0.3,80.3,89.74,39.91080617904663,1.4301373713241752,142315.0,89.18,203264.0,
322,Random,0.3,80.3,88.67,40.10947799682617,1.4301373713241752,142315.0,89.18,203264.0,
655,Random,0.3,80.3,89.31,39.78726553916931,1.4301373713241752,142315.0,89.18,203264.0,
674,Random,0.3,80.3,89.12,39.89617967605591,1.4301373713241752,142315.0,89.18,203264.0,
744,Random,0.3,80.3,89.22,40.24014925956726,1.4301373713241752,142315.0,89.18,203264.0,
499,Random,0.3,80.3,89.25,40.0187668800354,1.4301373713241752,142315.0,89.18,203264.0,
12,Random,0.3,80.25,89.39,39.70024013519287,1.4301373713241752,142315.0,89.18,203264.0,
107,Random,0.3,80.25,88.91,39.909618854522705,1.4301373713241752,142315.0,89.18,203264.0,
398,Random,0.3,80.25,89.22,39.918636083602905,1.4301373713241752,142315.0,89.18,203264.0,
604,Random,0.3,80.25,89.43,40.05304312705994,1.4301373713241752,142315.0,89.18,203264.0,
698,Random,0.3,80.25,88.93,39.8448588848114,1.4301373713241752,142315.0,89.18,203264.0,
724,Random,0.3,80.25,88.87,39.56047320365906,1.4301373713241752,142315.0,89.18,203264.0,
809,Random,0.3,80.25,88.88,39.79861545562744,1.4301373713241752,142315.0,89.18,203264.0,
401,Random,0.3,80.25,89.37,39.856091022491455,1.4301373713241752,142315.0,89.18,203264.0,
403,Random,0.3,80.25,87.86,40.37329435348511,1.4301373713241752,142315.0,89.18,203264.0,
572,Random,0.3,80.25,88.97,39.948479652404785,1.4301373713241752,142315.0,89.18,203264.0,
47,Random,0.3,80.2,89.82,39.478909969329834,1.4301373713241752,142315.0,89.18,203264.0,
103,Random,0.3,80.2,89.2,39.56706881523132,1.4301373713241752,142315.0,89.18,203264.0,
214,Random,0.3,80.2,87.71,39.96534204483032,1.4301373713241752,142315.0,89.18,203264.0,
286,Random,0.3,80.2,89.2,40.08512258529663,1.4301373713241752,142315.0,89.18,203264.0,
312,Random,0.3,80.2,89.38,40.12260675430298,1.4301373713241752,142315.0,89.18,203264.0,
333,Random,0.3,80.2,89.68,39.888638973236084,1.4301373713241752,142315.0,89.18,203264.0,
383,Random,0.3,80.2,88.99,39.52709102630615,1.4301373713241752,142315.0,89.18,203264.0,
611,Random,0.3,80.2,88.01,40.15128993988037,1.4301373713241752,142315.0,89.18,203264.0,
833,Random,0.3,80.2,89.07,40.01396584510803,1.4301373713241752,142315.0,89.18,203264.0,
550,Random,0.3,80.2,89.45,40.05383491516113,1.4301373713241752,142315.0,89.18,203264.0,
185,Random,0.3,80.15,88.94,39.98757004737854,1.4301373713241752,142315.0,89.18,203264.0,
233,Random,0.3,80.15,88.63,39.95726251602173,1.4301373713241752,142315.0,89.18,203264.0,
287,Random,0.3,80.15,88.91,39.96335530281067,1.4301373713241752,142315.0,89.18,203264.0,
329,Random,0.3,80.15,88.8,40.264739751815796,1.4301373713241752,142315.0,89.18,203264.0,
498,Random,0.3,80.15,89.72,40.00379300117493,1.4301373713241752,142315.0,89.18,203264.0,
565,Random,0.3,80.15,89.3,39.80859923362732,1.4301373713241752,142315.0,89.18,203264.0,
150,Random,0.3,80.1,88.9,39.81003952026367,1.4301373713241752,142315.0,89.18,203264.0,
394,Random,0.3,80.1,89.2,39.971184492111206,1.4301373713241752,142315.0,89.18,203264.0,
665,Random,0.3,80.1,89.53,39.98029446601868,1.4301373713241752,142315.0,89.18,203264.0,
857,Random,0.3,80.1,89.26,40.26489043235779,1.4301373713241752,142315.0,89.18,203264.0,
484,Random,0.3,80.1,89.11,39.73931622505188,1.4301373713241752,142315.0,89.18,203264.0,
115,Random,0.3,80.05,89.05,39.42791986465454,1.4301373713241752,142315.0,89.18,203264.0,
184,Random,0.3,80.05,89.26,39.930442810058594,1.4301373713241752,142315.0,89.18,203264.0,
209,Random,0.3,80.05,89.03,40.05619788169861,1.4301373713241752,142315.0,89.18,203264.0,
324,Random,0.3,80.05,89.33,40.06111717224121,1.4301373713241752,142315.0,89.18,203264.0,
700,Random,0.3,80.05,88.99,39.80475401878357,1.4301373713241752,142315.0,89.18,203264.0,
840,Random,0.3,80.05,89.33,39.817036867141724,1.4301373713241752,142315.0,89.18,203264.0,
1000,Random,0.3,80.05,89.08,39.893850326538086,1.4301373713241752,142315.0,89.18,203264.0,
421,Random,0.3,80.05,89.33,40.28154444694519,1.4301373713241752,142315.0,89.18,203264.0,
530,Random,0.3,80.05,89.62,39.97354197502136,1.4301373713241752,142315.0,89.18,203264.0,
91,Random,0.3,80.0,89.67,39.92527198791504,1.4301373713241752,142315.0,89.18,203264.0,
695,Random,0.3,80.0,89.2,39.82225155830383,1.4301373713241752,142315.0,89.18,203264.0,
825,Random,0.3,80.0,89.1,39.912057399749756,1.4301373713241752,142315.0,89.18,203264.0,
826,Random,0.3,80.0,89.19,39.91309332847595,1.4301373713241752,142315.0,89.18,203264.0,
40,Random,0.3,79.95,89.39,39.9171929359436,1.4301373713241752,142315.0,89.18,203264.0,
121,Random,0.3,79.95,89.43,39.881707191467285,1.4301373713241752,142315.0,89.18,203264.0,
156,Random,0.3,79.95,89.09,39.82275104522705,1.4301373713241752,142315.0,89.18,203264.0,
395,Random,0.3,79.95,89.5,39.7623245716095,1.4301373713241752,142315.0,89.18,203264.0,
603,Random,0.3,79.95,88.89,39.90224766731262,1.4301373713241752,142315.0,89.18,203264.0,
702,Random,0.3,79.95,89.51,39.828816652297974,1.4301373713241752,142315.0,89.18,203264.0,
802,Random,0.3,79.95,88.8,39.82643175125122,1.4301373713241752,142315.0,89.18,203264.0,
920,Random,0.3,79.95,89.21,39.83127999305725,1.4301373713241752,142315.0,89.18,203264.0,
995,Random,0.3,79.95,89.33,39.77261710166931,1.4301373713241752,142315.0,89.18,203264.0,
450,Random,0.3,79.95,89.46,40.08897590637207,1.4301373713241752,142315.0,89.18,203264.0,
520,Random,0.3,79.95,89.83,39.890663385391235,1.4301373713241752,142315.0,89.18,203264.0,
542,Random,0.3,79.95,89.14,39.8586528301239,1.4301373713241752,142315.0,89.18,203264.0,
559,Random,0.3,79.95,89.11,39.85259294509888,1.4301373713241752,142315.0,89.18,203264.0,
114,Random,0.3,79.9,88.71,39.714346408843994,1.4301373713241752,142315.0,89.18,203264.0,
226,Random,0.3,79.9,88.85,40.10053491592407,1.4301373713241752,142315.0,89.18,203264.0,
357,Random,0.3,79.9,89.34,39.9349684715271,1.4301373713241752,142315.0,89.18,203264.0,
687,Random,0.3,79.9,89.61,39.980668783187866,1.4301373713241752,142315.0,89.18,203264.0,
893,Random,0.3,79.9,88.67,40.18073058128357,1.4301373713241752,142315.0,89.18,203264.0,
451,Random,0.3,79.9,88.58,39.63451409339905,1.4301373713241752,142315.0,89.18,203264.0,
490,Random,0.3,79.9,88.99,40.113956689834595,1.4301373713241752,142315.0,89.18,203264.0,
566,Random,0.3,79.9,89.25,39.97477722167969,1.4301373713241752,142315.0,89.18,203264.0,
75,Random,0.3,79.85,89.01,39.946789264678955,1.4301373713241752,142315.0,89.18,203264.0,
243,Random,0.3,79.85,88.96,39.961453914642334,1.4301373713241752,142315.0,89.18,203264.0,
359,Random,0.3,79.85,89.29,39.90944719314575,1.4301373713241752,142315.0,89.18,203264.0,
670,Random,0.3,79.85,88.73,39.481181383132935,1.4301373713241752,142315.0,89.18,203264.0,
679,Random,0.3,79.85,88.92,39.97788071632385,1.4301373713241752,142315.0,89.18,203264.0,
795,Random,0.3,79.85,89.47,39.960416316986084,1.4301373713241752,142315.0,89.18,203264.0,
800,Random,0.3,79.85,89.29,39.96055316925049,1.4301373713241752,142315.0,89.18,203264.0,
813,Random,0.3,79.85,88.77,40.07081913948059,1.4301373713241752,142315.0,89.18,203264.0,
834,Random,0.3,79.85,88.83,40.28768014907837,1.4301373713241752,142315.0,89.18,203264.0,
838,Random,0.3,79.85,89.66,39.6178092956543,1.4301373713241752,142315.0,89.18,203264.0,
506,Random,0.3,79.85,88.73,39.5287663936615,1.4301373713241752,142315.0,89.18,203264.0,
538,Random,0.3,79.85,89.26,39.975844621658325,1.4301373713241752,142315.0,89.18,203264.0,
36,Random,0.3,79.8,88.38,39.99417233467102,1.4301373713241752,142315.0,89.18,203264.0,
95,Random,0.3,79.8,89.28,40.23366713523865,1.4301373713241752,142315.0,89.18,203264.0,
151,Random,0.3,79.8,89.1,40.24383091926575,1.4301373713241752,142315.0,89.18,203264.0,
823,Random,0.3,79.8,88.45,39.87217831611633,1.4301373713241752,142315.0,89.18,203264.0,
915,Random,0.3,79.8,88.38,39.97450804710388,1.4301373713241752,142315.0,89.18,203264.0,
921,Random,0.3,79.8,89.22,39.93506574630737,1.4301373713241752,142315.0,89.18,203264.0,
966,Random,0.3,79.8,89.24,40.589191198349,1.4301373713241752,142315.0,89.18,203264.0,
461,Random,0.3,79.8,88.98,40.41636323928833,1.4301373713241752,142315.0,89.18,203264.0,
171,Random,0.3,79.75,88.84,39.89462661743164,1.4301373713241752,142315.0,89.18,203264.0,
231,Random,0.3,79.75,89.24,39.57235145568848,1.4301373713241752,142315.0,89.18,203264.0,
335,Random,0.3,79.75,89.23,39.849016427993774,1.4301373713241752,142315.0,89.18,203264.0,
839,Random,0.3,79.75,88.37,40.385979413986206,1.4301373713241752,142315.0,89.18,203264.0,
948,Random,0.3,79.75,88.85,40.01848483085632,1.4301373713241752,142315.0,89.18,203264.0,
449,Random,0.3,79.75,89.0,39.92956876754761,1.4301373713241752,142315.0,89.18,203264.0,
510,Random,0.3,79.75,89.68,40.233561515808105,1.4301373713241752,142315.0,89.18,203264.0,
3,Random,0.3,79.7,88.68,39.88884711265564,1.4301373713241752,142315.0,89.18,203264.0,
94,Random,0.3,79.7,89.04,40.94389843940735,1.4301373713241752,142315.0,89.18,203264.0,
649,Random,0.3,79.7,89.27,40.36248993873596,1.4301373713241752,142315.0,89.18,203264.0,
106,Random,0.3,79.65,89.07,39.92435050010681,1.4301373713241752,142315.0,89.18,203264.0,
155,Random,0.3,79.65,89.23,39.61903691291809,1.4301373713241752,142315.0,89.18,203264.0,
353,Random,0.3,79.65,88.93,39.83111572265625,1.4301373713241752,142315.0,89.18,203264.0,
759,Random,0.3,79.65,89.02,40.38479948043823,1.4301373713241752,142315.0,89.18,203264.0,
851,Random,0.3,79.65,88.42,39.92042255401611,1.4301373713241752,142315.0,89.18,203264.0,
453,Random,0.3,79.65,89.18,39.72791838645935,1.4301373713241752,142315.0,89.18,203264.0,
463,Random,0.3,79.65,89.2,39.96659827232361,1.4301373713241752,142315.0,89.18,203264.0,
485,Random,0.3,79.65,89.2,39.75332546234131,1.4301373713241752,142315.0,89.18,203264.0,
10,Random,0.3,79.6,88.65,41.23492884635925,1.4301373713241752,142315.0,89.18,203264.0,
152,Random,0.3,79.6,89.15,39.92395734786987,1.4301373713241752,142315.0,89.18,203264.0,
183,Random,0.3,79.6,89.12,39.703991413116455,1.4301373713241752,142315.0,89.18,203264.0,
230,Random,0.3,79.6,89.68,39.95664024353027,1.4301373713241752,142315.0,89.18,203264.0,
630,Random,0.3,79.6,88.72,39.865744829177856,1.4301373713241752,142315.0,89.18,203264.0,
718,Random,0.3,79.6,89.34,40.59648013114929,1.4301373713241752,142315.0,89.18,203264.0,
545,Random,0.3,79.6,89.28,39.870455265045166,1.4301373713241752,142315.0,89.18,203264.0,
42,Random,0.3,79.55,89.18,39.69697642326355,1.4301373713241752,142315.0,89.18,203264.0,
100,Random,0.3,79.55,88.64,39.91333770751953,1.4301373713241752,142315.0,89.18,203264.0,
697,Random,0.3,79.55,88.89,39.80468797683716,1.4301373713241752,142315.0,89.18,203264.0,
454,Random,0.3,79.55,88.58,40.287269592285156,1.4301373713241752,142315.0,89.18,203264.0,
456,Random,0.3,79.55,89.46,39.907426595687866,1.4301373713241752,142315.0,89.18,203264.0,
645,Random,0.3,79.5,89.57,39.73647737503052,1.4301373713241752,142315.0,89.18,203264.0,
468,Random,0.3,79.5,88.51,39.89743757247925,1.4301373713241752,142315.0,89.18,203264.0,
554,Random,0.3,79.5,88.8,39.92078733444214,1.4301373713241752,142315.0,89.18,203264.0,
59,Random,0.3,79.45,88.99,40.300750970840454,1.4301373713241752,142315.0,89.18,203264.0,
207,Random,0.3,79.45,89.32,39.87182354927063,1.4301373713241752,142315.0,89.18,203264.0,
621,Random,0.3,79.45,88.54,39.85102701187134,1.4301373713241752,142315.0,89.18,203264.0,
910,Random,0.3,79.45,88.72,39.90599513053894,1.4301373713241752,142315.0,89.18,203264.0,
443,Random,0.3,79.45,89.6,39.8172664642334,1.4301373713241752,142315.0,89.18,203264.0,
472,Random,0.3,79.45,88.67,40.12084436416626,1.4301373713241752,142315.0,89.18,203264.0,
343,Random,0.3,79.4,89.78,39.82918119430542,1.4301373713241752,142315.0,89.18,203264.0,
391,Random,0.3,79.4,89.22,39.768962144851685,1.4301373713241752,142315.0,89.18,203264.0,
669,Random,0.3,79.4,90.23,40.019808292388916,1.4301373713241752,142315.0,89.18,203264.0,
896,Random,0.3,79.4,89.45,39.765002965927124,1.4301373713241752,142315.0,89.18,203264.0,
402,Random,0.3,79.4,88.62,40.17265558242798,1.4301373713241752,142315.0,89.18,203264.0,
15,Random,0.3,79.35,89.61,39.862952709198,1.4301373713241752,142315.0,89.18,203264.0,
142,Random,0.3,79.35,89.4,40.302597522735596,1.4301373713241752,142315.0,89.18,203264.0,
299,Random,0.3,79.35,89.13,39.9513463973999,1.4301373713241752,142315.0,89.18,203264.0,
338,Random,0.3,79.35,88.6,39.882768392562866,1.4301373713241752,142315.0,89.18,203264.0,
745,Random,0.3,79.35,89.24,40.14912414550781,1.4301373713241752,142315.0,89.18,203264.0,
781,Random,0.3,79.35,88.9,39.85786485671997,1.4301373713241752,142315.0,89.18,203264.0,
414,Random,0.3,79.35,89.14,40.29707145690918,1.4301373713241752,142315.0,89.18,203264.0,
371,Random,0.3,79.3,89.34,39.90666365623474,1.4301373713241752,142315.0,89.18,203264.0,
388,Random,0.3,79.3,88.95,39.55966091156006,1.4301373713241752,142315.0,89.18,203264.0,
436,Random,0.3,79.3,88.35,40.15288281440735,1.4301373713241752,142315.0,89.18,203264.0,
440,Random,0.3,79.3,88.76,39.851394176483154,1.4301373713241752,142315.0,89.18,203264.0,
39,Random,0.3,79.25,88.95,40.16289401054382,1.4301373713241752,142315.0,89.18,203264.0,
257,Random,0.3,79.25,88.97,39.84367108345032,1.4301373713241752,142315.0,89.18,203264.0,
269,Random,0.3,79.25,88.72,40.21834373474121,1.4301373713241752,142315.0,89.18,203264.0,
308,Random,0.3,79.25,88.64,40.0163836479187,1.4301373713241752,142315.0,89.18,203264.0,
734,Random,0.3,79.25,88.81,39.86747479438782,1.4301373713241752,142315.0,89.18,203264.0,
767,Random,0.3,79.25,88.41,39.971256256103516,1.4301373713241752,142315.0,89.18,203264.0,
821,Random,0.3,79.25,87.73,39.809834480285645,1.4301373713241752,142315.0,89.18,203264.0,
824,Random,0.3,79.25,89.16,39.73296666145325,1.4301373713241752,142315.0,89.18,203264.0,
875,Random,0.3,79.25,89.34,39.98994183540344,1.4301373713241752,142315.0,89.18,203264.0,
977,Random,0.3,79.25,89.32,39.84694194793701,1.4301373713241752,142315.0,89.18,203264.0,
418,Random,0.3,79.25,89.04,39.75441098213196,1.4301373713241752,142315.0,89.18,203264.0,
419,Random,0.3,79.25,89.04,39.81387376785278,1.4301373713241752,142315.0,89.18,203264.0,
581,Random,0.3,79.25,88.73,39.56361484527588,1.4301373713241752,142315.0,89.18,203264.0,
381,Random,0.3,79.2,89.18,40.025147438049316,1.4301373713241752,142315.0,89.18,203264.0,
626,Random,0.3,79.2,89.12,39.82312989234924,1.4301373713241752,142315.0,89.18,203264.0,
836,Random,0.3,79.2,88.84,39.72127413749695,1.4301373713241752,142315.0,89.18,203264.0,
464,Random,0.3,79.2,88.72,39.82088232040405,1.4301373713241752,142315.0,89.18,203264.0,
16,Random,0.3,79.15,88.43,39.84672713279724,1.4301373713241752,142315.0,89.18,203264.0,
323,Random,0.3,79.15,88.79,40.06430721282959,1.4301373713241752,142315.0,89.18,203264.0,
601,Random,0.3,79.15,89.84,39.829291582107544,1.4301373713241752,142315.0,89.18,203264.0,
686,Random,0.3,79.15,88.74,39.664894342422485,1.4301373713241752,142315.0,89.18,203264.0,
691,Random,0.3,79.15,89.1,39.775310754776,1.4301373713241752,142315.0,89.18,203264.0,
544,Random,0.3,79.15,89.11,39.46373462677002,1.4301373713241752,142315.0,89.18,203264.0,
576,Random,0.3,79.15,89.49,40.050854444503784,1.4301373713241752,142315.0,89.18,203264.0,
247,Random,0.3,79.1,89.08,39.87475800514221,1.4301373713241752,142315.0,89.18,203264.0,
747,Random,0.3,79.1,89.4,39.69581389427185,1.4301373713241752,142315.0,89.18,203264.0,
918,Random,0.3,79.1,88.89,39.780874729156494,1.4301373713241752,142315.0,89.18,203264.0,
939,Random,0.3,79.1,88.74,40.200379371643066,1.4301373713241752,142315.0,89.18,203264.0,
952,Random,0.3,79.1,89.33,40.0883731842041,1.4301373713241752,142315.0,89.18,203264.0,
495,Random,0.3,79.1,88.65,39.967368841171265,1.4301373713241752,142315.0,89.18,203264.0,
597,Random,0.3,79.1,89.39,39.70802450180054,1.4301373713241752,142315.0,89.18,203264.0,
58,Random,0.3,79.05,89.43,39.817185163497925,1.4301373713241752,142315.0,89.18,203264.0,
111,Random,0.3,79.05,88.49,40.06744313240051,1.4301373713241752,142315.0,89.18,203264.0,
796,Random,0.3,79.05,89.33,40.05347228050232,1.4301373713241752,142315.0,89.18,203264.0,
475,Random,0.3,79.05,88.75,39.88976001739502,1.4301373713241752,142315.0,89.18,203264.0,
509,Random,0.3,79.05,88.61,39.72003626823425,1.4301373713241752,142315.0,89.18,203264.0,
87,Random,0.3,79.0,88.73,39.89713215827942,1.4301373713241752,142315.0,89.18,203264.0,
119,Random,0.3,79.0,89.88,39.967507123947144,1.4301373713241752,142315.0,89.18,203264.0,
126,Random,0.3,79.0,88.77,40.29809880256653,1.4301373713241752,142315.0,89.18,203264.0,
236,Random,0.3,79.0,89.5,40.020150661468506,1.4301373713241752,142315.0,89.18,203264.0,
281,Random,0.3,79.0,89.68,39.78477191925049,1.4301373713241752,142315.0,89.18,203264.0,
871,Random,0.3,79.0,88.87,39.885252475738525,1.4301373713241752,142315.0,89.18,203264.0,
970,Random,0.3,79.0,88.44,40.13281059265137,1.4301373713241752,142315.0,89.18,203264.0,
773,Random,0.3,78.95,88.57,40.29660415649414,1.4301373713241752,142315.0,89.18,203264.0,
891,Random,0.3,78.95,88.96,39.928287506103516,1.4301373713241752,142315.0,89.18,203264.0,
491,Random,0.3,78.95,89.42,39.70377779006958,1.4301373713241752,142315.0,89.18,203264.0,
567,Random,0.3,78.95,88.68,39.85869264602661,1.4301373713241752,142315.0,89.18,203264.0,
590,Random,0.3,78.95,89.26,39.98022723197937,1.4301373713241752,142315.0,89.18,203264.0,
392,Random,0.3,78.9,89.15,40.61003828048706,1.4301373713241752,142315.0,89.18,203264.0,
673,Random,0.3,78.9,89.57,39.89325833320618,1.4301373713241752,142315.0,89.18,203264.0,
683,Random,0.3,78.9,88.66,39.780492067337036,1.4301373713241752,142315.0,89.18,203264.0,
866,Random,0.3,78.9,88.23,39.7971727848053,1.4301373713241752,142315.0,89.18,203264.0,
963,Random,0.3,78.9,88.74,39.87498950958252,1.4301373713241752,142315.0,89.18,203264.0,
477,Random,0.3,78.9,88.69,40.22432231903076,1.4301373713241752,142315.0,89.18,203264.0,
489,Random,0.3,78.9,89.1,39.94940757751465,1.4301373713241752,142315.0,89.18,203264.0,
62,Random,0.3,78.85,88.88,39.78306984901428,1.4301373713241752,142315.0,89.18,203264.0,
365,Random,0.3,78.85,88.75,39.79700517654419,1.4301373713241752,142315.0,89.18,203264.0,
368,Random,0.3,78.85,89.27,39.82084941864014,1.4301373713241752,142315.0,89.18,203264.0,
382,Random,0.3,78.85,89.31,40.19726276397705,1.4301373713241752,142315.0,89.18,203264.0,
816,Random,0.3,78.85,89.76,39.8567476272583,1.4301373713241752,142315.0,89.18,203264.0,
476,Random,0.3,78.85,89.39,39.76187181472778,1.4301373713241752,142315.0,89.18,203264.0,
63,Random,0.3,78.8,88.56,39.879653453826904,1.4301373713241752,142315.0,89.18,203264.0,
186,Random,0.3,78.8,88.34,39.90850043296814,1.4301373713241752,142315.0,89.18,203264.0,
390,Random,0.3,78.8,89.26,40.196813344955444,1.4301373713241752,142315.0,89.18,203264.0,
774,Random,0.3,78.8,88.68,39.796605348587036,1.4301373713241752,142315.0,89.18,203264.0,
898,Random,0.3,78.8,88.8,39.78066110610962,1.4301373713241752,142315.0,89.18,203264.0,
533,Random,0.3,78.8,88.64,39.87606692314148,1.4301373713241752,142315.0,89.18,203264.0,
589,Random,0.3,78.8,88.4,39.83357000350952,1.4301373713241752,142315.0,89.18,203264.0,
86,Random,0.3,78.75,88.58,40.066388845443726,1.4301373713241752,142315.0,89.18,203264.0,
213,Random,0.3,78.75,89.29,39.89462924003601,1.4301373713241752,142315.0,89.18,203264.0,
650,Random,0.3,78.75,88.85,39.777589321136475,1.4301373713241752,142315.0,89.18,203264.0,
658,Random,0.3,78.75,88.47,39.85402703285217,1.4301373713241752,142315.0,89.18,203264.0,
471,Random,0.3,78.75,89.16,39.882779598236084,1.4301373713241752,142315.0,89.18,203264.0,
262,Random,0.3,78.7,89.44,40.54966855049133,1.4301373713241752,142315.0,89.18,203264.0,
393,Random,0.3,78.7,89.17,39.838125467300415,1.4301373713241752,142315.0,89.18,203264.0,
714,Random,0.3,78.7,89.49,39.731282234191895,1.4301373713241752,142315.0,89.18,203264.0,
725,Random,0.3,78.7,89.15,39.8441481590271,1.4301373713241752,142315.0,89.18,203264.0,
732,Random,0.3,78.7,89.66,39.89755964279175,1.4301373713241752,142315.0,89.18,203264.0,
831,Random,0.3,78.7,89.19,40.24480962753296,1.4301373713241752,142315.0,89.18,203264.0,
923,Random,0.3,78.7,89.42,39.73639392852783,1.4301373713241752,142315.0,89.18,203264.0,
441,Random,0.3,78.7,89.39,39.73971486091614,1.4301373713241752,142315.0,89.18,203264.0,
8,Random,0.3,78.65,89.45,39.972272634506226,1.4301373713241752,142315.0,89.18,203264.0,
318,Random,0.3,78.65,89.38,40.154064655303955,1.4301373713241752,142315.0,89.18,203264.0,
326,Random,0.3,78.65,88.25,39.615628242492676,1.4301373713241752,142315.0,89.18,203264.0,
361,Random,0.3,78.65,89.51,39.4396014213562,1.4301373713241752,142315.0,89.18,203264.0,
684,Random,0.3,78.65,89.28,39.73755645751953,1.4301373713241752,142315.0,89.18,203264.0,
850,Random,0.3,78.65,89.14,39.92922258377075,1.4301373713241752,142315.0,89.18,203264.0,
903,Random,0.3,78.65,89.0,40.05995988845825,1.4301373713241752,142315.0,89.18,203264.0,
493,Random,0.3,78.65,88.87,40.58383321762085,1.4301373713241752,142315.0,89.18,203264.0,
144,Random,0.3,78.6,89.27,39.35844421386719,1.4301373713241752,142315.0,89.18,203264.0,
154,Random,0.3,78.6,87.12,39.30959963798523,1.4301373713241752,142315.0,89.18,203264.0,
641,Random,0.3,78.6,89.05,39.9626100063324,1.4301373713241752,142315.0,89.18,203264.0,
430,Random,0.3,78.6,88.85,40.088618993759155,1.4301373713241752,142315.0,89.18,203264.0,
547,Random,0.3,78.6,89.08,39.81233048439026,1.4301373713241752,142315.0,89.18,203264.0,
500,Random,0.3,78.6,89.14,40.344865560531616,1.4301373713241752,142315.0,89.18,203264.0,
139,Random,0.3,78.55,88.43,39.51731467247009,1.4301373713241752,142315.0,89.18,203264.0,
830,Random,0.3,78.55,89.08,39.93180704116821,1.4301373713241752,142315.0,89.18,203264.0,
900,Random,0.3,78.55,89.04,39.90549039840698,1.4301373713241752,142315.0,89.18,203264.0,
44,Random,0.3,78.5,89.83,39.81738567352295,1.4301373713241752,142315.0,89.18,203264.0,
609,Random,0.3,78.5,89.12,40.42787575721741,1.4301373713241752,142315.0,89.18,203264.0,
661,Random,0.3,78.5,89.2,39.60597777366638,1.4301373713241752,142315.0,89.18,203264.0,
804,Random,0.3,78.5,88.93,39.7464656829834,1.4301373713241752,142315.0,89.18,203264.0,
439,Random,0.3,78.5,89.14,39.831040143966675,1.4301373713241752,142315.0,89.18,203264.0,
166,Random,0.3,78.45,89.47,39.77572989463806,1.4301373713241752,142315.0,89.18,203264.0,
739,Random,0.3,78.45,88.54,40.24923515319824,1.4301373713241752,142315.0,89.18,203264.0,
819,Random,0.3,78.45,88.47,39.59964609146118,1.4301373713241752,142315.0,89.18,203264.0,
959,Random,0.3,78.45,89.4,39.55261707305908,1.4301373713241752,142315.0,89.18,203264.0,
473,Random,0.3,78.45,88.84,39.91479206085205,1.4301373713241752,142315.0,89.18,203264.0,
502,Random,0.3,78.45,89.74,39.8997848033905,1.4301373713241752,142315.0,89.18,203264.0,
99,Random,0.3,78.4,89.56,39.62855672836304,1.4301373713241752,142315.0,89.18,203264.0,
584,Random,0.3,78.45,89.91,40.22632026672363,1.4301373713241752,142315.0,89.18,203264.0,
131,Random,0.3,78.4,89.05,39.936763048172,1.4301373713241752,142315.0,89.18,203264.0,
215,Random,0.3,78.4,89.38,40.127084255218506,1.4301373713241752,142315.0,89.18,203264.0,
316,Random,0.3,78.4,88.42,40.049747467041016,1.4301373713241752,142315.0,89.18,203264.0,
985,Random,0.3,78.4,89.08,39.80784773826599,1.4301373713241752,142315.0,89.18,203264.0,
2,Random,0.3,78.35,89.12,40.117732524871826,1.4301373713241752,142315.0,89.18,203264.0,
124,Random,0.3,78.35,89.39,40.27805995941162,1.4301373713241752,142315.0,89.18,203264.0,
176,Random,0.3,78.35,89.01,40.0055046081543,1.4301373713241752,142315.0,89.18,203264.0,
483,Random,0.3,78.35,88.37,39.849462270736694,1.4301373713241752,142315.0,89.18,203264.0,
24,Random,0.3,78.3,88.6,39.7788360118866,1.4301373713241752,142315.0,89.18,203264.0,
53,Random,0.3,78.3,89.13,40.31456184387207,1.4301373713241752,142315.0,89.18,203264.0,
74,Random,0.3,78.3,89.07,39.87462902069092,1.4301373713241752,142315.0,89.18,203264.0,
277,Random,0.3,78.3,89.12,40.000986099243164,1.4301373713241752,142315.0,89.18,203264.0,
373,Random,0.3,78.3,88.9,39.98455095291138,1.4301373713241752,142315.0,89.18,203264.0,
379,Random,0.3,78.3,89.28,39.83855581283569,1.4301373713241752,142315.0,89.18,203264.0,
967,Random,0.3,78.3,88.56,40.1944260597229,1.4301373713241752,142315.0,89.18,203264.0,
987,Random,0.3,78.3,89.41,39.80252456665039,1.4301373713241752,142315.0,89.18,203264.0,
527,Random,0.3,78.3,88.43,40.179680585861206,1.4301373713241752,142315.0,89.18,203264.0,
595,Random,0.3,78.3,89.04,40.17254900932312,1.4301373713241752,142315.0,89.18,203264.0,
26,Random,0.3,78.25,89.72,39.70785999298096,1.4301373713241752,142315.0,89.18,203264.0,
219,Random,0.3,78.25,89.49,40.219661235809326,1.4301373713241752,142315.0,89.18,203264.0,
815,Random,0.3,78.25,88.03,39.827489614486694,1.4301373713241752,142315.0,89.18,203264.0,
832,Random,0.3,78.25,88.72,40.080448150634766,1.4301373713241752,142315.0,89.18,203264.0,
843,Random,0.3,78.2,89.37,40.03568625450134,1.4301373713241752,142315.0,89.18,203264.0,
889,Random,0.3,78.2,88.74,39.69689631462097,1.4301373713241752,142315.0,89.18,203264.0,
942,Random,0.3,78.2,89.04,40.43594145774841,1.4301373713241752,142315.0,89.18,203264.0,
447,Random,0.3,78.2,89.55,39.84707808494568,1.4301373713241752,142315.0,89.18,203264.0,
117,Random,0.3,78.15,89.42,39.84146785736084,1.4301373713241752,142315.0,89.18,203264.0,
622,Random,0.3,78.15,89.15,40.02627778053284,1.4301373713241752,142315.0,89.18,203264.0,
752,Random,0.3,78.15,89.39,39.69446921348572,1.4301373713241752,142315.0,89.18,203264.0,
873,Random,0.3,78.15,89.42,40.20401620864868,1.4301373713241752,142315.0,89.18,203264.0,
437,Random,0.3,78.15,89.71,39.86711406707764,1.4301373713241752,142315.0,89.18,203264.0,
283,Random,0.3,78.1,89.04,40.4177565574646,1.4301373713241752,142315.0,89.18,203264.0,
396,Random,0.3,78.1,89.8,39.860517501831055,1.4301373713241752,142315.0,89.18,203264.0,
237,Random,0.3,78.05,89.4,39.628488063812256,1.4301373713241752,142315.0,89.18,203264.0,
894,Random,0.3,78.05,89.67,40.043686389923096,1.4301373713241752,142315.0,89.18,203264.0,
929,Random,0.3,78.05,88.92,39.75631523132324,1.4301373713241752,142315.0,89.18,203264.0,
445,Random,0.3,78.05,89.19,40.13375544548035,1.4301373713241752,142315.0,89.18,203264.0,
217,Random,0.3,78.0,89.04,39.66840839385986,1.4301373713241752,142315.0,89.18,203264.0,
69,Random,0.3,78.0,89.38,39.88597297668457,1.4301373713241752,142315.0,89.18,203264.0,
289,Random,0.3,78.0,89.48,40.07870888710022,1.4301373713241752,142315.0,89.18,203264.0,
273,Random,0.3,77.95,89.27,39.760212421417236,1.4301373713241752,142315.0,89.18,203264.0,
352,Random,0.3,77.95,89.38,40.18536353111267,1.4301373713241752,142315.0,89.18,203264.0,
377,Random,0.3,77.95,88.89,39.797821044921875,1.4301373713241752,142315.0,89.18,203264.0,
788,Random,0.3,77.95,88.93,39.79769825935364,1.4301373713241752,142315.0,89.18,203264.0,
412,Random,0.3,77.95,89.73,40.097230434417725,1.4301373713241752,142315.0,89.18,203264.0,
577,Random,0.3,77.95,89.08,39.744205713272095,1.4301373713241752,142315.0,89.18,203264.0,
61,Random,0.3,77.9,89.24,39.63284420967102,1.4301373713241752,142315.0,89.18,203264.0,
926,Random,0.3,77.9,88.7,39.683494091033936,1.4301373713241752,142315.0,89.18,203264.0,
486,Random,0.3,77.9,89.11,39.749430656433105,1.4301373713241752,142315.0,89.18,203264.0,
48,Random,0.3,77.85,89.49,40.39578723907471,1.4301373713241752,142315.0,89.18,203264.0,
801,Random,0.3,77.85,89.12,39.79438400268555,1.4301373713241752,142315.0,89.18,203264.0,
856,Random,0.3,77.85,89.25,39.98959279060364,1.4301373713241752,142315.0,89.18,203264.0,
924,Random,0.3,77.85,88.48,39.76758599281311,1.4301373713241752,142315.0,89.18,203264.0,
976,Random,0.3,77.85,88.85,39.71664905548096,1.4301373713241752,142315.0,89.18,203264.0,
487,Random,0.3,77.8,88.62,40.15186882019043,1.4301373713241752,142315.0,89.18,203264.0,
592,Random,0.3,77.8,88.75,39.796475648880005,1.4301373713241752,142315.0,89.18,203264.0,
764,Random,0.3,77.75,88.54,39.560561180114746,1.4301373713241752,142315.0,89.18,203264.0,
934,Random,0.3,77.75,89.32,39.7363977432251,1.4301373713241752,142315.0,89.18,203264.0,
467,Random,0.3,77.75,88.39,39.71546530723572,1.4301373713241752,142315.0,89.18,203264.0,
583,Random,0.3,77.75,88.99,40.416309118270874,1.4301373713241752,142315.0,89.18,203264.0,
596,Random,0.3,77.75,89.6,39.68532872200012,1.4301373713241752,142315.0,89.18,203264.0,
232,Random,0.3,77.7,88.93,39.681336402893066,1.4301373713241752,142315.0,89.18,203264.0,
888,Random,0.3,77.7,89.18,39.70701003074646,1.4301373713241752,142315.0,89.18,203264.0,
404,Random,0.3,77.7,88.59,39.81921672821045,1.4301373713241752,142315.0,89.18,203264.0,
692,Random,0.3,77.65,89.11,40.32597827911377,1.4301373713241752,142315.0,89.18,203264.0,
884,Random,0.3,77.65,88.38,39.80356740951538,1.4301373713241752,142315.0,89.18,203264.0,
46,Random,0.3,77.6,88.18,39.892823219299316,1.4301373713241752,142315.0,89.18,203264.0,
138,Random,0.3,77.5,89.21,39.80947828292847,1.4301373713241752,142315.0,89.18,203264.0,
149,Random,0.3,77.5,89.6,39.835811138153076,1.4301373713241752,142315.0,89.18,203264.0,
750,Random,0.3,77.5,88.89,40.35982632637024,1.4301373713241752,142315.0,89.18,203264.0,
771,Random,0.3,77.5,88.94,39.768967151641846,1.4301373713241752,142315.0,89.18,203264.0,
887,Random,0.3,77.5,89.46,40.16922664642334,1.4301373713241752,142315.0,89.18,203264.0,
4,Random,0.3,77.45,88.39,39.83645057678223,1.4301373713241752,142315.0,89.18,203264.0,
386,Random,0.3,77.45,89.27,39.727378845214844,1.4301373713241752,142315.0,89.18,203264.0,
624,Random,0.3,77.45,88.99,40.279685974121094,1.4301373713241752,142315.0,89.18,203264.0,
651,Random,0.3,77.45,89.44,39.74675703048706,1.4301373713241752,142315.0,89.18,203264.0,
555,Random,0.3,77.45,89.4,40.408045053482056,1.4301373713241752,142315.0,89.18,203264.0,
268,Random,0.3,77.4,89.37,39.75319051742554,1.4301373713241752,142315.0,89.18,203264.0,
301,Random,0.3,77.4,89.35,39.76306438446045,1.4301373713241752,142315.0,89.18,203264.0,
315,Random,0.3,77.4,89.47,40.35008692741394,1.4301373713241752,142315.0,89.18,203264.0,
858,Random,0.3,77.4,88.94,39.77051782608032,1.4301373713241752,142315.0,89.18,203264.0,
954,Random,0.3,77.4,88.9,39.66447710990906,1.4301373713241752,142315.0,89.18,203264.0,
413,Random,0.3,77.4,88.95,39.73401665687561,1.4301373713241752,142315.0,89.18,203264.0,
600,Random,0.3,77.4,89.56,39.768460273742676,1.4301373713241752,142315.0,89.18,203264.0,
162,Random,0.3,77.35,88.91,40.34981870651245,1.4301373713241752,142315.0,89.18,203264.0,
364,Random,0.3,77.35,89.41,39.74186062812805,1.4301373713241752,142315.0,89.18,203264.0,
607,Random,0.3,77.35,89.2,39.847665786743164,1.4301373713241752,142315.0,89.18,203264.0,
367,Random,0.3,77.3,88.83,39.69349789619446,1.4301373713241752,142315.0,89.18,203264.0,
497,Random,0.3,77.25,89.31,39.866936683654785,1.4301373713241752,142315.0,89.18,203264.0,
33,Random,0.3,77.2,88.9,39.84202480316162,1.4301373713241752,142315.0,89.18,203264.0,
593,Random,0.3,77.25,88.27,40.37006449699402,1.4301373713241752,142315.0,89.18,203264.0,
43,Random,0.3,77.2,89.06,39.94601130485535,1.4301373713241752,142315.0,89.18,203264.0,
101,Random,0.3,77.2,89.46,39.78410291671753,1.4301373713241752,142315.0,89.18,203264.0,
276,Random,0.3,77.2,89.31,39.860085248947144,1.4301373713241752,142315.0,89.18,203264.0,
853,Random,0.3,77.2,89.11,40.062403202056885,1.4301373713241752,142315.0,89.18,203264.0,
906,Random,0.3,77.2,88.41,40.389299392700195,1.4301373713241752,142315.0,89.18,203264.0,
958,Random,0.3,77.2,89.49,39.91483926773071,1.4301373713241752,142315.0,89.18,203264.0,
785,Random,0.3,77.15,88.76,39.71207308769226,1.4301373713241752,142315.0,89.18,203264.0,
431,Random,0.3,77.15,89.45,40.032049894332886,1.4301373713241752,142315.0,89.18,203264.0,
806,Random,0.3,77.1,89.31,40.008432388305664,1.4301373713241752,142315.0,89.18,203264.0,
671,Random,0.3,77.05,89.08,40.27851581573486,1.4301373713241752,142315.0,89.18,203264.0,
516,Random,0.3,77.05,89.13,39.91382646560669,1.4301373713241752,142315.0,89.18,203264.0,
518,Random,0.3,77.05,88.77,39.676429986953735,1.4301373713241752,142315.0,89.18,203264.0,
120,Random,0.3,77.0,88.35,39.70469784736633,1.4301373713241752,142315.0,89.18,203264.0,
340,Random,0.3,77.0,88.94,40.051259994506836,1.4301373713241752,142315.0,89.18,203264.0,
675,Random,0.3,77.0,89.18,40.368574142456055,1.4301373713241752,142315.0,89.18,203264.0,
852,Random,0.3,77.0,89.19,39.91498136520386,1.4301373713241752,142315.0,89.18,203264.0,
867,Random,0.3,77.0,89.87,39.72740125656128,1.4301373713241752,142315.0,89.18,203264.0,
415,Random,0.3,77.0,89.12,39.77675652503967,1.4301373713241752,142315.0,89.18,203264.0,
258,Random,0.3,76.95,89.48,40.01689291000366,1.4301373713241752,142315.0,89.18,203264.0,
135,Random,0.3,76.9,89.03,40.37303876876831,1.4301373713241752,142315.0,89.18,203264.0,
189,Random,0.3,76.9,89.12,39.86060452461243,1.4301373713241752,142315.0,89.18,203264.0,
616,Random,0.3,76.85,89.27,39.701021909713745,1.4301373713241752,142315.0,89.18,203264.0,
947,Random,0.3,76.85,88.91,39.754427909851074,1.4301373713241752,142315.0,89.18,203264.0,
953,Random,0.3,76.85,89.0,40.10440111160278,1.4301373713241752,142315.0,89.18,203264.0,
761,Random,0.3,76.8,89.61,40.28644347190857,1.4301373713241752,142315.0,89.18,203264.0,
193,Random,0.3,76.75,89.52,39.998634338378906,1.4301373713241752,142315.0,89.18,203264.0,
317,Random,0.3,76.75,88.91,39.45557999610901,1.4301373713241752,142315.0,89.18,203264.0,
648,Random,0.3,76.75,88.54,39.6546676158905,1.4301373713241752,142315.0,89.18,203264.0,
841,Random,0.3,76.7,88.69,40.134966135025024,1.4301373713241752,142315.0,89.18,203264.0,
940,Random,0.3,76.7,89.3,40.51035523414612,1.4301373713241752,142315.0,89.18,203264.0,
245,Random,0.3,76.6,89.61,39.99421739578247,1.4301373713241752,142315.0,89.18,203264.0,
749,Random,0.3,76.6,89.07,39.62703084945679,1.4301373713241752,142315.0,89.18,203264.0,
865,Random,0.3,76.55,89.36,39.283204078674316,1.4301373713241752,142315.0,89.18,203264.0,
424,Random,0.3,76.5,89.15,39.79715585708618,1.4301373713241752,142315.0,89.18,203264.0,
817,Random,0.3,76.45,88.4,40.278109312057495,1.4301373713241752,142315.0,89.18,203264.0,
579,Random,0.3,76.45,89.38,39.88592052459717,1.4301373713241752,142315.0,89.18,203264.0,
636,Random,0.3,76.4,88.79,39.79824709892273,1.4301373713241752,142315.0,89.18,203264.0,
82,Random,0.3,76.35,89.02,39.6342978477478,1.4301373713241752,142315.0,89.18,203264.0,
448,Random,0.3,76.35,89.24,39.697991609573364,1.4301373713241752,142315.0,89.18,203264.0,
84,Random,0.3,76.3,88.23,40.1564884185791,1.4301373713241752,142315.0,89.18,203264.0,
854,Random,0.3,76.3,89.65,39.880077838897705,1.4301373713241752,142315.0,89.18,203264.0,
411,Random,0.3,76.3,89.16,39.823974609375,1.4301373713241752,142315.0,89.18,203264.0,
320,Random,0.3,76.15,89.17,39.94516658782959,1.4301373713241752,142315.0,89.18,203264.0,
406,Random,0.3,76.1,88.94,39.87248468399048,1.4301373713241752,142315.0,89.18,203264.0,
341,Random,0.3,76.05,89.24,40.019611120224,1.4301373713241752,142315.0,89.18,203264.0,
578,Random,0.3,76.0,88.74,39.976017236709595,1.4301373713241752,142315.0,89.18,203264.0,
988,Random,0.3,75.95,89.02,39.806299924850464,1.4301373713241752,142315.0,89.18,203264.0,
677,Random,0.3,75.9,88.88,39.92382740974426,1.4301373713241752,142315.0,89.18,203264.0,
880,Random,0.3,75.9,89.74,39.53530144691467,1.4301373713241752,142315.0,89.18,203264.0,
638,Random,0.3,75.85,89.36,40.084757566452026,1.4301373713241752,142315.0,89.18,203264.0,
387,Random,0.3,75.8,89.48,40.02875351905823,1.4301373713241752,142315.0,89.18,203264.0,
556,Random,0.3,75.8,89.17,40.01372933387756,1.4301373713241752,142315.0,89.18,203264.0,
168,Random,0.3,75.75,88.92,40.1561553478241,1.4301373713241752,142315.0,89.18,203264.0,
586,Random,0.3,75.7,88.69,39.80259346961975,1.4301373713241752,142315.0,89.18,203264.0,
864,Random,0.3,75.65,88.25,40.07443928718567,1.4301373713241752,142315.0,89.18,203264.0,
505,Random,0.3,75.65,89.17,39.99344873428345,1.4301373713241752,142315.0,89.18,203264.0,
712,Random,0.3,75.55,89.15,40.10565972328186,1.4301373713241752,142315.0,89.18,203264.0,
271,Random,0.3,75.4,89.11,39.952576875686646,1.4301373713241752,142315.0,89.18,203264.0,
789,Random,0.3,75.35,88.97,39.87310338020325,1.4301373713241752,142315.0,89.18,203264.0,
790,Random,0.3,75.3,88.86,40.44167470932007,1.4301373713241752,142315.0,89.18,203264.0,
253,Random,0.3,75.25,89.4,40.07501244544983,1.4301373713241752,142315.0,89.18,203264.0,
678,Random,0.3,75.2,89.17,39.981836557388306,1.4301373713241752,142315.0,89.18,203264.0,
380,Random,0.3,75.1,88.77,39.91242718696594,1.4301373713241752,142315.0,89.18,203264.0,
704,Random,0.3,75.1,88.67,39.893858671188354,1.4301373713241752,142315.0,89.18,203264.0,
535,Random,0.3,74.95,89.92,41.00820851325989,1.4301373713241752,142315.0,89.18,203264.0,
699,Random,0.3,74.9,89.07,40.137819051742554,1.4301373713241752,142315.0,89.18,203264.0,
481,Random,0.3,74.85,88.7,39.8987090587616,1.4301373713241752,142315.0,89.18,203264.0,
254,Random,0.3,74.7,89.31,39.94042682647705,1.4301373713241752,142315.0,89.18,203264.0,
342,Random,0.3,74.7,89.06,39.97059178352356,1.4301373713241752,142315.0,89.18,203264.0,
614,Random,0.3,74.6,88.36,40.12868642807007,1.4301373713241752,142315.0,89.18,203264.0,
474,Random,0.3,74.55,88.38,39.96859860420227,1.4301373713241752,142315.0,89.18,203264.0,
557,Random,0.3,74.55,89.83,39.89963984489441,1.4301373713241752,142315.0,89.18,203264.0,
442,Random,0.3,74.4,88.02,39.936522006988525,1.4301373713241752,142315.0,89.18,203264.0,
354,Random,0.3,74.3,89.12,39.849244356155396,1.4301373713241752,142315.0,89.18,203264.0,
672,Random,0.3,74.3,89.06,40.399407386779785,1.4301373713241752,142315.0,89.18,203264.0,
827,Random,0.3,74.2,89.28,39.91131806373596,1.4301373713241752,142315.0,89.18,203264.0,
17,Random,0.3,74.05,88.83,39.86773061752319,1.4301373713241752,142315.0,89.18,203264.0,
93,Random,0.3,73.95,89.72,39.819900035858154,1.4301373713241752,142315.0,89.18,203264.0,
420,Random,0.3,73.9,88.98,39.88561964035034,1.4301373713241752,142315.0,89.18,203264.0,
296,Random,0.3,73.85,88.71,40.67955827713013,1.4301373713241752,142315.0,89.18,203264.0,
707,Random,0.3,73.8,89.31,40.03149151802063,1.4301373713241752,142315.0,89.18,203264.0,
946,Random,0.3,73.75,89.02,39.91375541687012,1.4301373713241752,142315.0,89.18,203264.0,
496,Random,0.3,73.65,89.01,39.99604058265686,1.4301373713241752,142315.0,89.18,203264.0,
814,Random,0.3,73.4,88.89,39.81859493255615,1.4301373713241752,142315.0,89.18,203264.0,
18,Random,0.3,73.2,89.43,40.69048190116882,1.4301373713241752,142315.0,89.18,203264.0,
972,Random,0.3,73.15,88.92,40.01936435699463,1.4301373713241752,142315.0,89.18,203264.0,
522,Random,0.3,73.15,88.89,39.99844288825989,1.4301373713241752,142315.0,89.18,203264.0,
112,Random,0.3,72.55,88.66,39.86533522605896,1.4301373713241752,142315.0,89.18,203264.0,
259,Random,0.3,71.85,88.76,39.79103970527649,1.4301373713241752,142315.0,89.18,203264.0,
922,Random,0.3,71.65,89.01,40.44147777557373,1.4301373713241752,142315.0,89.18,203264.0,
1,Spectral,0.3,,88.29,25.421579599380493,1.422192718887569,143110.0,89.18,203264.0,142920.0
900,Random,0.4,83.2,88.06,40.81816101074219,1.6731472728020058,121645.0,89.18,203264.0,
557,Random,0.4,82.2,88.67,40.41324996948242,1.6731472728020058,121645.0,89.18,203264.0,
364,Random,0.4,82.25,88.4,40.57202339172363,1.6731472728020058,121645.0,89.18,203264.0,
343,Random,0.4,83.6,89.52,41.136329889297485,1.6731472728020058,121645.0,89.18,203264.0,
222,Random,0.4,81.85,88.68,40.881489992141724,1.6731472728020058,121645.0,89.18,203264.0,
806,Random,0.4,81.65,89.08,40.023029088974,1.6731472728020058,121645.0,89.18,203264.0,
722,Random,0.4,81.85,89.59,40.14540195465088,1.6731472728020058,121645.0,89.18,203264.0,
478,Random,0.4,81.75,89.41,39.95963430404663,1.6731472728020058,121645.0,89.18,203264.0,
956,Random,0.4,81.45,89.06,40.11877703666687,1.6731472728020058,121645.0,89.18,203264.0,
483,Random,0.4,81.45,89.48,40.35583543777466,1.6731472728020058,121645.0,89.18,203264.0,
515,Random,0.4,81.35,87.93,40.1601459980011,1.6731472728020058,121645.0,89.18,203264.0,
830,Random,0.4,81.25,89.38,39.917571783065796,1.6731472728020058,121645.0,89.18,203264.0,
77,Random,0.4,81.25,88.68,39.90897226333618,1.6731472728020058,121645.0,89.18,203264.0,
26,Random,0.4,81.4,88.86,40.14703631401062,1.6731472728020058,121645.0,89.18,203264.0,
563,Random,0.4,81.25,88.63,40.636476039886475,1.6731472728020058,121645.0,89.18,203264.0,
764,Random,0.4,81.1,89.03,39.74970078468323,1.6731472728020058,121645.0,89.18,203264.0,
259,Random,0.4,81.2,88.62,40.16441035270691,1.6731472728020058,121645.0,89.18,203264.0,
481,Random,0.4,81.15,88.33,39.9575514793396,1.6731472728020058,121645.0,89.18,203264.0,
882,Random,0.4,81.1,88.89,40.14684057235718,1.6731472728020058,121645.0,89.18,203264.0,
355,Random,0.4,81.05,89.15,40.10546803474426,1.6731472728020058,121645.0,89.18,203264.0,
350,Random,0.4,81.0,88.56,39.9196240901947,1.6731472728020058,121645.0,89.18,203264.0,
647,Random,0.4,80.95,88.56,40.160078287124634,1.6731472728020058,121645.0,89.18,203264.0,
76,Random,0.4,80.9,88.43,39.94276785850525,1.6731472728020058,121645.0,89.18,203264.0,
315,Random,0.4,80.9,89.14,40.00990080833435,1.6731472728020058,121645.0,89.18,203264.0,
867,Random,0.4,80.9,88.44,40.15619087219238,1.6731472728020058,121645.0,89.18,203264.0,
340,Random,0.4,80.85,89.01,39.95531940460205,1.6731472728020058,121645.0,89.18,203264.0,
788,Random,0.4,80.8,88.69,40.069698333740234,1.6731472728020058,121645.0,89.18,203264.0,
663,Random,0.4,80.75,89.08,39.942163705825806,1.6731472728020058,121645.0,89.18,203264.0,
682,Random,0.4,80.7,88.95,40.026071310043335,1.6731472728020058,121645.0,89.18,203264.0,
977,Random,0.4,80.65,88.3,40.10823965072632,1.6731472728020058,121645.0,89.18,203264.0,
549,Random,0.4,80.65,88.99,39.870760917663574,1.6731472728020058,121645.0,89.18,203264.0,
108,Random,0.4,80.5,88.62,40.02195334434509,1.6731472728020058,121645.0,89.18,203264.0,
126,Random,0.4,80.5,88.88,40.00798153877258,1.6731472728020058,121645.0,89.18,203264.0,
774,Random,0.4,80.45,89.42,39.92033123970032,1.6731472728020058,121645.0,89.18,203264.0,
175,Random,0.4,80.4,88.35,40.15374803543091,1.6731472728020058,121645.0,89.18,203264.0,
373,Random,0.4,80.4,89.39,39.774680376052856,1.6731472728020058,121645.0,89.18,203264.0,
487,Random,0.4,80.4,89.18,39.90772747993469,1.6731472728020058,121645.0,89.18,203264.0,
518,Random,0.4,80.4,88.35,39.84314274787903,1.6731472728020058,121645.0,89.18,203264.0,
800,Random,0.4,80.35,88.79,39.86937618255615,1.6731472728020058,121645.0,89.18,203264.0,
824,Random,0.4,80.35,88.69,40.12205100059509,1.6731472728020058,121645.0,89.18,203264.0,
835,Random,0.4,80.35,89.13,39.817556381225586,1.6731472728020058,121645.0,89.18,203264.0,
464,Random,0.4,80.35,88.78,40.073044300079346,1.6731472728020058,121645.0,89.18,203264.0,
521,Random,0.4,80.3,89.2,39.78233790397644,1.6731472728020058,121645.0,89.18,203264.0,
668,Random,0.4,80.3,89.32,39.84559869766235,1.6731472728020058,121645.0,89.18,203264.0,
604,Random,0.4,80.25,89.07,40.14340686798096,1.6731472728020058,121645.0,89.18,203264.0,
976,Random,0.4,80.25,89.02,39.75314712524414,1.6731472728020058,121645.0,89.18,203264.0,
422,Random,0.4,80.25,89.15,39.76424551010132,1.6731472728020058,121645.0,89.18,203264.0,
1000,Random,0.4,80.25,88.91,39.93199133872986,1.6731472728020058,121645.0,89.18,203264.0,
133,Random,0.4,80.2,88.67,39.97925138473511,1.6731472728020058,121645.0,89.18,203264.0,
153,Random,0.4,80.2,88.29,40.259764671325684,1.6731472728020058,121645.0,89.18,203264.0,
879,Random,0.4,80.15,88.52,40.02583646774292,1.6731472728020058,121645.0,89.18,203264.0,
694,Random,0.4,80.05,89.17,40.06640362739563,1.6731472728020058,121645.0,89.18,203264.0,
328,Random,0.4,80.05,88.85,40.02326536178589,1.6731472728020058,121645.0,89.18,203264.0,
455,Random,0.4,80.15,89.08,40.05289840698242,1.6731472728020058,121645.0,89.18,203264.0,
353,Random,0.4,80.0,88.44,40.263293981552124,1.6731472728020058,121645.0,89.18,203264.0,
606,Random,0.4,80.0,88.44,40.10328435897827,1.6731472728020058,121645.0,89.18,203264.0,
880,Random,0.4,80.0,89.51,40.0567626953125,1.6731472728020058,121645.0,89.18,203264.0,
419,Random,0.4,80.0,88.6,40.09258556365967,1.6731472728020058,121645.0,89.18,203264.0,
614,Random,0.4,79.95,89.1,40.06672668457031,1.6731472728020058,121645.0,89.18,203264.0,
138,Random,0.4,79.9,88.43,40.16663384437561,1.6731472728020058,121645.0,89.18,203264.0,
589,Random,0.4,79.9,88.32,39.94274973869324,1.6731472728020058,121645.0,89.18,203264.0,
233,Random,0.4,79.85,88.78,40.025126218795776,1.6731472728020058,121645.0,89.18,203264.0,
270,Random,0.4,79.8,88.96,40.04931044578552,1.6731472728020058,121645.0,89.18,203264.0,
321,Random,0.4,79.8,88.53,40.013999462127686,1.6731472728020058,121645.0,89.18,203264.0,
377,Random,0.4,79.8,89.2,40.20183563232422,1.6731472728020058,121645.0,89.18,203264.0,
772,Random,0.4,79.8,87.84,39.994964599609375,1.6731472728020058,121645.0,89.18,203264.0,
930,Random,0.4,79.8,89.25,40.09598207473755,1.6731472728020058,121645.0,89.18,203264.0,
723,Random,0.4,79.75,88.92,40.11806869506836,1.6731472728020058,121645.0,89.18,203264.0,
210,Random,0.4,79.75,89.1,40.17804837226868,1.6731472728020058,121645.0,89.18,203264.0,
831,Random,0.4,79.75,89.1,40.279627561569214,1.6731472728020058,121645.0,89.18,203264.0,
229,Random,0.4,79.7,89.04,39.954911947250366,1.6731472728020058,121645.0,89.18,203264.0,
256,Random,0.4,79.7,89.01,39.99869346618652,1.6731472728020058,121645.0,89.18,203264.0,
815,Random,0.4,79.7,88.33,39.982966899871826,1.6731472728020058,121645.0,89.18,203264.0,
819,Random,0.4,79.65,88.9,40.08408975601196,1.6731472728020058,121645.0,89.18,203264.0,
405,Random,0.4,79.65,88.9,40.20568132400513,1.6731472728020058,121645.0,89.18,203264.0,
183,Random,0.4,79.6,89.31,39.97795820236206,1.6731472728020058,121645.0,89.18,203264.0,
836,Random,0.4,79.6,89.08,40.15895628929138,1.6731472728020058,121645.0,89.18,203264.0,
911,Random,0.4,79.6,89.04,40.097283124923706,1.6731472728020058,121645.0,89.18,203264.0,
451,Random,0.4,79.6,88.98,40.27949619293213,1.6731472728020058,121645.0,89.18,203264.0,
146,Random,0.4,79.55,88.35,40.14434337615967,1.6731472728020058,121645.0,89.18,203264.0,
223,Random,0.4,79.55,89.6,39.813515186309814,1.6731472728020058,121645.0,89.18,203264.0,
335,Random,0.4,79.55,89.18,40.150086402893066,1.6731472728020058,121645.0,89.18,203264.0,
336,Random,0.4,79.55,89.01,39.94508981704712,1.6731472728020058,121645.0,89.18,203264.0,
940,Random,0.4,79.55,89.06,40.12273454666138,1.6731472728020058,121645.0,89.18,203264.0,
993,Random,0.4,79.55,89.54,40.14794659614563,1.6731472728020058,121645.0,89.18,203264.0,
288,Random,0.4,79.5,89.05,39.86358308792114,1.6731472728020058,121645.0,89.18,203264.0,
693,Random,0.4,79.5,88.68,40.092612981796265,1.6731472728020058,121645.0,89.18,203264.0,
707,Random,0.4,79.5,88.57,39.95813536643982,1.6731472728020058,121645.0,89.18,203264.0,
718,Random,0.4,79.5,88.04,40.042031049728394,1.6731472728020058,121645.0,89.18,203264.0,
760,Random,0.4,79.5,89.03,40.247305154800415,1.6731472728020058,121645.0,89.18,203264.0,
7,Random,0.4,79.45,88.61,39.94066405296326,1.6731472728020058,121645.0,89.18,203264.0,
172,Random,0.4,79.45,87.43,40.10707402229309,1.6731472728020058,121645.0,89.18,203264.0,
933,Random,0.4,79.45,88.69,40.125080585479736,1.6731472728020058,121645.0,89.18,203264.0,
957,Random,0.4,79.4,89.02,40.16632604598999,1.6731472728020058,121645.0,89.18,203264.0,
447,Random,0.4,79.4,88.78,40.1864492893219,1.6731472728020058,121645.0,89.18,203264.0,
538,Random,0.4,79.4,88.97,39.82155084609985,1.6731472728020058,121645.0,89.18,203264.0,
120,Random,0.4,79.35,89.61,40.01089549064636,1.6731472728020058,121645.0,89.18,203264.0,
556,Random,0.4,79.4,88.61,40.16698598861694,1.6731472728020058,121645.0,89.18,203264.0,
283,Random,0.4,79.35,89.53,40.099745988845825,1.6731472728020058,121645.0,89.18,203264.0,
358,Random,0.4,79.35,88.61,40.080726623535156,1.6731472728020058,121645.0,89.18,203264.0,
711,Random,0.4,79.35,88.47,39.8173623085022,1.6731472728020058,121645.0,89.18,203264.0,
935,Random,0.4,79.35,89.46,40.03239583969116,1.6731472728020058,121645.0,89.18,203264.0,
501,Random,0.4,79.35,89.6,40.10881423950195,1.6731472728020058,121645.0,89.18,203264.0,
512,Random,0.4,79.35,88.65,40.05641460418701,1.6731472728020058,121645.0,89.18,203264.0,
513,Random,0.4,79.35,89.25,40.198304176330566,1.6731472728020058,121645.0,89.18,203264.0,
768,Random,0.4,79.3,88.0,39.95759987831116,1.6731472728020058,121645.0,89.18,203264.0,
856,Random,0.4,79.3,89.11,40.166481256484985,1.6731472728020058,121645.0,89.18,203264.0,
100,Random,0.4,79.25,89.24,40.07972598075867,1.6731472728020058,121645.0,89.18,203264.0,
162,Random,0.4,79.25,88.96,40.05282521247864,1.6731472728020058,121645.0,89.18,203264.0,
237,Random,0.4,79.25,88.97,40.142263889312744,1.6731472728020058,121645.0,89.18,203264.0,
439,Random,0.4,79.25,88.05,39.99700665473938,1.6731472728020058,121645.0,89.18,203264.0,
530,Random,0.4,79.25,89.02,40.075557470321655,1.6731472728020058,121645.0,89.18,203264.0,
747,Random,0.4,79.2,88.52,40.05165243148804,1.6731472728020058,121645.0,89.18,203264.0,
947,Random,0.4,79.2,89.1,40.0022759437561,1.6731472728020058,121645.0,89.18,203264.0,
406,Random,0.4,79.2,88.43,40.25121021270752,1.6731472728020058,121645.0,89.18,203264.0,
507,Random,0.4,79.2,88.26,39.90334105491638,1.6731472728020058,121645.0,89.18,203264.0,
106,Random,0.4,79.15,89.28,40.02597975730896,1.6731472728020058,121645.0,89.18,203264.0,
525,Random,0.4,79.2,88.5,40.093870639801025,1.6731472728020058,121645.0,89.18,203264.0,
134,Random,0.4,79.15,87.78,40.07603907585144,1.6731472728020058,121645.0,89.18,203264.0,
266,Random,0.4,79.15,88.36,40.163896799087524,1.6731472728020058,121645.0,89.18,203264.0,
282,Random,0.4,79.15,89.28,39.975937366485596,1.6731472728020058,121645.0,89.18,203264.0,
949,Random,0.4,79.15,89.06,39.99182081222534,1.6731472728020058,121645.0,89.18,203264.0,
395,Random,0.4,79.15,89.55,40.050880432128906,1.6731472728020058,121645.0,89.18,203264.0,
488,Random,0.4,79.15,88.81,40.08926320075989,1.6731472728020058,121645.0,89.18,203264.0,
575,Random,0.4,79.15,89.01,40.07144904136658,1.6731472728020058,121645.0,89.18,203264.0,
39,Random,0.4,79.1,89.31,39.60123682022095,1.6731472728020058,121645.0,89.18,203264.0,
624,Random,0.4,79.1,88.88,40.00022101402283,1.6731472728020058,121645.0,89.18,203264.0,
88,Random,0.4,79.1,89.18,40.19432973861694,1.6731472728020058,121645.0,89.18,203264.0,
653,Random,0.4,79.1,89.15,40.084125995635986,1.6731472728020058,121645.0,89.18,203264.0,
749,Random,0.4,79.1,89.09,40.071927070617676,1.6731472728020058,121645.0,89.18,203264.0,
759,Random,0.4,79.1,88.57,40.56303596496582,1.6731472728020058,121645.0,89.18,203264.0,
771,Random,0.4,79.1,88.59,40.10228943824768,1.6731472728020058,121645.0,89.18,203264.0,
572,Random,0.4,79.1,89.01,40.14929413795471,1.6731472728020058,121645.0,89.18,203264.0,
680,Random,0.4,79.05,88.29,40.11577010154724,1.6731472728020058,121645.0,89.18,203264.0,
493,Random,0.4,79.05,88.96,40.1309769153595,1.6731472728020058,121645.0,89.18,203264.0,
139,Random,0.4,79.0,88.88,40.00013780593872,1.6731472728020058,121645.0,89.18,203264.0,
163,Random,0.4,79.0,89.41,40.01427435874939,1.6731472728020058,121645.0,89.18,203264.0,
255,Random,0.4,79.0,89.16,40.133785009384155,1.6731472728020058,121645.0,89.18,203264.0,
265,Random,0.4,79.0,88.3,39.967835903167725,1.6731472728020058,121645.0,89.18,203264.0,
804,Random,0.4,79.0,89.38,40.09347319602966,1.6731472728020058,121645.0,89.18,203264.0,
898,Random,0.4,79.0,89.41,40.11015605926514,1.6731472728020058,121645.0,89.18,203264.0,
117,Random,0.4,78.95,89.25,40.02887272834778,1.6731472728020058,121645.0,89.18,203264.0,
148,Random,0.4,78.95,89.22,39.9057514667511,1.6731472728020058,121645.0,89.18,203264.0,
214,Random,0.4,78.95,88.98,40.059449911117554,1.6731472728020058,121645.0,89.18,203264.0,
260,Random,0.4,78.95,89.0,40.099360704422,1.6731472728020058,121645.0,89.18,203264.0,
721,Random,0.4,78.95,87.75,40.040154457092285,1.6731472728020058,121645.0,89.18,203264.0,
765,Random,0.4,78.95,88.78,40.05335879325867,1.6731472728020058,121645.0,89.18,203264.0,
787,Random,0.4,78.95,88.43,39.96965432167053,1.6731472728020058,121645.0,89.18,203264.0,
198,Random,0.4,78.9,88.62,40.04557180404663,1.6731472728020058,121645.0,89.18,203264.0,
303,Random,0.4,78.9,88.59,40.08953881263733,1.6731472728020058,121645.0,89.18,203264.0,
717,Random,0.4,78.9,88.85,40.02246832847595,1.6731472728020058,121645.0,89.18,203264.0,
732,Random,0.4,78.9,89.19,40.11427330970764,1.6731472728020058,121645.0,89.18,203264.0,
430,Random,0.4,78.9,88.49,40.04642581939697,1.6731472728020058,121645.0,89.18,203264.0,
520,Random,0.4,78.9,87.49,40.09315729141235,1.6731472728020058,121645.0,89.18,203264.0,
539,Random,0.4,78.9,88.67,40.198352098464966,1.6731472728020058,121645.0,89.18,203264.0,
57,Random,0.4,78.85,88.56,40.18254780769348,1.6731472728020058,121645.0,89.18,203264.0,
94,Random,0.4,78.85,88.68,40.07979679107666,1.6731472728020058,121645.0,89.18,203264.0,
347,Random,0.4,78.85,88.54,40.01506805419922,1.6731472728020058,121645.0,89.18,203264.0,
852,Random,0.4,78.85,89.36,40.192100286483765,1.6731472728020058,121645.0,89.18,203264.0,
925,Random,0.4,78.85,87.68,40.19001889228821,1.6731472728020058,121645.0,89.18,203264.0,
78,Random,0.4,78.8,88.78,40.06717228889465,1.6731472728020058,121645.0,89.18,203264.0,
955,Random,0.4,78.8,88.28,39.96173930168152,1.6731472728020058,121645.0,89.18,203264.0,
968,Random,0.4,78.8,88.87,40.02641940116882,1.6731472728020058,121645.0,89.18,203264.0,
598,Random,0.4,78.8,88.95,40.10565209388733,1.6731472728020058,121645.0,89.18,203264.0,
182,Random,0.4,78.75,88.66,40.084513902664185,1.6731472728020058,121645.0,89.18,203264.0,
236,Random,0.4,78.75,89.05,39.538774728775024,1.6731472728020058,121645.0,89.18,203264.0,
697,Random,0.4,78.75,88.29,39.957337617874146,1.6731472728020058,121645.0,89.18,203264.0,
399,Random,0.4,78.75,89.13,40.07194209098816,1.6731472728020058,121645.0,89.18,203264.0,
728,Random,0.4,78.75,88.45,40.03416895866394,1.6731472728020058,121645.0,89.18,203264.0,
973,Random,0.4,78.75,89.22,40.14485716819763,1.6731472728020058,121645.0,89.18,203264.0,
496,Random,0.4,78.75,89.37,39.95677709579468,1.6731472728020058,121645.0,89.18,203264.0,
189,Random,0.4,78.7,89.69,39.96632719039917,1.6731472728020058,121645.0,89.18,203264.0,
551,Random,0.4,78.75,89.17,40.12825536727905,1.6731472728020058,121645.0,89.18,203264.0,
211,Random,0.4,78.7,89.14,40.08711290359497,1.6731472728020058,121645.0,89.18,203264.0,
801,Random,0.4,78.7,88.84,40.08578133583069,1.6731472728020058,121645.0,89.18,203264.0,
166,Random,0.4,78.65,88.94,39.823588371276855,1.6731472728020058,121645.0,89.18,203264.0,
195,Random,0.4,78.65,88.9,39.97302579879761,1.6731472728020058,121645.0,89.18,203264.0,
224,Random,0.4,78.65,89.25,40.04070281982422,1.6731472728020058,121645.0,89.18,203264.0,
280,Random,0.4,78.65,88.99,40.069690227508545,1.6731472728020058,121645.0,89.18,203264.0,
895,Random,0.4,78.65,88.99,40.07804727554321,1.6731472728020058,121645.0,89.18,203264.0,
49,Random,0.4,78.6,88.62,39.41219186782837,1.6731472728020058,121645.0,89.18,203264.0,
87,Random,0.4,78.6,89.29,39.79408097267151,1.6731472728020058,121645.0,89.18,203264.0,
114,Random,0.4,78.6,88.87,39.903586626052856,1.6731472728020058,121645.0,89.18,203264.0,
156,Random,0.4,78.6,89.06,40.01446080207825,1.6731472728020058,121645.0,89.18,203264.0,
194,Random,0.4,78.6,88.73,40.071988344192505,1.6731472728020058,121645.0,89.18,203264.0,
615,Random,0.4,78.6,87.9,39.87695527076721,1.6731472728020058,121645.0,89.18,203264.0,
677,Random,0.4,78.6,88.95,39.53914523124695,1.6731472728020058,121645.0,89.18,203264.0,
741,Random,0.4,78.6,89.49,39.524943351745605,1.6731472728020058,121645.0,89.18,203264.0,
502,Random,0.4,78.6,88.79,39.637322187423706,1.6731472728020058,121645.0,89.18,203264.0,
608,Random,0.4,78.55,89.05,39.661701917648315,1.6731472728020058,121645.0,89.18,203264.0,
906,Random,0.4,78.55,88.64,39.86403822898865,1.6731472728020058,121645.0,89.18,203264.0,
914,Random,0.4,78.55,89.56,39.88230895996094,1.6731472728020058,121645.0,89.18,203264.0,
969,Random,0.4,78.55,88.88,40.02680492401123,1.6731472728020058,121645.0,89.18,203264.0,
981,Random,0.4,78.55,88.72,39.94183969497681,1.6731472728020058,121645.0,89.18,203264.0,
410,Random,0.4,78.55,89.19,40.053372859954834,1.6731472728020058,121645.0,89.18,203264.0,
205,Random,0.4,78.5,88.61,40.110925912857056,1.6731472728020058,121645.0,89.18,203264.0,
681,Random,0.4,78.5,89.11,39.992194175720215,1.6731472728020058,121645.0,89.18,203264.0,
814,Random,0.4,78.5,88.08,40.018272161483765,1.6731472728020058,121645.0,89.18,203264.0,
834,Random,0.4,78.5,89.29,39.94887137413025,1.6731472728020058,121645.0,89.18,203264.0,
560,Random,0.4,78.5,89.27,40.539958477020264,1.6731472728020058,121645.0,89.18,203264.0,
582,Random,0.4,78.5,88.38,40.1599063873291,1.6731472728020058,121645.0,89.18,203264.0,
231,Random,0.4,78.45,88.68,40.064762115478516,1.6731472728020058,121645.0,89.18,203264.0,
387,Random,0.4,78.45,88.67,40.02650332450867,1.6731472728020058,121645.0,89.18,203264.0,
617,Random,0.4,78.45,89.08,40.49052047729492,1.6731472728020058,121645.0,89.18,203264.0,
936,Random,0.4,78.45,89.02,40.100364208221436,1.6731472728020058,121645.0,89.18,203264.0,
429,Random,0.4,78.45,88.25,40.57335877418518,1.6731472728020058,121645.0,89.18,203264.0,
201,Random,0.4,78.4,88.86,39.6811318397522,1.6731472728020058,121645.0,89.18,203264.0,
281,Random,0.4,78.4,89.1,39.66606664657593,1.6731472728020058,121645.0,89.18,203264.0,
348,Random,0.4,78.4,89.09,39.72498083114624,1.6731472728020058,121645.0,89.18,203264.0,
559,Random,0.4,78.4,88.29,40.06850624084473,1.6731472728020058,121645.0,89.18,203264.0,
68,Random,0.4,78.35,89.32,40.15718936920166,1.6731472728020058,121645.0,89.18,203264.0,
371,Random,0.4,78.35,89.21,40.096967697143555,1.6731472728020058,121645.0,89.18,203264.0,
651,Random,0.4,78.35,88.79,40.07447600364685,1.6731472728020058,121645.0,89.18,203264.0,
837,Random,0.4,78.35,89.3,40.450368881225586,1.6731472728020058,121645.0,89.18,203264.0,
889,Random,0.4,78.35,89.01,40.07329320907593,1.6731472728020058,121645.0,89.18,203264.0,
919,Random,0.4,78.35,89.22,40.08499336242676,1.6731472728020058,121645.0,89.18,203264.0,
465,Random,0.4,78.35,88.68,39.91860508918762,1.6731472728020058,121645.0,89.18,203264.0,
566,Random,0.4,78.35,88.61,39.677345991134644,1.6731472728020058,121645.0,89.18,203264.0,
20,Random,0.4,78.3,89.03,39.70193433761597,1.6731472728020058,121645.0,89.18,203264.0,
252,Random,0.4,78.3,88.85,39.770509481430054,1.6731472728020058,121645.0,89.18,203264.0,
633,Random,0.4,78.3,88.75,40.004549503326416,1.6731472728020058,121645.0,89.18,203264.0,
641,Random,0.4,78.3,88.88,40.17879605293274,1.6731472728020058,121645.0,89.18,203264.0,
794,Random,0.4,78.3,88.95,40.118624210357666,1.6731472728020058,121645.0,89.18,203264.0,
826,Random,0.4,78.3,89.11,40.14325952529907,1.6731472728020058,121645.0,89.18,203264.0,
838,Random,0.4,78.3,87.76,39.84801197052002,1.6731472728020058,121645.0,89.18,203264.0,
912,Random,0.4,78.3,88.98,40.01256966590881,1.6731472728020058,121645.0,89.18,203264.0,
267,Random,0.4,78.25,89.19,40.089094161987305,1.6731472728020058,121645.0,89.18,203264.0,
645,Random,0.4,78.25,89.1,40.02459502220154,1.6731472728020058,121645.0,89.18,203264.0,
975,Random,0.4,78.25,88.64,40.08760738372803,1.6731472728020058,121645.0,89.18,203264.0,
73,Random,0.4,78.2,89.07,40.10814189910889,1.6731472728020058,121645.0,89.18,203264.0,
634,Random,0.4,78.2,89.46,39.93329095840454,1.6731472728020058,121645.0,89.18,203264.0,
669,Random,0.4,78.2,88.58,39.99444031715393,1.6731472728020058,121645.0,89.18,203264.0,
860,Random,0.4,78.2,89.06,39.92896580696106,1.6731472728020058,121645.0,89.18,203264.0,
873,Random,0.4,78.2,89.16,40.022475242614746,1.6731472728020058,121645.0,89.18,203264.0,
972,Random,0.4,78.2,88.99,39.63790512084961,1.6731472728020058,121645.0,89.18,203264.0,
599,Random,0.4,78.2,88.02,39.92428469657898,1.6731472728020058,121645.0,89.18,203264.0,
325,Random,0.4,78.15,89.0,39.966060638427734,1.6731472728020058,121645.0,89.18,203264.0,
390,Random,0.4,78.15,88.68,40.017679929733276,1.6731472728020058,121645.0,89.18,203264.0,
828,Random,0.4,78.15,88.66,40.10314154624939,1.6731472728020058,121645.0,89.18,203264.0,
870,Random,0.4,78.15,89.05,40.154128074645996,1.6731472728020058,121645.0,89.18,203264.0,
474,Random,0.4,78.15,89.22,40.01424288749695,1.6731472728020058,121645.0,89.18,203264.0,
542,Random,0.4,78.15,89.2,40.043132066726685,1.6731472728020058,121645.0,89.18,203264.0,
12,Random,0.4,78.1,88.86,39.98786115646362,1.6731472728020058,121645.0,89.18,203264.0,
35,Random,0.4,78.1,89.09,40.04187870025635,1.6731472728020058,121645.0,89.18,203264.0,
287,Random,0.4,78.1,89.52,40.06047987937927,1.6731472728020058,121645.0,89.18,203264.0,
381,Random,0.4,78.1,88.15,39.95698809623718,1.6731472728020058,121645.0,89.18,203264.0,
33,Random,0.4,78.05,88.37,39.94198226928711,1.6731472728020058,121645.0,89.18,203264.0,
112,Random,0.4,78.05,89.31,39.88099646568298,1.6731472728020058,121645.0,89.18,203264.0,
242,Random,0.4,78.05,88.99,39.93997383117676,1.6731472728020058,121645.0,89.18,203264.0,
719,Random,0.4,78.05,89.37,39.64481830596924,1.6731472728020058,121645.0,89.18,203264.0,
823,Random,0.4,78.05,89.01,39.944472789764404,1.6731472728020058,121645.0,89.18,203264.0,
915,Random,0.4,78.05,89.03,39.965167760849,1.6731472728020058,121645.0,89.18,203264.0,
876,Random,0.4,78.05,89.04,40.08137583732605,1.6731472728020058,121645.0,89.18,203264.0,
208,Random,0.4,78.0,89.17,40.06411170959473,1.6731472728020058,121645.0,89.18,203264.0,
291,Random,0.4,78.0,89.02,39.762863874435425,1.6731472728020058,121645.0,89.18,203264.0,
629,Random,0.4,78.0,88.67,39.8305459022522,1.6731472728020058,121645.0,89.18,203264.0,
766,Random,0.4,78.0,89.65,39.781492471694946,1.6731472728020058,121645.0,89.18,203264.0,
752,Random,0.4,78.0,89.36,39.87834358215332,1.6731472728020058,121645.0,89.18,203264.0,
790,Random,0.4,78.0,88.93,39.900392055511475,1.6731472728020058,121645.0,89.18,203264.0,
853,Random,0.4,78.0,88.76,40.00911617279053,1.6731472728020058,121645.0,89.18,203264.0,
404,Random,0.4,78.0,88.69,39.928420543670654,1.6731472728020058,121645.0,89.18,203264.0,
482,Random,0.4,78.0,88.85,39.857638359069824,1.6731472728020058,121645.0,89.18,203264.0,
130,Random,0.4,77.95,89.27,39.96534490585327,1.6731472728020058,121645.0,89.18,203264.0,
219,Random,0.4,77.95,88.48,39.91447305679321,1.6731472728020058,121645.0,89.18,203264.0,
250,Random,0.4,77.95,88.45,40.012085914611816,1.6731472728020058,121645.0,89.18,203264.0,
331,Random,0.4,77.95,88.62,40.119706869125366,1.6731472728020058,121645.0,89.18,203264.0,
342,Random,0.4,77.95,88.68,39.958579778671265,1.6731472728020058,121645.0,89.18,203264.0,
622,Random,0.4,77.95,89.02,39.892438888549805,1.6731472728020058,121645.0,89.18,203264.0,
644,Random,0.4,77.95,89.15,39.90245795249939,1.6731472728020058,121645.0,89.18,203264.0,
737,Random,0.4,77.95,89.75,40.0466468334198,1.6731472728020058,121645.0,89.18,203264.0,
881,Random,0.4,77.95,89.33,39.958463191986084,1.6731472728020058,121645.0,89.18,203264.0,
278,Random,0.4,77.9,87.93,39.742759704589844,1.6731472728020058,121645.0,89.18,203264.0,
959,Random,0.4,77.95,88.36,39.91869044303894,1.6731472728020058,121645.0,89.18,203264.0,
398,Random,0.4,77.9,89.05,39.86647582054138,1.6731472728020058,121645.0,89.18,203264.0,
619,Random,0.4,77.9,88.99,39.908188581466675,1.6731472728020058,121645.0,89.18,203264.0,
119,Random,0.4,77.85,88.92,39.94204807281494,1.6731472728020058,121645.0,89.18,203264.0,
142,Random,0.4,77.85,88.61,39.899760007858276,1.6731472728020058,121645.0,89.18,203264.0,
121,Random,0.4,77.85,89.36,39.96225023269653,1.6731472728020058,121645.0,89.18,203264.0,
186,Random,0.4,77.85,88.54,39.91576433181763,1.6731472728020058,121645.0,89.18,203264.0,
384,Random,0.4,77.85,88.17,40.093273639678955,1.6731472728020058,121645.0,89.18,203264.0,
887,Random,0.4,77.85,89.27,40.08877444267273,1.6731472728020058,121645.0,89.18,203264.0,
413,Random,0.4,77.85,88.6,39.88132166862488,1.6731472728020058,121645.0,89.18,203264.0,
581,Random,0.4,77.85,89.39,39.92297697067261,1.6731472728020058,121645.0,89.18,203264.0,
244,Random,0.4,77.8,88.09,39.9466347694397,1.6731472728020058,121645.0,89.18,203264.0,
316,Random,0.4,77.8,88.12,40.08862900733948,1.6731472728020058,121645.0,89.18,203264.0,
333,Random,0.4,77.8,88.93,40.025750398635864,1.6731472728020058,121645.0,89.18,203264.0,
941,Random,0.4,77.8,89.29,39.909844636917114,1.6731472728020058,121645.0,89.18,203264.0,
460,Random,0.4,77.8,88.07,39.9553542137146,1.6731472728020058,121645.0,89.18,203264.0,
569,Random,0.4,77.8,89.04,40.01189374923706,1.6731472728020058,121645.0,89.18,203264.0,
246,Random,0.4,77.75,88.36,40.008967876434326,1.6731472728020058,121645.0,89.18,203264.0,
620,Random,0.4,77.75,88.75,40.24884510040283,1.6731472728020058,121645.0,89.18,203264.0,
791,Random,0.4,77.75,87.4,39.94760203361511,1.6731472728020058,121645.0,89.18,203264.0,
929,Random,0.4,77.75,88.69,39.937331438064575,1.6731472728020058,121645.0,89.18,203264.0,
449,Random,0.4,77.75,88.34,40.09738039970398,1.6731472728020058,121645.0,89.18,203264.0,
491,Random,0.4,77.75,88.73,40.03138089179993,1.6731472728020058,121645.0,89.18,203264.0,
91,Random,0.4,77.7,88.56,40.14147162437439,1.6731472728020058,121645.0,89.18,203264.0,
170,Random,0.4,77.7,89.07,39.941550970077515,1.6731472728020058,121645.0,89.18,203264.0,
185,Random,0.4,77.7,88.38,39.904051303863525,1.6731472728020058,121645.0,89.18,203264.0,
292,Random,0.4,77.7,89.16,40.02296495437622,1.6731472728020058,121645.0,89.18,203264.0,
552,Random,0.4,77.7,88.41,39.977662086486816,1.6731472728020058,121645.0,89.18,203264.0,
16,Random,0.4,77.65,88.76,39.989906787872314,1.6731472728020058,121645.0,89.18,203264.0,
731,Random,0.4,77.65,89.06,39.83955121040344,1.6731472728020058,121645.0,89.18,203264.0,
19,Random,0.4,77.65,89.25,39.91839289665222,1.6731472728020058,121645.0,89.18,203264.0,
767,Random,0.4,77.65,88.13,40.10486578941345,1.6731472728020058,121645.0,89.18,203264.0,
877,Random,0.4,77.65,88.84,39.995059967041016,1.6731472728020058,121645.0,89.18,203264.0,
883,Random,0.4,77.65,88.98,40.207860231399536,1.6731472728020058,121645.0,89.18,203264.0,
435,Random,0.4,77.65,89.33,39.97526788711548,1.6731472728020058,121645.0,89.18,203264.0,
443,Random,0.4,77.65,88.97,40.20909309387207,1.6731472728020058,121645.0,89.18,203264.0,
523,Random,0.4,77.65,88.97,40.041932344436646,1.6731472728020058,121645.0,89.18,203264.0,
587,Random,0.4,77.65,89.01,40.069287061691284,1.6731472728020058,121645.0,89.18,203264.0,
58,Random,0.4,77.6,89.66,40.18433094024658,1.6731472728020058,121645.0,89.18,203264.0,
110,Random,0.4,77.6,89.02,39.984612464904785,1.6731472728020058,121645.0,89.18,203264.0,
204,Random,0.4,77.6,88.67,40.020822286605835,1.6731472728020058,121645.0,89.18,203264.0,
324,Random,0.4,77.6,88.19,40.03308653831482,1.6731472728020058,121645.0,89.18,203264.0,
354,Random,0.4,77.6,88.77,39.97910690307617,1.6731472728020058,121645.0,89.18,203264.0,
918,Random,0.4,77.6,88.96,40.082833766937256,1.6731472728020058,121645.0,89.18,203264.0,
924,Random,0.4,77.6,88.74,40.14575695991516,1.6731472728020058,121645.0,89.18,203264.0,
966,Random,0.4,77.6,89.62,39.854769706726074,1.6731472728020058,121645.0,89.18,203264.0,
494,Random,0.4,77.6,89.51,39.96586084365845,1.6731472728020058,121645.0,89.18,203264.0,
21,Random,0.4,77.55,89.16,39.970203161239624,1.6731472728020058,121645.0,89.18,203264.0,
113,Random,0.4,77.55,88.2,40.167449951171875,1.6731472728020058,121645.0,89.18,203264.0,
271,Random,0.4,77.55,89.37,39.84773087501526,1.6731472728020058,121645.0,89.18,203264.0,
268,Random,0.4,77.55,88.84,39.896427631378174,1.6731472728020058,121645.0,89.18,203264.0,
379,Random,0.4,77.55,88.26,39.932169675827026,1.6731472728020058,121645.0,89.18,203264.0,
607,Random,0.4,77.55,88.16,39.995219707489014,1.6731472728020058,121645.0,89.18,203264.0,
740,Random,0.4,77.55,89.4,39.97370266914368,1.6731472728020058,121645.0,89.18,203264.0,
934,Random,0.4,77.55,88.88,39.836705923080444,1.6731472728020058,121645.0,89.18,203264.0,
743,Random,0.4,77.55,89.07,39.944026470184326,1.6731472728020058,121645.0,89.18,203264.0,
989,Random,0.4,77.55,89.08,39.932936906814575,1.6731472728020058,121645.0,89.18,203264.0,
441,Random,0.4,77.55,88.77,39.9590265750885,1.6731472728020058,121645.0,89.18,203264.0,
118,Random,0.4,77.5,88.95,40.63430452346802,1.6731472728020058,121645.0,89.18,203264.0,
372,Random,0.4,77.5,88.42,39.97108507156372,1.6731472728020058,121645.0,89.18,203264.0,
301,Random,0.4,77.5,89.04,40.65327262878418,1.6731472728020058,121645.0,89.18,203264.0,
623,Random,0.4,77.5,88.83,40.10412240028381,1.6731472728020058,121645.0,89.18,203264.0,
655,Random,0.4,77.5,87.76,40.05932855606079,1.6731472728020058,121645.0,89.18,203264.0,
674,Random,0.4,77.5,89.05,40.08052349090576,1.6731472728020058,121645.0,89.18,203264.0,
756,Random,0.4,77.5,89.73,40.006696462631226,1.6731472728020058,121645.0,89.18,203264.0,
776,Random,0.4,77.5,88.44,39.882731914520264,1.6731472728020058,121645.0,89.18,203264.0,
944,Random,0.4,77.5,89.19,40.05064415931702,1.6731472728020058,121645.0,89.18,203264.0,
13,Random,0.4,77.45,89.24,40.040560722351074,1.6731472728020058,121645.0,89.18,203264.0,
102,Random,0.4,77.45,88.8,39.96993947029114,1.6731472728020058,121645.0,89.18,203264.0,
152,Random,0.4,77.45,88.9,40.085970878601074,1.6731472728020058,121645.0,89.18,203264.0,
212,Random,0.4,77.45,89.13,40.012101888656616,1.6731472728020058,121645.0,89.18,203264.0,
313,Random,0.4,77.45,89.2,40.09545874595642,1.6731472728020058,121645.0,89.18,203264.0,
320,Random,0.4,77.45,88.67,40.089365005493164,1.6731472728020058,121645.0,89.18,203264.0,
799,Random,0.4,77.45,88.43,39.941322803497314,1.6731472728020058,121645.0,89.18,203264.0,
871,Random,0.4,77.45,88.84,39.95173192024231,1.6731472728020058,121645.0,89.18,203264.0,
954,Random,0.4,77.45,89.48,40.1336669921875,1.6731472728020058,121645.0,89.18,203264.0,
65,Random,0.4,77.4,87.36,40.0800576210022,1.6731472728020058,121645.0,89.18,203264.0,
965,Random,0.4,77.4,88.87,39.9122314453125,1.6731472728020058,121645.0,89.18,203264.0,
25,Random,0.4,77.35,88.75,39.99778366088867,1.6731472728020058,121645.0,89.18,203264.0,
38,Random,0.4,77.35,88.54,40.03062629699707,1.6731472728020058,121645.0,89.18,203264.0,
238,Random,0.4,77.35,89.52,40.08641338348389,1.6731472728020058,121645.0,89.18,203264.0,
609,Random,0.4,77.35,88.2,40.18442964553833,1.6731472728020058,121645.0,89.18,203264.0,
654,Random,0.4,77.35,88.63,40.07674717903137,1.6731472728020058,121645.0,89.18,203264.0,
659,Random,0.4,77.35,88.52,39.950384855270386,1.6731472728020058,121645.0,89.18,203264.0,
770,Random,0.4,77.35,89.41,39.98629140853882,1.6731472728020058,121645.0,89.18,203264.0,
499,Random,0.4,77.35,88.76,39.92160248756409,1.6731472728020058,121645.0,89.18,203264.0,
537,Random,0.4,77.35,89.13,40.00393104553223,1.6731472728020058,121645.0,89.18,203264.0,
573,Random,0.4,77.35,89.0,40.13432574272156,1.6731472728020058,121645.0,89.18,203264.0,
261,Random,0.4,77.3,88.79,40.29492235183716,1.6731472728020058,121645.0,89.18,203264.0,
374,Random,0.4,77.3,88.48,40.00235676765442,1.6731472728020058,121645.0,89.18,203264.0,
779,Random,0.4,77.3,88.79,39.93596792221069,1.6731472728020058,121645.0,89.18,203264.0,
980,Random,0.4,77.3,88.74,39.997329235076904,1.6731472728020058,121645.0,89.18,203264.0,
2,Random,0.4,77.25,88.11,39.97847318649292,1.6731472728020058,121645.0,89.18,203264.0,
46,Random,0.4,77.25,89.02,39.96025824546814,1.6731472728020058,121645.0,89.18,203264.0,
220,Random,0.4,77.25,89.49,39.903533935546875,1.6731472728020058,121645.0,89.18,203264.0,
232,Random,0.4,77.25,88.58,39.84899306297302,1.6731472728020058,121645.0,89.18,203264.0,
284,Random,0.4,77.25,88.57,39.90284180641174,1.6731472728020058,121645.0,89.18,203264.0,
317,Random,0.4,77.25,88.74,40.00563287734985,1.6731472728020058,121645.0,89.18,203264.0,
842,Random,0.4,77.25,88.06,40.13481068611145,1.6731472728020058,121645.0,89.18,203264.0,
897,Random,0.4,77.25,89.12,40.05285859107971,1.6731472728020058,121645.0,89.18,203264.0,
910,Random,0.4,77.25,89.06,39.90127372741699,1.6731472728020058,121645.0,89.18,203264.0,
446,Random,0.4,77.25,89.02,40.000938177108765,1.6731472728020058,121645.0,89.18,203264.0,
36,Random,0.4,77.2,89.24,40.02235960960388,1.6731472728020058,121645.0,89.18,203264.0,
181,Random,0.4,77.2,88.7,39.89631152153015,1.6731472728020058,121645.0,89.18,203264.0,
848,Random,0.4,77.2,89.02,40.00578045845032,1.6731472728020058,121645.0,89.18,203264.0,
942,Random,0.4,77.2,89.45,39.87149691581726,1.6731472728020058,121645.0,89.18,203264.0,
403,Random,0.4,77.2,89.15,39.9411301612854,1.6731472728020058,121645.0,89.18,203264.0,
553,Random,0.4,77.2,88.91,40.056066036224365,1.6731472728020058,121645.0,89.18,203264.0,
554,Random,0.4,77.2,88.99,39.919883251190186,1.6731472728020058,121645.0,89.18,203264.0,
127,Random,0.4,77.15,88.91,39.98570466041565,1.6731472728020058,121645.0,89.18,203264.0,
618,Random,0.4,77.15,89.15,39.97942280769348,1.6731472728020058,121645.0,89.18,203264.0,
637,Random,0.4,77.15,88.61,39.952202558517456,1.6731472728020058,121645.0,89.18,203264.0,
639,Random,0.4,77.15,88.99,40.08101010322571,1.6731472728020058,121645.0,89.18,203264.0,
678,Random,0.4,77.15,89.28,39.974530935287476,1.6731472728020058,121645.0,89.18,203264.0,
285,Random,0.4,77.1,88.89,40.04299449920654,1.6731472728020058,121645.0,89.18,203264.0,
310,Random,0.4,77.1,89.33,39.988972902297974,1.6731472728020058,121645.0,89.18,203264.0,
344,Random,0.4,77.1,88.73,40.01268553733826,1.6731472728020058,121645.0,89.18,203264.0,
396,Random,0.4,77.1,88.28,40.01146125793457,1.6731472728020058,121645.0,89.18,203264.0,
891,Random,0.4,77.1,89.51,39.92108464241028,1.6731472728020058,121645.0,89.18,203264.0,
535,Random,0.4,77.1,89.13,39.959091663360596,1.6731472728020058,121645.0,89.18,203264.0,
579,Random,0.4,77.1,88.78,39.9822735786438,1.6731472728020058,121645.0,89.18,203264.0,
177,Random,0.4,77.05,87.99,40.00894069671631,1.6731472728020058,121645.0,89.18,203264.0,
249,Random,0.4,77.05,87.81,40.00930976867676,1.6731472728020058,121645.0,89.18,203264.0,
661,Random,0.4,77.05,88.73,39.91358470916748,1.6731472728020058,121645.0,89.18,203264.0,
724,Random,0.4,77.05,89.12,39.96609592437744,1.6731472728020058,121645.0,89.18,203264.0,
983,Random,0.4,77.05,89.53,39.919219970703125,1.6731472728020058,121645.0,89.18,203264.0,
456,Random,0.4,77.05,88.74,39.88496804237366,1.6731472728020058,121645.0,89.18,203264.0,
461,Random,0.4,77.05,88.47,40.020286560058594,1.6731472728020058,121645.0,89.18,203264.0,
586,Random,0.4,77.05,88.81,39.923494815826416,1.6731472728020058,121645.0,89.18,203264.0,
176,Random,0.4,77.0,87.28,40.062942028045654,1.6731472728020058,121645.0,89.18,203264.0,
676,Random,0.4,77.0,88.49,39.94011831283569,1.6731472728020058,121645.0,89.18,203264.0,
985,Random,0.4,77.0,88.85,40.00240182876587,1.6731472728020058,121645.0,89.18,203264.0,
434,Random,0.4,77.0,88.93,39.97673034667969,1.6731472728020058,121645.0,89.18,203264.0,
466,Random,0.4,77.0,88.2,39.62743854522705,1.6731472728020058,121645.0,89.18,203264.0,
30,Random,0.4,76.95,89.31,39.7853569984436,1.6731472728020058,121645.0,89.18,203264.0,
708,Random,0.4,76.95,88.91,39.87694478034973,1.6731472728020058,121645.0,89.18,203264.0,
850,Random,0.4,76.95,88.95,40.42477202415466,1.6731472728020058,121645.0,89.18,203264.0,
475,Random,0.4,76.95,88.02,40.11703157424927,1.6731472728020058,121645.0,89.18,203264.0,
522,Random,0.4,76.95,89.11,40.097944259643555,1.6731472728020058,121645.0,89.18,203264.0,
391,Random,0.4,76.9,88.91,40.0152051448822,1.6731472728020058,121645.0,89.18,203264.0,
334,Random,0.4,76.9,88.93,40.148470878601074,1.6731472728020058,121645.0,89.18,203264.0,
777,Random,0.4,76.9,88.69,40.37033224105835,1.6731472728020058,121645.0,89.18,203264.0,
816,Random,0.4,76.9,88.81,39.9878888130188,1.6731472728020058,121645.0,89.18,203264.0,
938,Random,0.4,76.9,88.58,39.62390351295471,1.6731472728020058,121645.0,89.18,203264.0,
54,Random,0.4,76.85,88.88,39.92455983161926,1.6731472728020058,121645.0,89.18,203264.0,
62,Random,0.4,76.85,89.02,39.94743299484253,1.6731472728020058,121645.0,89.18,203264.0,
107,Random,0.4,76.85,89.66,40.20060086250305,1.6731472728020058,121645.0,89.18,203264.0,
129,Random,0.4,76.85,87.75,40.002145767211914,1.6731472728020058,121645.0,89.18,203264.0,
179,Random,0.4,76.85,89.47,39.57278776168823,1.6731472728020058,121645.0,89.18,203264.0,
300,Random,0.4,76.85,87.95,39.65921759605408,1.6731472728020058,121645.0,89.18,203264.0,
672,Random,0.4,76.85,88.55,39.941863775253296,1.6731472728020058,121645.0,89.18,203264.0,
899,Random,0.4,76.85,89.24,39.91981363296509,1.6731472728020058,121645.0,89.18,203264.0,
418,Random,0.4,76.85,89.19,40.09021210670471,1.6731472728020058,121645.0,89.18,203264.0,
517,Random,0.4,76.85,89.24,39.72345972061157,1.6731472728020058,121645.0,89.18,203264.0,
6,Random,0.4,76.8,88.32,39.616098165512085,1.6731472728020058,121645.0,89.18,203264.0,
234,Random,0.4,76.8,88.01,39.5293447971344,1.6731472728020058,121645.0,89.18,203264.0,
272,Random,0.4,76.8,89.4,39.99463677406311,1.6731472728020058,121645.0,89.18,203264.0,
646,Random,0.4,76.8,88.54,40.04053092002869,1.6731472728020058,121645.0,89.18,203264.0,
656,Random,0.4,76.8,88.92,39.9299259185791,1.6731472728020058,121645.0,89.18,203264.0,
666,Random,0.4,76.8,88.67,40.049551248550415,1.6731472728020058,121645.0,89.18,203264.0,
588,Random,0.4,76.8,88.0,40.02100348472595,1.6731472728020058,121645.0,89.18,203264.0,
209,Random,0.4,76.75,88.66,39.70136022567749,1.6731472728020058,121645.0,89.18,203264.0,
311,Random,0.4,76.75,89.25,39.75744414329529,1.6731472728020058,121645.0,89.18,203264.0,
689,Random,0.4,76.75,88.91,39.98109459877014,1.6731472728020058,121645.0,89.18,203264.0,
761,Random,0.4,76.75,88.59,39.97800946235657,1.6731472728020058,121645.0,89.18,203264.0,
798,Random,0.4,76.75,89.11,39.98316693305969,1.6731472728020058,121645.0,89.18,203264.0,
810,Random,0.4,76.75,88.06,40.06584811210632,1.6731472728020058,121645.0,89.18,203264.0,
190,Random,0.4,76.7,88.23,40.1720917224884,1.6731472728020058,121645.0,89.18,203264.0,
203,Random,0.4,76.7,88.21,40.05007195472717,1.6731472728020058,121645.0,89.18,203264.0,
667,Random,0.4,76.7,89.19,39.942994356155396,1.6731472728020058,121645.0,89.18,203264.0,
902,Random,0.4,76.7,89.18,40.07247972488403,1.6731472728020058,121645.0,89.18,203264.0,
425,Random,0.4,76.7,89.46,39.52856469154358,1.6731472728020058,121645.0,89.18,203264.0,
445,Random,0.4,76.7,88.42,39.66396880149841,1.6731472728020058,121645.0,89.18,203264.0,
485,Random,0.4,76.7,88.9,39.880831480026245,1.6731472728020058,121645.0,89.18,203264.0,
24,Random,0.4,76.65,89.07,39.938891649246216,1.6731472728020058,121645.0,89.18,203264.0,
34,Random,0.4,76.65,88.73,40.034815549850464,1.6731472728020058,121645.0,89.18,203264.0,
158,Random,0.4,76.65,89.2,39.876890659332275,1.6731472728020058,121645.0,89.18,203264.0,
257,Random,0.4,76.65,88.93,40.27546572685242,1.6731472728020058,121645.0,89.18,203264.0,
332,Random,0.4,76.65,89.07,40.00175976753235,1.6731472728020058,121645.0,89.18,203264.0,
922,Random,0.4,76.65,88.6,40.09883165359497,1.6731472728020058,121645.0,89.18,203264.0,
510,Random,0.4,76.65,89.06,40.047990560531616,1.6731472728020058,121645.0,89.18,203264.0,
576,Random,0.4,76.65,87.92,39.89818501472473,1.6731472728020058,121645.0,89.18,203264.0,
739,Random,0.4,76.6,89.04,39.73935627937317,1.6731472728020058,121645.0,89.18,203264.0,
785,Random,0.4,76.6,88.85,39.974936962127686,1.6731472728020058,121645.0,89.18,203264.0,
845,Random,0.4,76.6,88.98,40.007798194885254,1.6731472728020058,121645.0,89.18,203264.0,
939,Random,0.4,76.6,89.27,40.18986940383911,1.6731472728020058,121645.0,89.18,203264.0,
417,Random,0.4,76.6,88.97,39.84073233604431,1.6731472728020058,121645.0,89.18,203264.0,
97,Random,0.4,76.55,89.07,39.92857909202576,1.6731472728020058,121645.0,89.18,203264.0,
157,Random,0.4,76.55,88.62,39.92277479171753,1.6731472728020058,121645.0,89.18,203264.0,
243,Random,0.4,76.55,88.61,39.994879722595215,1.6731472728020058,121645.0,89.18,203264.0,
368,Random,0.4,76.55,88.65,40.03519344329834,1.6731472728020058,121645.0,89.18,203264.0,
601,Random,0.4,76.55,88.63,39.80459666252136,1.6731472728020058,121645.0,89.18,203264.0,
687,Random,0.4,76.55,88.58,40.06636047363281,1.6731472728020058,121645.0,89.18,203264.0,
715,Random,0.4,76.55,89.19,39.993084192276,1.6731472728020058,121645.0,89.18,203264.0,
754,Random,0.4,76.55,88.18,40.0391001701355,1.6731472728020058,121645.0,89.18,203264.0,
813,Random,0.4,76.55,88.71,40.01040172576904,1.6731472728020058,121645.0,89.18,203264.0,
408,Random,0.4,76.55,88.98,39.875112771987915,1.6731472728020058,121645.0,89.18,203264.0,
14,Random,0.4,76.5,88.74,40.06009340286255,1.6731472728020058,121645.0,89.18,203264.0,
206,Random,0.4,76.5,88.77,40.12039399147034,1.6731472728020058,121645.0,89.18,203264.0,
686,Random,0.4,76.5,89.43,40.070207834243774,1.6731472728020058,121645.0,89.18,203264.0,
742,Random,0.4,76.5,89.12,40.10830569267273,1.6731472728020058,121645.0,89.18,203264.0,
832,Random,0.4,76.5,89.09,39.8922917842865,1.6731472728020058,121645.0,89.18,203264.0,
992,Random,0.4,76.5,89.01,40.35905694961548,1.6731472728020058,121645.0,89.18,203264.0,
453,Random,0.4,76.5,89.24,39.96112298965454,1.6731472728020058,121645.0,89.18,203264.0,
489,Random,0.4,76.5,89.3,40.03994107246399,1.6731472728020058,121645.0,89.18,203264.0,
490,Random,0.4,76.5,88.9,40.090829849243164,1.6731472728020058,121645.0,89.18,203264.0,
52,Random,0.4,76.45,89.27,39.91539192199707,1.6731472728020058,121645.0,89.18,203264.0,
616,Random,0.4,76.45,89.42,40.066593170166016,1.6731472728020058,121645.0,89.18,203264.0,
683,Random,0.4,76.45,89.28,39.97134304046631,1.6731472728020058,121645.0,89.18,203264.0,
736,Random,0.4,76.45,89.24,40.04864740371704,1.6731472728020058,121645.0,89.18,203264.0,
857,Random,0.4,76.45,89.06,40.2505247592926,1.6731472728020058,121645.0,89.18,203264.0,
861,Random,0.4,76.45,88.63,39.79801297187805,1.6731472728020058,121645.0,89.18,203264.0,
909,Random,0.4,76.45,88.9,40.1173620223999,1.6731472728020058,121645.0,89.18,203264.0,
426,Random,0.4,76.45,88.98,39.93737030029297,1.6731472728020058,121645.0,89.18,203264.0,
467,Random,0.4,76.45,89.09,40.02367043495178,1.6731472728020058,121645.0,89.18,203264.0,
468,Random,0.4,76.45,88.77,40.13512420654297,1.6731472728020058,121645.0,89.18,203264.0,
580,Random,0.4,76.45,88.92,39.878580808639526,1.6731472728020058,121645.0,89.18,203264.0,
585,Random,0.4,76.45,88.93,40.10077714920044,1.6731472728020058,121645.0,89.18,203264.0,
593,Random,0.4,76.45,87.91,39.91405749320984,1.6731472728020058,121645.0,89.18,203264.0,
251,Random,0.4,76.4,88.43,40.11023688316345,1.6731472728020058,121645.0,89.18,203264.0,
730,Random,0.4,76.4,89.09,40.051390647888184,1.6731472728020058,121645.0,89.18,203264.0,
505,Random,0.4,76.4,89.24,39.883638858795166,1.6731472728020058,121645.0,89.18,203264.0,
590,Random,0.4,76.4,88.79,40.15227127075195,1.6731472728020058,121645.0,89.18,203264.0,
40,Random,0.4,76.35,89.13,39.901498794555664,1.6731472728020058,121645.0,89.18,203264.0,
45,Random,0.4,76.35,89.59,39.941699504852295,1.6731472728020058,121645.0,89.18,203264.0,
124,Random,0.4,76.35,88.64,39.90078854560852,1.6731472728020058,121645.0,89.18,203264.0,
367,Random,0.4,76.35,89.29,39.9371018409729,1.6731472728020058,121645.0,89.18,203264.0,
392,Random,0.4,76.35,87.83,40.06795835494995,1.6731472728020058,121645.0,89.18,203264.0,
612,Random,0.4,76.35,89.44,39.913668155670166,1.6731472728020058,121645.0,89.18,203264.0,
640,Random,0.4,76.35,89.25,39.96917366981506,1.6731472728020058,121645.0,89.18,203264.0,
833,Random,0.4,76.35,88.31,39.96870756149292,1.6731472728020058,121645.0,89.18,203264.0,
872,Random,0.4,76.35,88.46,40.04358267784119,1.6731472728020058,121645.0,89.18,203264.0,
541,Random,0.4,76.35,89.06,40.04767990112305,1.6731472728020058,121645.0,89.18,203264.0,
555,Random,0.4,76.35,88.65,40.08382749557495,1.6731472728020058,121645.0,89.18,203264.0,
591,Random,0.4,76.35,90.04,40.026774168014526,1.6731472728020058,121645.0,89.18,203264.0,
74,Random,0.4,76.3,88.53,40.13127040863037,1.6731472728020058,121645.0,89.18,203264.0,
216,Random,0.4,76.3,87.83,40.3907196521759,1.6731472728020058,121645.0,89.18,203264.0,
226,Random,0.4,76.3,89.17,40.046815156936646,1.6731472728020058,121645.0,89.18,203264.0,
635,Random,0.4,76.3,89.32,40.05192708969116,1.6731472728020058,121645.0,89.18,203264.0,
812,Random,0.4,76.3,88.07,40.020936012268066,1.6731472728020058,121645.0,89.18,203264.0,
262,Random,0.4,76.25,89.03,40.108847856521606,1.6731472728020058,121645.0,89.18,203264.0,
274,Random,0.4,76.25,88.95,40.08925652503967,1.6731472728020058,121645.0,89.18,203264.0,
626,Random,0.4,76.25,89.17,40.048380851745605,1.6731472728020058,121645.0,89.18,203264.0,
762,Random,0.4,76.25,88.74,40.25263953208923,1.6731472728020058,121645.0,89.18,203264.0,
825,Random,0.4,76.25,87.53,39.994338274002075,1.6731472728020058,121645.0,89.18,203264.0,
894,Random,0.4,76.25,88.51,40.08570218086243,1.6731472728020058,121645.0,89.18,203264.0,
905,Random,0.4,76.25,88.98,40.052255392074585,1.6731472728020058,121645.0,89.18,203264.0,
932,Random,0.4,76.25,88.83,40.25869274139404,1.6731472728020058,121645.0,89.18,203264.0,
9,Random,0.4,76.2,88.57,40.97749066352844,1.6731472728020058,121645.0,89.18,203264.0,
43,Random,0.4,76.2,88.85,40.05285358428955,1.6731472728020058,121645.0,89.18,203264.0,
476,Random,0.4,76.2,89.39,40.17701005935669,1.6731472728020058,121645.0,89.18,203264.0,
477,Random,0.4,76.2,88.58,40.1578905582428,1.6731472728020058,121645.0,89.18,203264.0,
545,Random,0.4,76.2,87.97,40.15671634674072,1.6731472728020058,121645.0,89.18,203264.0,
688,Random,0.4,76.15,89.09,40.12109136581421,1.6731472728020058,121645.0,89.18,203264.0,
141,Random,0.4,76.15,88.63,40.90926122665405,1.6731472728020058,121645.0,89.18,203264.0,
702,Random,0.4,76.15,88.48,40.12348556518555,1.6731472728020058,121645.0,89.18,203264.0,
745,Random,0.4,76.15,88.52,40.78711652755737,1.6731472728020058,121645.0,89.18,203264.0,
63,Random,0.4,76.1,88.92,40.08793592453003,1.6731472728020058,121645.0,89.18,203264.0,
378,Random,0.4,76.1,88.64,40.171608209609985,1.6731472728020058,121645.0,89.18,203264.0,
184,Random,0.4,76.1,89.17,40.81905698776245,1.6731472728020058,121645.0,89.18,203264.0,
984,Random,0.4,76.1,88.6,40.15436029434204,1.6731472728020058,121645.0,89.18,203264.0,
514,Random,0.4,76.1,88.51,41.12314748764038,1.6731472728020058,121645.0,89.18,203264.0,
56,Random,0.4,76.05,89.37,40.14396619796753,1.6731472728020058,121645.0,89.18,203264.0,
289,Random,0.4,76.05,88.51,40.05737018585205,1.6731472728020058,121645.0,89.18,203264.0,
71,Random,0.4,76.05,89.26,40.76107358932495,1.6731472728020058,121645.0,89.18,203264.0,
337,Random,0.4,76.05,88.96,40.05555963516235,1.6731472728020058,121645.0,89.18,203264.0,
376,Random,0.4,76.05,89.31,40.548319578170776,1.6731472728020058,121645.0,89.18,203264.0,
684,Random,0.4,76.05,89.27,40.16447973251343,1.6731472728020058,121645.0,89.18,203264.0,
690,Random,0.4,76.05,89.39,40.18967127799988,1.6731472728020058,121645.0,89.18,203264.0,
946,Random,0.4,76.05,88.98,40.117961406707764,1.6731472728020058,121645.0,89.18,203264.0,
913,Random,0.4,76.05,88.96,40.70830941200256,1.6731472728020058,121645.0,89.18,203264.0,
424,Random,0.4,76.05,88.71,40.24136304855347,1.6731472728020058,121645.0,89.18,203264.0,
540,Random,0.4,76.05,89.41,40.13940143585205,1.6731472728020058,121645.0,89.18,203264.0,
568,Random,0.4,76.05,88.31,40.913002252578735,1.6731472728020058,121645.0,89.18,203264.0,
169,Random,0.4,76.0,87.74,40.459763526916504,1.6731472728020058,121645.0,89.18,203264.0,
294,Random,0.4,76.0,88.04,41.18850231170654,1.6731472728020058,121645.0,89.18,203264.0,
921,Random,0.4,76.0,88.98,40.3434693813324,1.6731472728020058,121645.0,89.18,203264.0,
420,Random,0.4,76.0,89.36,40.01440501213074,1.6731472728020058,121645.0,89.18,203264.0,
532,Random,0.4,76.0,89.3,40.252769947052,1.6731472728020058,121645.0,89.18,203264.0,
457,Random,0.4,76.0,88.45,40.88810849189758,1.6731472728020058,121645.0,89.18,203264.0,
5,Random,0.4,75.95,88.47,40.297279596328735,1.6731472728020058,121645.0,89.18,203264.0,
136,Random,0.4,75.95,88.62,40.21545934677124,1.6731472728020058,121645.0,89.18,203264.0,
397,Random,0.4,75.95,89.56,40.027992725372314,1.6731472728020058,121645.0,89.18,203264.0,
178,Random,0.4,75.9,88.89,39.95227789878845,1.6731472728020058,121645.0,89.18,203264.0,
160,Random,0.4,75.9,88.55,40.842190980911255,1.6731472728020058,121645.0,89.18,203264.0,
180,Random,0.4,75.9,88.5,40.14419484138489,1.6731472728020058,121645.0,89.18,203264.0,
191,Random,0.4,75.9,88.97,40.4358446598053,1.6731472728020058,121645.0,89.18,203264.0,
276,Random,0.4,75.9,88.83,40.064165115356445,1.6731472728020058,121645.0,89.18,203264.0,
351,Random,0.4,75.9,89.12,40.427743673324585,1.6731472728020058,121645.0,89.18,203264.0,
602,Random,0.4,75.9,89.42,40.10728859901428,1.6731472728020058,121645.0,89.18,203264.0,
808,Random,0.4,75.9,88.96,40.10163712501526,1.6731472728020058,121645.0,89.18,203264.0,
516,Random,0.4,75.9,89.22,40.824811935424805,1.6731472728020058,121645.0,89.18,203264.0,
217,Random,0.4,75.85,89.12,40.02477264404297,1.6731472728020058,121645.0,89.18,203264.0,
729,Random,0.4,75.85,88.56,39.98275637626648,1.6731472728020058,121645.0,89.18,203264.0,
746,Random,0.4,75.85,89.09,39.91582179069519,1.6731472728020058,121645.0,89.18,203264.0,
389,Random,0.4,75.85,89.17,40.70112156867981,1.6731472728020058,121645.0,89.18,203264.0,
802,Random,0.4,75.85,88.69,40.16245245933533,1.6731472728020058,121645.0,89.18,203264.0,
995,Random,0.4,75.85,88.2,39.940521478652954,1.6731472728020058,121645.0,89.18,203264.0,
149,Random,0.4,75.8,89.17,39.85959315299988,1.6731472728020058,121645.0,89.18,203264.0,
151,Random,0.4,75.8,88.81,39.87034344673157,1.6731472728020058,121645.0,89.18,203264.0,
1,Random,0.4,75.8,88.74,40.614890336990356,1.6731472728020058,121645.0,89.18,203264.0,
710,Random,0.4,75.8,89.21,39.970295906066895,1.6731472728020058,121645.0,89.18,203264.0,
773,Random,0.4,75.8,89.04,39.87836694717407,1.6731472728020058,121645.0,89.18,203264.0,
18,Random,0.4,75.75,88.94,39.85527539253235,1.6731472728020058,121645.0,89.18,203264.0,
193,Random,0.4,75.75,88.41,39.958388328552246,1.6731472728020058,121645.0,89.18,203264.0,
471,Random,0.4,75.8,88.64,40.56790089607239,1.6731472728020058,121645.0,89.18,203264.0,
264,Random,0.4,75.75,89.45,39.91197109222412,1.6731472728020058,121645.0,89.18,203264.0,
386,Random,0.4,75.75,88.77,40.02474498748779,1.6731472728020058,121645.0,89.18,203264.0,
851,Random,0.4,75.75,88.41,40.01829552650452,1.6731472728020058,121645.0,89.18,203264.0,
953,Random,0.4,75.75,88.94,40.02637004852295,1.6731472728020058,121645.0,89.18,203264.0,
750,Random,0.4,75.75,89.09,40.70818734169006,1.6731472728020058,121645.0,89.18,203264.0,
415,Random,0.4,75.75,89.0,40.01451063156128,1.6731472728020058,121645.0,89.18,203264.0,
583,Random,0.4,75.75,89.47,40.053224325180054,1.6731472728020058,121645.0,89.18,203264.0,
173,Random,0.4,75.7,89.14,40.17835068702698,1.6731472728020058,121645.0,89.18,203264.0,
240,Random,0.4,75.7,88.64,40.02490949630737,1.6731472728020058,121645.0,89.18,203264.0,
17,Random,0.4,75.7,89.73,40.88694167137146,1.6731472728020058,121645.0,89.18,203264.0,
692,Random,0.4,75.7,88.39,40.08520317077637,1.6731472728020058,121645.0,89.18,203264.0,
703,Random,0.4,75.7,89.04,40.2530312538147,1.6731472728020058,121645.0,89.18,203264.0,
778,Random,0.4,75.7,88.12,39.85762047767639,1.6731472728020058,121645.0,89.18,203264.0,
982,Random,0.4,75.7,89.28,39.93564248085022,1.6731472728020058,121645.0,89.18,203264.0,
733,Random,0.4,75.7,88.54,40.81877017021179,1.6731472728020058,121645.0,89.18,203264.0,
594,Random,0.4,75.7,88.44,39.93803858757019,1.6731472728020058,121645.0,89.18,203264.0,
131,Random,0.4,75.65,88.84,40.06872916221619,1.6731472728020058,121645.0,89.18,203264.0,
346,Random,0.4,75.65,88.31,39.949629068374634,1.6731472728020058,121645.0,89.18,203264.0,
345,Random,0.4,75.65,89.0,40.60720372200012,1.6731472728020058,121645.0,89.18,203264.0,
356,Random,0.4,75.65,89.22,40.04594445228577,1.6731472728020058,121645.0,89.18,203264.0,
691,Random,0.4,75.65,89.27,40.09605813026428,1.6731472728020058,121645.0,89.18,203264.0,
948,Random,0.4,75.65,89.18,40.13398551940918,1.6731472728020058,121645.0,89.18,203264.0,
433,Random,0.4,75.65,88.79,39.53601813316345,1.6731472728020058,121645.0,89.18,203264.0,
326,Random,0.4,75.6,88.87,39.56471085548401,1.6731472728020058,121645.0,89.18,203264.0,
951,Random,0.4,75.65,88.24,40.84920954704285,1.6731472728020058,121645.0,89.18,203264.0,
928,Random,0.4,75.6,89.21,39.59933686256409,1.6731472728020058,121645.0,89.18,203264.0,
527,Random,0.4,75.6,88.98,39.65021085739136,1.6731472728020058,121645.0,89.18,203264.0,
679,Random,0.4,75.55,89.11,39.966890811920166,1.6731472728020058,121645.0,89.18,203264.0,
37,Random,0.4,75.55,88.88,40.789435386657715,1.6731472728020058,121645.0,89.18,203264.0,
869,Random,0.4,75.55,88.96,40.08310151100159,1.6731472728020058,121645.0,89.18,203264.0,
950,Random,0.4,75.55,88.3,40.4173526763916,1.6731472728020058,121645.0,89.18,203264.0,
401,Random,0.4,75.55,88.92,40.14601278305054,1.6731472728020058,121645.0,89.18,203264.0,
80,Random,0.4,75.5,88.01,40.312591552734375,1.6731472728020058,121645.0,89.18,203264.0,
524,Random,0.4,75.55,88.74,41.1805853843689,1.6731472728020058,121645.0,89.18,203264.0,
215,Random,0.4,75.5,89.11,40.48767423629761,1.6731472728020058,121645.0,89.18,203264.0,
230,Random,0.4,75.5,88.43,40.24972176551819,1.6731472728020058,121645.0,89.18,203264.0,
706,Random,0.4,75.5,89.32,40.31257677078247,1.6731472728020058,121645.0,89.18,203264.0,
27,Random,0.4,75.45,88.52,39.64124894142151,1.6731472728020058,121645.0,89.18,203264.0,
42,Random,0.4,75.45,88.04,39.83485770225525,1.6731472728020058,121645.0,89.18,203264.0,
592,Random,0.4,75.5,89.1,40.643749952316284,1.6731472728020058,121645.0,89.18,203264.0,
96,Random,0.4,75.45,87.71,39.757488489151,1.6731472728020058,121645.0,89.18,203264.0,
769,Random,0.4,75.45,87.89,39.84795594215393,1.6731472728020058,121645.0,89.18,203264.0,
960,Random,0.4,75.45,88.68,39.76997709274292,1.6731472728020058,121645.0,89.18,203264.0,
862,Random,0.4,75.45,88.75,40.5139045715332,1.6731472728020058,121645.0,89.18,203264.0,
574,Random,0.4,75.45,89.19,39.857661485672,1.6731472728020058,121645.0,89.18,203264.0,
83,Random,0.4,75.4,87.99,39.60595083236694,1.6731472728020058,121645.0,89.18,203264.0,
207,Random,0.4,75.4,89.53,39.785489082336426,1.6731472728020058,121645.0,89.18,203264.0,
784,Random,0.4,75.4,88.85,39.7144296169281,1.6731472728020058,121645.0,89.18,203264.0,
32,Random,0.4,75.35,89.05,39.89113116264343,1.6731472728020058,121645.0,89.18,203264.0,
664,Random,0.4,75.4,88.5,40.89038348197937,1.6731472728020058,121645.0,89.18,203264.0,
357,Random,0.4,75.35,88.31,39.64720296859741,1.6731472728020058,121645.0,89.18,203264.0,
613,Random,0.4,75.35,87.77,39.788647413253784,1.6731472728020058,121645.0,89.18,203264.0,
744,Random,0.4,75.35,88.69,39.73915362358093,1.6731472728020058,121645.0,89.18,203264.0,
840,Random,0.4,75.35,88.9,39.592220306396484,1.6731472728020058,121645.0,89.18,203264.0,
963,Random,0.4,75.35,88.48,39.57922172546387,1.6731472728020058,121645.0,89.18,203264.0,
971,Random,0.4,75.35,89.45,39.47060012817383,1.6731472728020058,121645.0,89.18,203264.0,
452,Random,0.4,75.35,88.47,39.533947467803955,1.6731472728020058,121645.0,89.18,203264.0,
643,Random,0.4,75.3,89.1,39.37780237197876,1.6731472728020058,121645.0,89.18,203264.0,
660,Random,0.4,75.3,88.92,39.48765683174133,1.6731472728020058,121645.0,89.18,203264.0,
803,Random,0.4,75.3,88.16,39.485796213150024,1.6731472728020058,121645.0,89.18,203264.0,
994,Random,0.4,75.3,89.18,39.458600997924805,1.6731472728020058,121645.0,89.18,203264.0,
508,Random,0.4,75.3,88.53,39.37435960769653,1.6731472728020058,121645.0,89.18,203264.0,
202,Random,0.4,75.25,88.99,39.353829860687256,1.6731472728020058,121645.0,89.18,203264.0,
304,Random,0.4,75.25,88.81,39.47128510475159,1.6731472728020058,121645.0,89.18,203264.0,
380,Random,0.4,75.25,88.81,39.4801709651947,1.6731472728020058,121645.0,89.18,203264.0,
388,Random,0.4,75.25,88.69,39.42337894439697,1.6731472728020058,121645.0,89.18,203264.0,
821,Random,0.4,75.25,89.11,39.361982583999634,1.6731472728020058,121645.0,89.18,203264.0,
920,Random,0.4,75.25,88.93,39.42694878578186,1.6731472728020058,121645.0,89.18,203264.0,
987,Random,0.4,75.25,89.74,39.507925271987915,1.6731472728020058,121645.0,89.18,203264.0,
275,Random,0.4,75.2,88.28,39.514267444610596,1.6731472728020058,121645.0,89.18,203264.0,
362,Random,0.4,75.2,89.23,39.33574366569519,1.6731472728020058,121645.0,89.18,203264.0,
705,Random,0.4,75.2,88.68,39.374094009399414,1.6731472728020058,121645.0,89.18,203264.0,
917,Random,0.4,75.2,88.11,39.38464570045471,1.6731472728020058,121645.0,89.18,203264.0,
937,Random,0.4,75.2,89.35,39.51812267303467,1.6731472728020058,121645.0,89.18,203264.0,
165,Random,0.4,75.15,88.96,39.42699480056763,1.6731472728020058,121645.0,89.18,203264.0,
79,Random,0.4,75.15,88.64,39.507710456848145,1.6731472728020058,121645.0,89.18,203264.0,
363,Random,0.4,75.15,88.58,39.39917874336243,1.6731472728020058,121645.0,89.18,203264.0,
864,Random,0.4,75.15,88.93,39.37765455245972,1.6731472728020058,121645.0,89.18,203264.0,
543,Random,0.4,75.15,89.05,39.515554428100586,1.6731472728020058,121645.0,89.18,203264.0,
314,Random,0.4,75.1,88.85,39.48726439476013,1.6731472728020058,121645.0,89.18,203264.0,
962,Random,0.4,75.1,89.06,39.62261700630188,1.6731472728020058,121645.0,89.18,203264.0,
506,Random,0.4,75.1,88.26,39.47048282623291,1.6731472728020058,121645.0,89.18,203264.0,
531,Random,0.4,75.1,89.06,39.5676953792572,1.6731472728020058,121645.0,89.18,203264.0,
4,Random,0.4,75.05,89.03,39.61017060279846,1.6731472728020058,121645.0,89.18,203264.0,
700,Random,0.4,75.05,89.39,39.655375480651855,1.6731472728020058,121645.0,89.18,203264.0,
709,Random,0.4,75.05,88.79,39.720197439193726,1.6731472728020058,121645.0,89.18,203264.0,
820,Random,0.4,75.05,89.71,39.626853466033936,1.6731472728020058,121645.0,89.18,203264.0,
847,Random,0.4,75.05,88.79,39.6405508518219,1.6731472728020058,121645.0,89.18,203264.0,
886,Random,0.4,75.05,89.77,39.74134135246277,1.6731472728020058,121645.0,89.18,203264.0,
497,Random,0.4,75.05,88.7,39.613117694854736,1.6731472728020058,121645.0,89.18,203264.0,
564,Random,0.4,75.05,88.65,39.81249380111694,1.6731472728020058,121645.0,89.18,203264.0,
642,Random,0.4,75.0,89.27,39.67126131057739,1.6731472728020058,121645.0,89.18,203264.0,
716,Random,0.4,75.0,88.91,39.50456953048706,1.6731472728020058,121645.0,89.18,203264.0,
748,Random,0.4,75.0,89.31,39.68836164474487,1.6731472728020058,121645.0,89.18,203264.0,
809,Random,0.4,75.0,89.18,39.50722599029541,1.6731472728020058,121645.0,89.18,203264.0,
437,Random,0.4,75.0,87.74,39.750781536102295,1.6731472728020058,121645.0,89.18,203264.0,
140,Random,0.4,74.95,89.25,39.67626190185547,1.6731472728020058,121645.0,89.18,203264.0,
704,Random,0.4,74.95,88.54,39.49470663070679,1.6731472728020058,121645.0,89.18,203264.0,
727,Random,0.4,74.95,88.59,39.546974420547485,1.6731472728020058,121645.0,89.18,203264.0,
755,Random,0.4,74.95,88.91,39.424946546554565,1.6731472728020058,121645.0,89.18,203264.0,
529,Random,0.4,74.95,89.0,39.87613320350647,1.6731472728020058,121645.0,89.18,203264.0,
85,Random,0.4,74.9,89.56,39.66254949569702,1.6731472728020058,121645.0,89.18,203264.0,
241,Random,0.4,74.9,89.45,39.51026105880737,1.6731472728020058,121645.0,89.18,203264.0,
366,Random,0.4,74.9,88.48,39.598567485809326,1.6731472728020058,121645.0,89.18,203264.0,
671,Random,0.4,74.9,88.85,39.464330196380615,1.6731472728020058,121645.0,89.18,203264.0,
714,Random,0.4,74.9,88.17,40.02431869506836,1.6731472728020058,121645.0,89.18,203264.0,
781,Random,0.4,74.9,88.54,39.61858129501343,1.6731472728020058,121645.0,89.18,203264.0,
458,Random,0.4,74.9,88.71,39.461650133132935,1.6731472728020058,121645.0,89.18,203264.0,
86,Random,0.4,74.85,89.46,39.450756788253784,1.6731472728020058,121645.0,89.18,203264.0,
519,Random,0.4,74.9,88.99,39.61539936065674,1.6731472728020058,121645.0,89.18,203264.0,
789,Random,0.4,74.85,89.2,39.75088548660278,1.6731472728020058,121645.0,89.18,203264.0,
544,Random,0.4,74.85,89.38,39.63648295402527,1.6731472728020058,121645.0,89.18,203264.0,
84,Random,0.4,74.8,88.5,39.4766948223114,1.6731472728020058,121645.0,89.18,203264.0,
135,Random,0.4,74.8,89.14,39.53686785697937,1.6731472728020058,121645.0,89.18,203264.0,
171,Random,0.4,74.8,89.19,39.72666954994202,1.6731472728020058,121645.0,89.18,203264.0,
658,Random,0.4,74.8,88.93,39.89399313926697,1.6731472728020058,121645.0,89.18,203264.0,
863,Random,0.4,74.8,88.49,39.62439727783203,1.6731472728020058,121645.0,89.18,203264.0,
885,Random,0.4,74.8,88.59,39.44631838798523,1.6731472728020058,121645.0,89.18,203264.0,
893,Random,0.4,74.8,88.95,39.63357901573181,1.6731472728020058,121645.0,89.18,203264.0,
970,Random,0.4,74.8,87.91,39.707438468933105,1.6731472728020058,121645.0,89.18,203264.0,
409,Random,0.4,74.8,88.89,39.89198279380798,1.6731472728020058,121645.0,89.18,203264.0,
414,Random,0.4,74.8,88.89,39.603493452072144,1.6731472728020058,121645.0,89.18,203264.0,
15,Random,0.4,74.75,89.42,39.464831590652466,1.6731472728020058,121645.0,89.18,203264.0,
44,Random,0.4,74.75,88.55,39.63662028312683,1.6731472728020058,121645.0,89.18,203264.0,
245,Random,0.4,74.75,90.08,39.6708345413208,1.6731472728020058,121645.0,89.18,203264.0,
400,Random,0.4,74.75,89.26,39.865108489990234,1.6731472728020058,121645.0,89.18,203264.0,
858,Random,0.4,74.75,88.88,39.60498118400574,1.6731472728020058,121645.0,89.18,203264.0,
958,Random,0.4,74.75,88.22,40.00373935699463,1.6731472728020058,121645.0,89.18,203264.0,
444,Random,0.4,74.75,88.87,39.71624517440796,1.6731472728020058,121645.0,89.18,203264.0,
486,Random,0.4,74.75,89.19,39.71270298957825,1.6731472728020058,121645.0,89.18,203264.0,
793,Random,0.4,74.7,88.98,39.993146896362305,1.6731472728020058,121645.0,89.18,203264.0,
884,Random,0.4,74.7,89.13,39.8725528717041,1.6731472728020058,121645.0,89.18,203264.0,
570,Random,0.4,74.7,88.64,39.436777114868164,1.6731472728020058,121645.0,89.18,203264.0,
479,Random,0.4,74.7,89.06,40.80897235870361,1.6731472728020058,121645.0,89.18,203264.0,
370,Random,0.4,74.65,88.68,39.530174016952515,1.6731472728020058,121645.0,89.18,203264.0,
843,Random,0.4,74.65,88.96,39.641493797302246,1.6731472728020058,121645.0,89.18,203264.0,
896,Random,0.4,74.65,89.06,39.621216773986816,1.6731472728020058,121645.0,89.18,203264.0,
780,Random,0.4,74.6,89.18,39.64466452598572,1.6731472728020058,121645.0,89.18,203264.0,
792,Random,0.4,74.6,88.72,39.67585802078247,1.6731472728020058,121645.0,89.18,203264.0,
584,Random,0.4,74.65,88.39,40.60730242729187,1.6731472728020058,121645.0,89.18,203264.0,
849,Random,0.4,74.6,88.89,39.63461208343506,1.6731472728020058,121645.0,89.18,203264.0,
411,Random,0.4,74.6,89.86,39.62247061729431,1.6731472728020058,121645.0,89.18,203264.0,
99,Random,0.4,74.55,88.35,39.78131413459778,1.6731472728020058,121645.0,89.18,203264.0,
421,Random,0.4,74.6,89.51,40.55804133415222,1.6731472728020058,121645.0,89.18,203264.0,
147,Random,0.4,74.55,89.12,39.770323276519775,1.6731472728020058,121645.0,89.18,203264.0,
945,Random,0.4,74.55,88.21,39.707125186920166,1.6731472728020058,121645.0,89.18,203264.0,
868,Random,0.4,74.5,89.22,39.69739556312561,1.6731472728020058,121645.0,89.18,203264.0,
123,Random,0.4,74.45,87.79,39.51474928855896,1.6731472728020058,121645.0,89.18,203264.0,
323,Random,0.4,74.45,89.06,39.65769147872925,1.6731472728020058,121645.0,89.18,203264.0,
431,Random,0.4,74.5,89.43,40.76114845275879,1.6731472728020058,121645.0,89.18,203264.0,
695,Random,0.4,74.45,89.38,39.64756798744202,1.6731472728020058,121645.0,89.18,203264.0,
735,Random,0.4,74.45,88.74,39.612037897109985,1.6731472728020058,121645.0,89.18,203264.0,
29,Random,0.4,74.4,88.89,39.595747232437134,1.6731472728020058,121645.0,89.18,203264.0,
60,Random,0.4,74.4,88.94,39.50647521018982,1.6731472728020058,121645.0,89.18,203264.0,
427,Random,0.4,74.45,89.08,40.654908418655396,1.6731472728020058,121645.0,89.18,203264.0,
200,Random,0.4,74.4,88.9,39.63599228858948,1.6731472728020058,121645.0,89.18,203264.0,
361,Random,0.4,74.4,89.13,39.526225090026855,1.6731472728020058,121645.0,89.18,203264.0,
878,Random,0.4,74.4,88.91,39.58527588844299,1.6731472728020058,121645.0,89.18,203264.0,
75,Random,0.4,74.35,88.82,39.690927028656006,1.6731472728020058,121645.0,89.18,203264.0,
605,Random,0.4,74.4,88.32,40.60950231552124,1.6731472728020058,121645.0,89.18,203264.0,
103,Random,0.4,74.35,87.9,39.79521131515503,1.6731472728020058,121645.0,89.18,203264.0,
349,Random,0.4,74.35,89.7,39.49666881561279,1.6731472728020058,121645.0,89.18,203264.0,
846,Random,0.4,74.35,89.09,39.41049861907959,1.6731472728020058,121645.0,89.18,203264.0,
450,Random,0.4,74.35,88.35,39.44867420196533,1.6731472728020058,121645.0,89.18,203264.0,
685,Random,0.4,74.35,89.1,40.837586641311646,1.6731472728020058,121645.0,89.18,203264.0,
72,Random,0.4,74.3,89.41,39.83386278152466,1.6731472728020058,121645.0,89.18,203264.0,
155,Random,0.4,74.3,89.0,39.530179262161255,1.6731472728020058,121645.0,89.18,203264.0,
827,Random,0.4,74.3,88.39,39.40972399711609,1.6731472728020058,121645.0,89.18,203264.0,
330,Random,0.4,74.25,89.3,39.48923397064209,1.6731472728020058,121645.0,89.18,203264.0,
365,Random,0.4,74.3,88.94,40.56215810775757,1.6731472728020058,121645.0,89.18,203264.0,
927,Random,0.4,74.25,88.24,39.60306000709534,1.6731472728020058,121645.0,89.18,203264.0,
50,Random,0.4,74.2,88.07,39.548030376434326,1.6731472728020058,121645.0,89.18,203264.0,
187,Random,0.4,74.2,88.7,39.449440717697144,1.6731472728020058,121645.0,89.18,203264.0,
197,Random,0.4,74.2,88.56,39.46390748023987,1.6731472728020058,121645.0,89.18,203264.0,
82,Random,0.4,74.2,89.16,40.5540657043457,1.6731472728020058,121645.0,89.18,203264.0,
670,Random,0.4,74.2,88.28,39.65521311759949,1.6731472728020058,121645.0,89.18,203264.0,
866,Random,0.4,74.2,88.85,39.53711295127869,1.6731472728020058,121645.0,89.18,203264.0,
907,Random,0.4,74.2,88.86,39.284133195877075,1.6731472728020058,121645.0,89.18,203264.0,
997,Random,0.4,74.2,89.29,39.470627546310425,1.6731472728020058,121645.0,89.18,203264.0,
904,Random,0.4,74.2,89.09,40.726805448532104,1.6731472728020058,121645.0,89.18,203264.0,
492,Random,0.4,74.15,89.45,39.46710538864136,1.6731472728020058,121645.0,89.18,203264.0,
70,Random,0.4,74.15,87.91,39.71882939338684,1.6731472728020058,121645.0,89.18,203264.0,
986,Random,0.4,74.1,89.28,39.40327024459839,1.6731472728020058,121645.0,89.18,203264.0,
725,Random,0.4,74.1,88.77,40.44201183319092,1.6731472728020058,121645.0,89.18,203264.0,
132,Random,0.4,74.05,88.94,39.39774417877197,1.6731472728020058,121645.0,89.18,203264.0,
734,Random,0.4,74.0,89.23,39.40225839614868,1.6731472728020058,121645.0,89.18,203264.0,
8,Random,0.4,73.95,89.09,39.38433647155762,1.6731472728020058,121645.0,89.18,203264.0,
168,Random,0.4,74.0,88.61,40.47945046424866,1.6731472728020058,121645.0,89.18,203264.0,
369,Random,0.4,73.95,88.93,39.79379749298096,1.6731472728020058,121645.0,89.18,203264.0,
98,Random,0.4,73.9,88.94,40.608649015426636,1.6731472728020058,121645.0,89.18,203264.0,
309,Random,0.4,73.9,88.92,39.87548351287842,1.6731472728020058,121645.0,89.18,203264.0,
436,Random,0.4,73.9,88.95,39.76481485366821,1.6731472728020058,121645.0,89.18,203264.0,
253,Random,0.4,73.85,88.71,39.86802363395691,1.6731472728020058,121645.0,89.18,203264.0,
961,Random,0.4,73.85,88.78,39.761709451675415,1.6731472728020058,121645.0,89.18,203264.0,
511,Random,0.4,73.85,88.23,39.965044260025024,1.6731472728020058,121645.0,89.18,203264.0,
526,Random,0.4,73.85,88.99,39.92348265647888,1.6731472728020058,121645.0,89.18,203264.0,
632,Random,0.4,74.05,88.68,39.95210886001587,1.6731472728020058,121645.0,89.18,203264.0,
775,Random,0.4,74.05,89.09,40.18707013130188,1.6731472728020058,121645.0,89.18,203264.0,
442,Random,0.4,73.95,88.73,40.27209830284119,1.6731472728020058,121645.0,89.18,203264.0,
305,Random,0.4,73.85,89.18,40.73587608337402,1.6731472728020058,121645.0,89.18,203264.0,
104,Random,0.4,73.8,89.08,40.34476828575134,1.6731472728020058,121645.0,89.18,203264.0,
199,Random,0.4,73.8,88.36,39.93334221839905,1.6731472728020058,121645.0,89.18,203264.0,
943,Random,0.4,73.8,89.24,40.09091353416443,1.6731472728020058,121645.0,89.18,203264.0,
795,Random,0.4,73.75,89.05,40.183197021484375,1.6731472728020058,121645.0,89.18,203264.0,
648,Random,0.4,73.8,87.23,41.54781746864319,1.6731472728020058,121645.0,89.18,203264.0,
69,Random,0.4,73.7,88.84,40.34939765930176,1.6731472728020058,121645.0,89.18,203264.0,
297,Random,0.4,73.7,89.43,40.04416871070862,1.6731472728020058,121645.0,89.18,203264.0,
926,Random,0.4,73.7,88.8,40.43638515472412,1.6731472728020058,121645.0,89.18,203264.0,
662,Random,0.4,73.7,89.04,41.3336455821991,1.6731472728020058,121645.0,89.18,203264.0,
375,Random,0.4,73.65,88.72,40.13710618019104,1.6731472728020058,121645.0,89.18,203264.0,
865,Random,0.4,73.65,88.92,40.42605757713318,1.6731472728020058,121645.0,89.18,203264.0,
875,Random,0.4,73.65,89.22,39.801393270492554,1.6731472728020058,121645.0,89.18,203264.0,
673,Random,0.4,73.6,89.35,40.36375546455383,1.6731472728020058,121645.0,89.18,203264.0,
738,Random,0.4,73.6,89.5,40.35834336280823,1.6731472728020058,121645.0,89.18,203264.0,
218,Random,0.4,73.6,88.47,41.58545398712158,1.6731472728020058,121645.0,89.18,203264.0,
296,Random,0.4,73.55,88.06,40.361407995224,1.6731472728020058,121645.0,89.18,203264.0,
318,Random,0.4,73.55,89.03,39.689884185791016,1.6731472728020058,121645.0,89.18,203264.0,
967,Random,0.4,73.55,89.26,40.07291507720947,1.6731472728020058,121645.0,89.18,203264.0,
470,Random,0.4,73.55,89.55,40.320130586624146,1.6731472728020058,121645.0,89.18,203264.0,
890,Random,0.4,73.55,89.39,41.248817920684814,1.6731472728020058,121645.0,89.18,203264.0,
533,Random,0.4,73.55,88.71,40.20692420005798,1.6731472728020058,121645.0,89.18,203264.0,
652,Random,0.4,73.5,88.24,39.70099854469299,1.6731472728020058,121645.0,89.18,203264.0,
213,Random,0.4,73.4,88.69,40.059809923172,1.6731472728020058,121645.0,89.18,203264.0,
109,Random,0.4,73.45,87.89,40.229727029800415,1.6731472728020058,121645.0,89.18,203264.0,
874,Random,0.4,73.5,89.24,41.19133758544922,1.6731472728020058,121645.0,89.18,203264.0,
393,Random,0.4,73.4,88.35,40.18060088157654,1.6731472728020058,121645.0,89.18,203264.0,
503,Random,0.4,73.4,88.14,39.83084011077881,1.6731472728020058,121645.0,89.18,203264.0,
753,Random,0.4,73.35,89.22,40.108065605163574,1.6731472728020058,121645.0,89.18,203264.0,
657,Random,0.4,73.35,88.49,40.24717569351196,1.6731472728020058,121645.0,89.18,203264.0,
308,Random,0.4,73.35,89.38,41.55326724052429,1.6731472728020058,121645.0,89.18,203264.0,
536,Random,0.4,73.35,88.03,40.41957092285156,1.6731472728020058,121645.0,89.18,203264.0,
548,Random,0.4,73.35,88.81,40.1671187877655,1.6731472728020058,121645.0,89.18,203264.0,
192,Random,0.4,73.3,88.77,40.24603629112244,1.6731472728020058,121645.0,89.18,203264.0,
188,Random,0.4,73.3,89.29,41.31223106384277,1.6731472728020058,121645.0,89.18,203264.0,
991,Random,0.4,73.3,88.71,40.21120071411133,1.6731472728020058,121645.0,89.18,203264.0,
610,Random,0.4,73.25,88.75,40.20129156112671,1.6731472728020058,121645.0,89.18,203264.0,
699,Random,0.4,73.25,88.37,39.832080125808716,1.6731472728020058,121645.0,89.18,203264.0,
916,Random,0.4,73.25,88.79,40.00379419326782,1.6731472728020058,121645.0,89.18,203264.0,
412,Random,0.4,73.25,89.23,40.06629180908203,1.6731472728020058,121645.0,89.18,203264.0,
859,Random,0.4,73.25,88.83,41.456729888916016,1.6731472728020058,121645.0,89.18,203264.0,
59,Random,0.4,73.2,88.54,40.45880341529846,1.6731472728020058,121645.0,89.18,203264.0,
159,Random,0.4,73.2,88.83,40.13200378417969,1.6731472728020058,121645.0,89.18,203264.0,
811,Random,0.4,73.2,89.17,40.06699252128601,1.6731472728020058,121645.0,89.18,203264.0,
841,Random,0.4,73.2,89.31,40.28850173950195,1.6731472728020058,121645.0,89.18,203264.0,
712,Random,0.4,73.2,88.9,41.34343671798706,1.6731472728020058,121645.0,89.18,203264.0,
988,Random,0.4,73.2,89.01,40.4033043384552,1.6731472728020058,121645.0,89.18,203264.0,
322,Random,0.4,73.15,88.45,40.010454416275024,1.6731472728020058,121645.0,89.18,203264.0,
844,Random,0.4,73.15,88.65,40.03320860862732,1.6731472728020058,121645.0,89.18,203264.0,
61,Random,0.4,73.1,89.11,39.973068952560425,1.6731472728020058,121645.0,89.18,203264.0,
630,Random,0.4,73.15,89.39,41.200745582580566,1.6731472728020058,121645.0,89.18,203264.0,
675,Random,0.4,73.1,88.86,40.348735332489014,1.6731472728020058,121645.0,89.18,203264.0,
978,Random,0.4,73.1,88.77,40.02850842475891,1.6731472728020058,121645.0,89.18,203264.0,
600,Random,0.4,73.1,88.61,39.56354904174805,1.6731472728020058,121645.0,89.18,203264.0,
454,Random,0.4,73.1,88.8,39.66274976730347,1.6731472728020058,121645.0,89.18,203264.0,
440,Random,0.4,73.1,88.59,40.84520483016968,1.6731472728020058,121645.0,89.18,203264.0,
55,Random,0.4,73.05,88.93,40.4561083316803,1.6731472728020058,121645.0,89.18,203264.0,
122,Random,0.4,73.05,88.15,40.1252715587616,1.6731472728020058,121645.0,89.18,203264.0,
416,Random,0.4,73.05,88.0,40.08617925643921,1.6731472728020058,121645.0,89.18,203264.0,
48,Random,0.4,73.0,88.99,39.90324640274048,1.6731472728020058,121645.0,89.18,203264.0,
758,Random,0.4,73.05,89.15,41.222413301467896,1.6731472728020058,121645.0,89.18,203264.0,
248,Random,0.4,73.0,88.87,40.36529302597046,1.6731472728020058,121645.0,89.18,203264.0,
269,Random,0.4,73.0,89.55,40.12638711929321,1.6731472728020058,121645.0,89.18,203264.0,
472,Random,0.4,73.0,88.61,40.281933069229126,1.6731472728020058,121645.0,89.18,203264.0,
822,Random,0.4,73.0,89.64,41.32628011703491,1.6731472728020058,121645.0,89.18,203264.0,
571,Random,0.4,72.95,89.35,40.22092294692993,1.6731472728020058,121645.0,89.18,203264.0,
534,Random,0.4,72.9,88.76,40.231157302856445,1.6731472728020058,121645.0,89.18,203264.0,
143,Random,0.4,72.85,88.88,40.0256085395813,1.6731472728020058,121645.0,89.18,203264.0,
90,Random,0.4,72.8,88.79,40.020466804504395,1.6731472728020058,121645.0,89.18,203264.0,
111,Random,0.4,72.8,88.71,40.07892608642578,1.6731472728020058,121645.0,89.18,203264.0,
561,Random,0.4,72.85,88.72,41.263596534729004,1.6731472728020058,121645.0,89.18,203264.0,
167,Random,0.4,72.8,88.43,40.107882261276245,1.6731472728020058,121645.0,89.18,203264.0,
329,Random,0.4,72.8,89.46,40.003029346466064,1.6731472728020058,121645.0,89.18,203264.0,
428,Random,0.4,72.8,88.74,40.264960527420044,1.6731472728020058,121645.0,89.18,203264.0,
115,Random,0.4,72.75,88.78,40.242687940597534,1.6731472728020058,121645.0,89.18,203264.0,
908,Random,0.4,72.8,88.33,41.2300386428833,1.6731472728020058,121645.0,89.18,203264.0,
221,Random,0.4,72.75,89.08,40.05039882659912,1.6731472728020058,121645.0,89.18,203264.0,
952,Random,0.4,72.75,88.59,39.932494163513184,1.6731472728020058,121645.0,89.18,203264.0,
854,Random,0.4,72.7,88.32,40.01670265197754,1.6731472728020058,121645.0,89.18,203264.0,
757,Random,0.4,72.65,89.09,39.92302060127258,1.6731472728020058,121645.0,89.18,203264.0,
293,Random,0.4,72.7,88.25,41.23298120498657,1.6731472728020058,121645.0,89.18,203264.0,
462,Random,0.4,72.65,88.24,39.976558208465576,1.6731472728020058,121645.0,89.18,203264.0,
254,Random,0.4,72.6,89.01,39.86707091331482,1.6731472728020058,121645.0,89.18,203264.0,
385,Random,0.4,72.6,88.68,39.88662028312683,1.6731472728020058,121645.0,89.18,203264.0,
627,Random,0.4,72.6,89.2,39.741989850997925,1.6731472728020058,121645.0,89.18,203264.0,
360,Random,0.4,72.6,89.16,41.04928660392761,1.6731472728020058,121645.0,89.18,203264.0,
649,Random,0.4,72.6,88.94,40.01832365989685,1.6731472728020058,121645.0,89.18,203264.0,
463,Random,0.4,72.6,88.82,39.980613231658936,1.6731472728020058,121645.0,89.18,203264.0,
23,Random,0.4,72.5,88.98,39.86358571052551,1.6731472728020058,121645.0,89.18,203264.0,
150,Random,0.4,72.5,88.97,39.930869817733765,1.6731472728020058,121645.0,89.18,203264.0,
578,Random,0.4,72.55,88.47,41.15684771537781,1.6731472728020058,121645.0,89.18,203264.0,
636,Random,0.4,72.5,88.42,39.925389766693115,1.6731472728020058,121645.0,89.18,203264.0,
621,Random,0.4,72.45,89.37,40.04739212989807,1.6731472728020058,121645.0,89.18,203264.0,
504,Random,0.4,72.45,88.59,39.85081744194031,1.6731472728020058,121645.0,89.18,203264.0,
225,Random,0.4,72.4,88.75,39.79256725311279,1.6731472728020058,121645.0,89.18,203264.0,
484,Random,0.4,72.45,88.52,41.004918813705444,1.6731472728020058,121645.0,89.18,203264.0,
290,Random,0.4,72.4,88.72,40.08979606628418,1.6731472728020058,121645.0,89.18,203264.0,
394,Random,0.4,72.35,88.74,39.90866303443909,1.6731472728020058,121645.0,89.18,203264.0,
577,Random,0.4,72.35,88.86,39.66966795921326,1.6731472728020058,121645.0,89.18,203264.0,
295,Random,0.4,72.3,88.95,39.948957443237305,1.6731472728020058,121645.0,89.18,203264.0,
407,Random,0.4,72.35,88.63,40.919517517089844,1.6731472728020058,121645.0,89.18,203264.0,
628,Random,0.4,72.3,88.32,39.87283182144165,1.6731472728020058,121645.0,89.18,203264.0,
805,Random,0.4,72.3,88.94,39.8409583568573,1.6731472728020058,121645.0,89.18,203264.0,
903,Random,0.4,72.25,88.68,40.00245404243469,1.6731472728020058,121645.0,89.18,203264.0,
31,Random,0.4,72.25,88.96,40.8313307762146,1.6731472728020058,121645.0,89.18,203264.0,
239,Random,0.4,72.2,88.91,39.93063712120056,1.6731472728020058,121645.0,89.18,203264.0,
338,Random,0.4,72.2,89.23,39.89084076881409,1.6731472728020058,121645.0,89.18,203264.0,
797,Random,0.4,72.2,88.66,39.8773078918457,1.6731472728020058,121645.0,89.18,203264.0,
855,Random,0.4,72.2,88.62,39.805959701538086,1.6731472728020058,121645.0,89.18,203264.0,
286,Random,0.4,72.15,89.59,39.9819176197052,1.6731472728020058,121645.0,89.18,203264.0,
817,Random,0.4,72.2,89.22,41.34541082382202,1.6731472728020058,121645.0,89.18,203264.0,
89,Random,0.4,72.1,88.87,39.91667675971985,1.6731472728020058,121645.0,89.18,203264.0,
359,Random,0.4,72.1,88.66,39.87534976005554,1.6731472728020058,121645.0,89.18,203264.0,
923,Random,0.4,72.1,88.4,39.90181350708008,1.6731472728020058,121645.0,89.18,203264.0,
782,Random,0.4,72.1,89.12,41.0677547454834,1.6731472728020058,121645.0,89.18,203264.0,
174,Random,0.4,72.0,88.33,39.99815392494202,1.6731472728020058,121645.0,89.18,203264.0,
339,Random,0.4,72.0,89.25,39.79715085029602,1.6731472728020058,121645.0,89.18,203264.0,
341,Random,0.4,72.0,88.36,39.74740290641785,1.6731472728020058,121645.0,89.18,203264.0,
558,Random,0.4,71.95,88.89,39.73521828651428,1.6731472728020058,121645.0,89.18,203264.0,
807,Random,0.4,71.95,88.79,40.832101821899414,1.6731472728020058,121645.0,89.18,203264.0,
701,Random,0.4,71.9,89.23,39.90846061706543,1.6731472728020058,121645.0,89.18,203264.0,
818,Random,0.4,71.9,89.28,40.0969557762146,1.6731472728020058,121645.0,89.18,203264.0,
306,Random,0.4,71.85,89.41,39.993342876434326,1.6731472728020058,121645.0,89.18,203264.0,
892,Random,0.4,71.85,88.4,40.018341302871704,1.6731472728020058,121645.0,89.18,203264.0,
28,Random,0.4,71.8,88.62,40.076958656311035,1.6731472728020058,121645.0,89.18,203264.0,
307,Random,0.4,71.85,88.41,41.126293897628784,1.6731472728020058,121645.0,89.18,203264.0,
154,Random,0.4,71.8,88.12,40.23829627037048,1.6731472728020058,121645.0,89.18,203264.0,
473,Random,0.4,71.8,88.75,40.216994524002075,1.6731472728020058,121645.0,89.18,203264.0,
22,Random,0.4,71.75,88.56,40.34956669807434,1.6731472728020058,121645.0,89.18,203264.0,
41,Random,0.4,71.75,89.15,40.217289209365845,1.6731472728020058,121645.0,89.18,203264.0,
3,Random,0.4,71.75,88.26,41.24413585662842,1.6731472728020058,121645.0,89.18,203264.0,
638,Random,0.4,71.75,89.19,40.305509090423584,1.6731472728020058,121645.0,89.18,203264.0,
459,Random,0.4,71.75,88.73,40.18751549720764,1.6731472728020058,121645.0,89.18,203264.0,
901,Random,0.4,71.7,88.82,40.22678017616272,1.6731472728020058,121645.0,89.18,203264.0,
423,Random,0.4,71.7,88.57,40.188064098358154,1.6731472728020058,121645.0,89.18,203264.0,
597,Random,0.4,71.75,89.12,41.635364294052124,1.6731472728020058,121645.0,89.18,203264.0,
235,Random,0.4,71.65,88.93,40.967714071273804,1.6731472728020058,121645.0,89.18,203264.0,
763,Random,0.4,71.65,88.52,40.19204759597778,1.6731472728020058,121645.0,89.18,203264.0,
999,Random,0.4,71.6,88.15,40.1830153465271,1.6731472728020058,121645.0,89.18,203264.0,
93,Random,0.4,71.55,88.31,40.29153752326965,1.6731472728020058,121645.0,89.18,203264.0,
964,Random,0.4,71.65,88.34,41.68152594566345,1.6731472728020058,121645.0,89.18,203264.0,
996,Random,0.4,71.55,88.58,40.745617628097534,1.6731472728020058,121645.0,89.18,203264.0,
312,Random,0.4,71.5,88.79,40.21303176879883,1.6731472728020058,121645.0,89.18,203264.0,
51,Random,0.4,71.45,88.99,41.38693451881409,1.6731472728020058,121645.0,89.18,203264.0,
438,Random,0.4,71.45,88.86,40.75886392593384,1.6731472728020058,121645.0,89.18,203264.0,
228,Random,0.4,71.4,89.37,41.04784631729126,1.6731472728020058,121645.0,89.18,203264.0,
696,Random,0.4,71.4,88.53,40.018219232559204,1.6731472728020058,121645.0,89.18,203264.0,
432,Random,0.4,71.4,88.62,40.04374885559082,1.6731472728020058,121645.0,89.18,203264.0,
550,Random,0.4,71.4,88.75,40.90922808647156,1.6731472728020058,121645.0,89.18,203264.0,
273,Random,0.4,71.35,88.67,40.572474241256714,1.6731472728020058,121645.0,89.18,203264.0,
495,Random,0.4,71.4,88.86,41.42886972427368,1.6731472728020058,121645.0,89.18,203264.0,
625,Random,0.4,71.35,89.24,39.999807357788086,1.6731472728020058,121645.0,89.18,203264.0,
829,Random,0.4,71.35,88.85,40.05394196510315,1.6731472728020058,121645.0,89.18,203264.0,
565,Random,0.4,71.3,88.99,40.18606233596802,1.6731472728020058,121645.0,89.18,203264.0,
137,Random,0.4,71.3,88.49,40.21512174606323,1.6731472728020058,121645.0,89.18,203264.0,
500,Random,0.4,71.35,88.48,42.7673134803772,1.6731472728020058,121645.0,89.18,203264.0,
258,Random,0.4,71.25,88.0,40.00486969947815,1.6731472728020058,121645.0,89.18,203264.0,
990,Random,0.4,71.25,88.62,40.116255044937134,1.6731472728020058,121645.0,89.18,203264.0,
263,Random,0.4,71.15,88.26,40.43733310699463,1.6731472728020058,121645.0,89.18,203264.0,
95,Random,0.4,71.2,89.1,41.302117109298706,1.6731472728020058,121645.0,89.18,203264.0,
279,Random,0.4,71.15,89.04,40.51099729537964,1.6731472728020058,121645.0,89.18,203264.0,
66,Random,0.4,71.1,89.44,40.10552382469177,1.6731472728020058,121645.0,89.18,203264.0,
92,Random,0.4,71.1,88.96,39.98943543434143,1.6731472728020058,121645.0,89.18,203264.0,
116,Random,0.4,71.05,89.24,40.31834650039673,1.6731472728020058,121645.0,89.18,203264.0,
596,Random,0.4,71.1,88.23,41.85360836982727,1.6731472728020058,121645.0,89.18,203264.0,
319,Random,0.4,71.0,89.2,40.30958414077759,1.6731472728020058,121645.0,89.18,203264.0,
469,Random,0.4,70.95,88.78,40.00785160064697,1.6731472728020058,121645.0,89.18,203264.0,
196,Random,0.4,70.9,88.29,40.004990577697754,1.6731472728020058,121645.0,89.18,203264.0,
974,Random,0.4,70.9,89.07,41.44143009185791,1.6731472728020058,121645.0,89.18,203264.0,
595,Random,0.4,70.8,88.55,40.26582646369934,1.6731472728020058,121645.0,89.18,203264.0,
546,Random,0.4,70.85,89.12,42.63711190223694,1.6731472728020058,121645.0,89.18,203264.0,
796,Random,0.4,70.7,89.19,40.137852907180786,1.6731472728020058,121645.0,89.18,203264.0,
498,Random,0.4,70.7,88.92,39.99056696891785,1.6731472728020058,121645.0,89.18,203264.0,
720,Random,0.4,70.6,88.76,40.4012234210968,1.6731472728020058,121645.0,89.18,203264.0,
302,Random,0.4,70.65,89.13,41.51762795448303,1.6731472728020058,121645.0,89.18,203264.0,
448,Random,0.4,70.45,89.2,42.09220814704895,1.6731472728020058,121645.0,89.18,203264.0,
247,Random,0.4,70.4,88.97,40.156001806259155,1.6731472728020058,121645.0,89.18,203264.0,
144,Random,0.4,70.25,88.7,40.005467891693115,1.6731472728020058,121645.0,89.18,203264.0,
298,Random,0.4,70.2,88.88,40.33746838569641,1.6731472728020058,121645.0,89.18,203264.0,
698,Random,0.4,70.25,89.5,41.97796630859375,1.6731472728020058,121645.0,89.18,203264.0,
726,Random,0.4,70.2,89.54,41.676836252212524,1.6731472728020058,121645.0,89.18,203264.0,
562,Random,0.4,70.15,88.51,39.9148268699646,1.6731472728020058,121645.0,89.18,203264.0,
528,Random,0.4,70.1,89.16,40.08876395225525,1.6731472728020058,121645.0,89.18,203264.0,
650,Random,0.4,69.95,89.19,40.55071187019348,1.6731472728020058,121645.0,89.18,203264.0,
567,Random,0.4,70.05,88.84,41.60465121269226,1.6731472728020058,121645.0,89.18,203264.0,
81,Random,0.4,69.9,89.17,40.51193952560425,1.6731472728020058,121645.0,89.18,203264.0,
665,Random,0.4,69.9,88.82,40.16231060028076,1.6731472728020058,121645.0,89.18,203264.0,
751,Random,0.4,69.85,89.21,40.18819189071655,1.6731472728020058,121645.0,89.18,203264.0,
299,Random,0.4,69.6,88.58,40.243143796920776,1.6731472728020058,121645.0,89.18,203264.0,
480,Random,0.4,69.75,88.85,41.82506561279297,1.6731472728020058,121645.0,89.18,203264.0,
979,Random,0.4,69.4,88.31,40.43005394935608,1.6731472728020058,121645.0,89.18,203264.0,
611,Random,0.4,69.35,88.67,40.19228386878967,1.6731472728020058,121645.0,89.18,203264.0,
128,Random,0.4,69.3,87.78,40.15295624732971,1.6731472728020058,121645.0,89.18,203264.0,
67,Random,0.4,69.25,88.93,41.61568546295166,1.6731472728020058,121645.0,89.18,203264.0,
547,Random,0.4,69.25,88.55,40.208128213882446,1.6731472728020058,121645.0,89.18,203264.0,
145,Random,0.4,69.0,89.02,40.602823972702026,1.6731472728020058,121645.0,89.18,203264.0,
839,Random,0.4,69.0,89.01,39.87815451622009,1.6731472728020058,121645.0,89.18,203264.0,
888,Random,0.4,68.9,88.8,40.21440362930298,1.6731472728020058,121645.0,89.18,203264.0,
383,Random,0.4,68.65,88.78,40.30632424354553,1.6731472728020058,121645.0,89.18,203264.0,
931,Random,0.4,68.75,89.05,41.83546996116638,1.6731472728020058,121645.0,89.18,203264.0,
101,Random,0.4,68.4,88.6,40.32508397102356,1.6731472728020058,121645.0,89.18,203264.0,
53,Random,0.4,68.2,88.76,39.90645384788513,1.6731472728020058,121645.0,89.18,203264.0,
10,Random,0.4,68.15,88.67,40.29847049713135,1.6731472728020058,121645.0,89.18,203264.0,
786,Random,0.4,67.85,88.92,40.561240673065186,1.6731472728020058,121645.0,89.18,203264.0,
382,Random,0.4,67.85,89.09,42.21232604980469,1.6731472728020058,121645.0,89.18,203264.0,
327,Random,0.4,67.6,88.93,41.01468873023987,1.6731472728020058,121645.0,89.18,203264.0,
713,Random,0.4,67.4,88.1,40.12628436088562,1.6731472728020058,121645.0,89.18,203264.0,
783,Random,0.4,67.35,88.41,40.07853603363037,1.6731472728020058,121645.0,89.18,203264.0,
227,Random,0.4,67.25,88.29,40.21467709541321,1.6731472728020058,121645.0,89.18,203264.0,
509,Random,0.4,67.2,88.85,40.61114287376404,1.6731472728020058,121645.0,89.18,203264.0,
64,Random,0.4,67.25,88.62,42.01342797279358,1.6731472728020058,121645.0,89.18,203264.0,
105,Random,0.4,66.8,88.95,40.272016286849976,1.6731472728020058,121645.0,89.18,203264.0,
161,Random,0.4,66.6,89.55,40.274842262268066,1.6731472728020058,121645.0,89.18,203264.0,
47,Random,0.4,66.3,88.32,40.906203269958496,1.6731472728020058,121645.0,89.18,203264.0,
402,Random,0.4,66.3,88.71,40.474186420440674,1.6731472728020058,121645.0,89.18,203264.0,
603,Random,0.4,66.4,88.51,42.70809864997864,1.6731472728020058,121645.0,89.18,203264.0,
125,Random,0.4,65.85,88.15,40.150389671325684,1.6731472728020058,121645.0,89.18,203264.0,
277,Random,0.4,65.0,89.2,39.880194902420044,1.6731472728020058,121645.0,89.18,203264.0,
631,Random,0.4,64.4,89.08,40.22884511947632,1.6731472728020058,121645.0,89.18,203264.0,
11,Random,0.4,64.1,88.97,40.31926703453064,1.6731472728020058,121645.0,89.18,203264.0,
164,Random,0.4,64.85,88.33,42.37466382980347,1.6731472728020058,121645.0,89.18,203264.0,
998,Random,0.4,63.25,88.56,40.013683795928955,1.6731472728020058,121645.0,89.18,203264.0,
352,Random,0.4,61.9,88.5,40.089072465896606,1.6731472728020058,121645.0,89.18,203264.0,
1,Spectral,0.4,,88.49,25.676357984542847,1.6622835674616139,122440.0,89.18,203264.0,122276.0
