Iteration,Method,Prune_Ratio,Baseline_Candidate_Acc,Accuracy_After_Finetuning,Training_Time_sec,Compression_Rate,Params,Baseline_Accuracy,Baseline_FLOPs,Pruned_FLOPs
282,Random,0.2,97.05,97.83,40.1732439994812,1.2548862445280227,162190.0,97.89,203264.0,
399,Random,0.2,97.05,98.18,40.32284212112427,1.2548862445280227,162190.0,97.89,203264.0,
620,Random,0.2,97.1,97.99,41.06716704368591,1.2548862445280227,162190.0,97.89,203264.0,
137,Random,0.2,97.0,97.82,40.28148293495178,1.2548862445280227,162190.0,97.89,203264.0,
699,Random,0.2,97.15,97.91,41.74504590034485,1.2548862445280227,162190.0,97.89,203264.0,
468,Random,0.2,97.0,97.91,40.2191002368927,1.2548862445280227,162190.0,97.89,203264.0,
968,Random,0.2,97.05,97.87,40.70872735977173,1.2548862445280227,162190.0,97.89,203264.0,
464,Random,0.2,97.0,98.05,40.564746379852295,1.2548862445280227,162190.0,97.89,203264.0,
209,Random,0.2,96.95,98.14,39.307392597198486,1.2548862445280227,162190.0,97.89,203264.0,
307,Random,0.2,97.0,98.13,39.813602924346924,1.2548862445280227,162190.0,97.89,203264.0,
373,Random,0.2,96.95,98.07,39.41940903663635,1.2548862445280227,162190.0,97.89,203264.0,
487,Random,0.2,96.95,97.99,39.49355602264404,1.2548862445280227,162190.0,97.89,203264.0,
255,Random,0.2,96.95,97.98,39.62107706069946,1.2548862445280227,162190.0,97.89,203264.0,
619,Random,0.2,96.95,98.11,39.717061042785645,1.2548862445280227,162190.0,97.89,203264.0,
215,Random,0.2,96.95,97.91,39.90276074409485,1.2548862445280227,162190.0,97.89,203264.0,
931,Random,0.2,96.9,97.75,39.864259243011475,1.2548862445280227,162190.0,97.89,203264.0,
253,Random,0.2,96.9,97.99,39.92014837265015,1.2548862445280227,162190.0,97.89,203264.0,
319,Random,0.2,96.9,97.72,39.77339744567871,1.2548862445280227,162190.0,97.89,203264.0,
67,Random,0.2,96.85,98.06,39.908796310424805,1.2548862445280227,162190.0,97.89,203264.0,
136,Random,0.2,96.9,97.7,39.818119287490845,1.2548862445280227,162190.0,97.89,203264.0,
214,Random,0.2,96.9,97.99,40.11150574684143,1.2548862445280227,162190.0,97.89,203264.0,
442,Random,0.2,96.9,97.7,40.004318952560425,1.2548862445280227,162190.0,97.89,203264.0,
702,Random,0.2,96.9,97.89,39.89401364326477,1.2548862445280227,162190.0,97.89,203264.0,
519,Random,0.2,96.9,97.84,40.12316632270813,1.2548862445280227,162190.0,97.89,203264.0,
628,Random,0.2,96.85,98.09,39.72752356529236,1.2548862445280227,162190.0,97.89,203264.0,
334,Random,0.2,96.85,98.09,39.89967346191406,1.2548862445280227,162190.0,97.89,203264.0,
543,Random,0.2,96.85,98.16,39.93130898475647,1.2548862445280227,162190.0,97.89,203264.0,
299,Random,0.2,96.8,98.14,39.95676350593567,1.2548862445280227,162190.0,97.89,203264.0,
765,Random,0.2,96.85,97.97,40.14656090736389,1.2548862445280227,162190.0,97.89,203264.0,
235,Random,0.2,96.85,98.08,40.41021704673767,1.2548862445280227,162190.0,97.89,203264.0,
555,Random,0.2,96.8,97.99,40.11692237854004,1.2548862445280227,162190.0,97.89,203264.0,
772,Random,0.2,96.8,97.92,40.0606529712677,1.2548862445280227,162190.0,97.89,203264.0,
788,Random,0.2,96.8,97.83,39.71320080757141,1.2548862445280227,162190.0,97.89,203264.0,
1,Random,0.2,96.75,98.02,39.641130208969116,1.2548862445280227,162190.0,97.89,203264.0,
24,Random,0.2,96.75,98.09,39.743752002716064,1.2548862445280227,162190.0,97.89,203264.0,
114,Random,0.2,96.75,97.85,39.95612049102783,1.2548862445280227,162190.0,97.89,203264.0,
68,Random,0.2,96.75,97.95,39.98016381263733,1.2548862445280227,162190.0,97.89,203264.0,
146,Random,0.2,96.75,98.08,39.98162770271301,1.2548862445280227,162190.0,97.89,203264.0,
41,Random,0.2,96.75,97.87,39.9853675365448,1.2548862445280227,162190.0,97.89,203264.0,
153,Random,0.2,96.75,98.06,40.08002972602844,1.2548862445280227,162190.0,97.89,203264.0,
168,Random,0.2,96.75,97.91,39.566537857055664,1.2548862445280227,162190.0,97.89,203264.0,
453,Random,0.2,96.75,98.17,39.56244707107544,1.2548862445280227,162190.0,97.89,203264.0,
266,Random,0.2,96.75,98.09,39.82812523841858,1.2548862445280227,162190.0,97.89,203264.0,
504,Random,0.2,96.75,98.01,39.799010276794434,1.2548862445280227,162190.0,97.89,203264.0,
289,Random,0.2,96.75,97.86,39.84705114364624,1.2548862445280227,162190.0,97.89,203264.0,
643,Random,0.2,96.75,97.92,39.68550753593445,1.2548862445280227,162190.0,97.89,203264.0,
797,Random,0.2,96.75,98.05,39.8955397605896,1.2548862445280227,162190.0,97.89,203264.0,
756,Random,0.2,96.75,98.08,39.829707860946655,1.2548862445280227,162190.0,97.89,203264.0,
835,Random,0.2,96.75,98.04,39.615649461746216,1.2548862445280227,162190.0,97.89,203264.0,
864,Random,0.2,96.75,98.15,39.56048250198364,1.2548862445280227,162190.0,97.89,203264.0,
891,Random,0.2,96.7,98.24,39.7432279586792,1.2548862445280227,162190.0,97.89,203264.0,
182,Random,0.2,96.7,97.91,39.619580030441284,1.2548862445280227,162190.0,97.89,203264.0,
145,Random,0.2,96.7,98.12,39.70233201980591,1.2548862445280227,162190.0,97.89,203264.0,
467,Random,0.2,96.7,97.91,39.68658638000488,1.2548862445280227,162190.0,97.89,203264.0,
221,Random,0.2,96.7,98.04,39.81938624382019,1.2548862445280227,162190.0,97.89,203264.0,
134,Random,0.2,96.7,97.91,39.88258695602417,1.2548862445280227,162190.0,97.89,203264.0,
353,Random,0.2,96.7,98.09,39.63037371635437,1.2548862445280227,162190.0,97.89,203264.0,
363,Random,0.2,96.7,97.98,39.58538031578064,1.2548862445280227,162190.0,97.89,203264.0,
531,Random,0.2,96.7,97.96,40.178025245666504,1.2548862445280227,162190.0,97.89,203264.0,
766,Random,0.2,96.7,98.09,39.80285882949829,1.2548862445280227,162190.0,97.89,203264.0,
710,Random,0.2,96.7,98.06,40.00937056541443,1.2548862445280227,162190.0,97.89,203264.0,
661,Random,0.2,96.7,98.1,39.857014656066895,1.2548862445280227,162190.0,97.89,203264.0,
795,Random,0.2,96.7,98.08,39.97972345352173,1.2548862445280227,162190.0,97.89,203264.0,
8,Random,0.2,96.65,97.82,39.80957555770874,1.2548862445280227,162190.0,97.89,203264.0,
45,Random,0.2,96.65,98.02,39.570205211639404,1.2548862445280227,162190.0,97.89,203264.0,
876,Random,0.2,96.65,97.82,39.83400630950928,1.2548862445280227,162190.0,97.89,203264.0,
967,Random,0.2,96.65,97.77,40.03937005996704,1.2548862445280227,162190.0,97.89,203264.0,
996,Random,0.2,96.65,97.98,39.891897439956665,1.2548862445280227,162190.0,97.89,203264.0,
141,Random,0.2,96.65,98.01,39.76200747489929,1.2548862445280227,162190.0,97.89,203264.0,
131,Random,0.2,96.65,98.04,39.99686861038208,1.2548862445280227,162190.0,97.89,203264.0,
197,Random,0.2,96.65,97.9,40.077880859375,1.2548862445280227,162190.0,97.89,203264.0,
431,Random,0.2,96.65,97.83,39.86474823951721,1.2548862445280227,162190.0,97.89,203264.0,
283,Random,0.2,96.65,97.93,39.55090951919556,1.2548862445280227,162190.0,97.89,203264.0,
349,Random,0.2,96.65,98.01,39.73563075065613,1.2548862445280227,162190.0,97.89,203264.0,
360,Random,0.2,96.65,97.98,39.977333784103394,1.2548862445280227,162190.0,97.89,203264.0,
542,Random,0.2,96.65,97.9,39.92037653923035,1.2548862445280227,162190.0,97.89,203264.0,
579,Random,0.2,96.65,97.98,39.84294629096985,1.2548862445280227,162190.0,97.89,203264.0,
650,Random,0.2,96.65,98.04,40.07576036453247,1.2548862445280227,162190.0,97.89,203264.0,
970,Random,0.2,96.6,97.91,40.096813440322876,1.2548862445280227,162190.0,97.89,203264.0,
826,Random,0.2,96.65,98.08,40.21884608268738,1.2548862445280227,162190.0,97.89,203264.0,
226,Random,0.2,96.6,97.87,39.672606468200684,1.2548862445280227,162190.0,97.89,203264.0,
241,Random,0.2,96.6,98.08,39.72360682487488,1.2548862445280227,162190.0,97.89,203264.0,
379,Random,0.2,96.6,98.06,40.01678824424744,1.2548862445280227,162190.0,97.89,203264.0,
263,Random,0.2,96.6,97.94,39.965739727020264,1.2548862445280227,162190.0,97.89,203264.0,
291,Random,0.2,96.6,97.99,39.82925009727478,1.2548862445280227,162190.0,97.89,203264.0,
330,Random,0.2,96.6,98.22,40.01465201377869,1.2548862445280227,162190.0,97.89,203264.0,
652,Random,0.2,96.6,97.82,40.07668614387512,1.2548862445280227,162190.0,97.89,203264.0,
625,Random,0.2,96.6,97.88,40.133395195007324,1.2548862445280227,162190.0,97.89,203264.0,
707,Random,0.2,96.6,97.99,39.56091785430908,1.2548862445280227,162190.0,97.89,203264.0,
750,Random,0.2,96.6,98.09,39.72810673713684,1.2548862445280227,162190.0,97.89,203264.0,
751,Random,0.2,96.6,97.87,40.18440771102905,1.2548862445280227,162190.0,97.89,203264.0,
818,Random,0.2,96.6,97.85,39.94485545158386,1.2548862445280227,162190.0,97.89,203264.0,
853,Random,0.2,96.6,98.11,39.84138226509094,1.2548862445280227,162190.0,97.89,203264.0,
32,Random,0.2,96.55,98.01,40.07655644416809,1.2548862445280227,162190.0,97.89,203264.0,
895,Random,0.2,96.55,97.97,40.06436085700989,1.2548862445280227,162190.0,97.89,203264.0,
112,Random,0.2,96.55,98.26,41.08881664276123,1.2548862445280227,162190.0,97.89,203264.0,
937,Random,0.2,96.55,97.81,39.49968457221985,1.2548862445280227,162190.0,97.89,203264.0,
177,Random,0.2,96.55,98.02,39.98955321311951,1.2548862445280227,162190.0,97.89,203264.0,
207,Random,0.2,96.55,98.03,40.08337688446045,1.2548862445280227,162190.0,97.89,203264.0,
404,Random,0.2,96.55,97.77,39.86774253845215,1.2548862445280227,162190.0,97.89,203264.0,
342,Random,0.2,96.55,97.83,39.80126762390137,1.2548862445280227,162190.0,97.89,203264.0,
343,Random,0.2,96.55,97.94,39.95849633216858,1.2548862445280227,162190.0,97.89,203264.0,
347,Random,0.2,96.55,97.95,40.0792133808136,1.2548862445280227,162190.0,97.89,203264.0,
371,Random,0.2,96.55,98.21,41.15891981124878,1.2548862445280227,162190.0,97.89,203264.0,
599,Random,0.2,96.55,98.1,39.596965312957764,1.2548862445280227,162190.0,97.89,203264.0,
697,Random,0.2,96.55,98.03,39.99400782585144,1.2548862445280227,162190.0,97.89,203264.0,
14,Random,0.2,96.5,97.88,39.73236584663391,1.2548862445280227,162190.0,97.89,203264.0,
713,Random,0.2,96.55,98.01,39.847214460372925,1.2548862445280227,162190.0,97.89,203264.0,
720,Random,0.2,96.55,97.89,39.88036322593689,1.2548862445280227,162190.0,97.89,203264.0,
37,Random,0.2,96.5,98.11,39.97298765182495,1.2548862445280227,162190.0,97.89,203264.0,
38,Random,0.2,96.5,97.8,40.040754079818726,1.2548862445280227,162190.0,97.89,203264.0,
86,Random,0.2,96.5,98.15,41.54548645019531,1.2548862445280227,162190.0,97.89,203264.0,
984,Random,0.2,96.5,97.99,39.70588707923889,1.2548862445280227,162190.0,97.89,203264.0,
150,Random,0.2,96.5,98.02,39.98700547218323,1.2548862445280227,162190.0,97.89,203264.0,
161,Random,0.2,96.5,97.91,39.860594511032104,1.2548862445280227,162190.0,97.89,203264.0,
204,Random,0.2,96.5,98.01,39.725693464279175,1.2548862445280227,162190.0,97.89,203264.0,
249,Random,0.2,96.5,98.01,39.88604211807251,1.2548862445280227,162190.0,97.89,203264.0,
170,Random,0.2,96.5,98.11,40.10566782951355,1.2548862445280227,162190.0,97.89,203264.0,
414,Random,0.2,96.5,97.98,39.99947690963745,1.2548862445280227,162190.0,97.89,203264.0,
493,Random,0.2,96.5,97.86,41.195456981658936,1.2548862445280227,162190.0,97.89,203264.0,
278,Random,0.2,96.5,98.04,39.70469403266907,1.2548862445280227,162190.0,97.89,203264.0,
325,Random,0.2,96.5,98.03,39.96631574630737,1.2548862445280227,162190.0,97.89,203264.0,
616,Random,0.2,96.5,98.1,39.82065725326538,1.2548862445280227,162190.0,97.89,203264.0,
739,Random,0.2,96.5,97.98,39.75466752052307,1.2548862445280227,162190.0,97.89,203264.0,
761,Random,0.2,96.5,98.0,39.94214081764221,1.2548862445280227,162190.0,97.89,203264.0,
764,Random,0.2,96.5,97.86,40.173134326934814,1.2548862445280227,162190.0,97.89,203264.0,
87,Random,0.2,96.45,98.02,40.037686824798584,1.2548862445280227,162190.0,97.89,203264.0,
116,Random,0.2,96.45,98.0,41.09810924530029,1.2548862445280227,162190.0,97.89,203264.0,
883,Random,0.2,96.45,98.1,39.75815558433533,1.2548862445280227,162190.0,97.89,203264.0,
926,Random,0.2,96.45,98.07,40.00035214424133,1.2548862445280227,162190.0,97.89,203264.0,
932,Random,0.2,96.45,98.08,39.90116548538208,1.2548862445280227,162190.0,97.89,203264.0,
965,Random,0.2,96.45,97.99,39.8807270526886,1.2548862445280227,162190.0,97.89,203264.0,
139,Random,0.2,96.45,97.91,39.87018871307373,1.2548862445280227,162190.0,97.89,203264.0,
169,Random,0.2,96.45,98.19,40.015283823013306,1.2548862445280227,162190.0,97.89,203264.0,
187,Random,0.2,96.45,97.95,40.09267783164978,1.2548862445280227,162190.0,97.89,203264.0,
234,Random,0.2,96.45,98.1,40.893985986709595,1.2548862445280227,162190.0,97.89,203264.0,
413,Random,0.2,96.45,97.96,39.64354228973389,1.2548862445280227,162190.0,97.89,203264.0,
495,Random,0.2,96.45,98.01,39.890379667282104,1.2548862445280227,162190.0,97.89,203264.0,
300,Random,0.2,96.45,98.11,39.799925804138184,1.2548862445280227,162190.0,97.89,203264.0,
305,Random,0.2,96.45,98.23,39.76417350769043,1.2548862445280227,162190.0,97.89,203264.0,
308,Random,0.2,96.45,98.07,39.83915734291077,1.2548862445280227,162190.0,97.89,203264.0,
345,Random,0.2,96.45,98.03,40.389750957489014,1.2548862445280227,162190.0,97.89,203264.0,
355,Random,0.2,96.45,98.09,39.96719026565552,1.2548862445280227,162190.0,97.89,203264.0,
550,Random,0.2,96.45,97.9,40.96716785430908,1.2548862445280227,162190.0,97.89,203264.0,
584,Random,0.2,96.45,98.21,39.61473631858826,1.2548862445280227,162190.0,97.89,203264.0,
597,Random,0.2,96.45,97.91,39.92291235923767,1.2548862445280227,162190.0,97.89,203264.0,
609,Random,0.2,96.45,98.09,39.85245966911316,1.2548862445280227,162190.0,97.89,203264.0,
2,Random,0.2,96.4,98.06,39.7245659828186,1.2548862445280227,162190.0,97.89,203264.0,
11,Random,0.2,96.4,97.92,39.80923533439636,1.2548862445280227,162190.0,97.89,203264.0,
42,Random,0.2,96.4,98.19,40.048094034194946,1.2548862445280227,162190.0,97.89,203264.0,
106,Random,0.2,96.4,98.11,40.01060199737549,1.2548862445280227,162190.0,97.89,203264.0,
227,Random,0.2,96.4,98.04,41.2928569316864,1.2548862445280227,162190.0,97.89,203264.0,
383,Random,0.2,96.4,98.04,39.6398069858551,1.2548862445280227,162190.0,97.89,203264.0,
447,Random,0.2,96.4,98.06,39.95245814323425,1.2548862445280227,162190.0,97.89,203264.0,
272,Random,0.2,96.4,98.04,39.870564222335815,1.2548862445280227,162190.0,97.89,203264.0,
544,Random,0.2,96.4,98.15,39.77779507637024,1.2548862445280227,162190.0,97.89,203264.0,
582,Random,0.2,96.4,98.05,39.878862380981445,1.2548862445280227,162190.0,97.89,203264.0,
632,Random,0.2,96.4,98.14,40.08246326446533,1.2548862445280227,162190.0,97.89,203264.0,
668,Random,0.2,96.4,97.92,40.02399778366089,1.2548862445280227,162190.0,97.89,203264.0,
690,Random,0.2,96.4,98.12,41.56466722488403,1.2548862445280227,162190.0,97.89,203264.0,
733,Random,0.2,96.4,97.79,39.69227457046509,1.2548862445280227,162190.0,97.89,203264.0,
746,Random,0.2,96.4,97.95,40.28953194618225,1.2548862445280227,162190.0,97.89,203264.0,
811,Random,0.2,96.4,98.03,39.83796167373657,1.2548862445280227,162190.0,97.89,203264.0,
851,Random,0.2,96.4,97.9,39.827512979507446,1.2548862445280227,162190.0,97.89,203264.0,
31,Random,0.2,96.35,97.87,39.89696955680847,1.2548862445280227,162190.0,97.89,203264.0,
59,Random,0.2,96.35,98.11,40.08466291427612,1.2548862445280227,162190.0,97.89,203264.0,
44,Random,0.2,96.35,98.03,41.72116041183472,1.2548862445280227,162190.0,97.89,203264.0,
117,Random,0.2,96.35,98.01,40.410773038864136,1.2548862445280227,162190.0,97.89,203264.0,
941,Random,0.2,96.35,98.11,39.55426239967346,1.2548862445280227,162190.0,97.89,203264.0,
944,Random,0.2,96.35,98.11,40.56977295875549,1.2548862445280227,162190.0,97.89,203264.0,
969,Random,0.2,96.35,98.0,39.83975958824158,1.2548862445280227,162190.0,97.89,203264.0,
990,Random,0.2,96.35,98.04,39.850985050201416,1.2548862445280227,162190.0,97.89,203264.0,
147,Random,0.2,96.35,98.14,39.9350688457489,1.2548862445280227,162190.0,97.89,203264.0,
205,Random,0.2,96.35,98.07,40.00632691383362,1.2548862445280227,162190.0,97.89,203264.0,
246,Random,0.2,96.35,97.86,41.17160654067993,1.2548862445280227,162190.0,97.89,203264.0,
393,Random,0.2,96.35,97.86,39.96797060966492,1.2548862445280227,162190.0,97.89,203264.0,
415,Random,0.2,96.35,98.09,39.62411093711853,1.2548862445280227,162190.0,97.89,203264.0,
251,Random,0.2,96.35,98.03,39.920053005218506,1.2548862445280227,162190.0,97.89,203264.0,
276,Random,0.2,96.35,98.04,39.87423658370972,1.2548862445280227,162190.0,97.89,203264.0,
426,Random,0.2,96.35,98.14,40.67254614830017,1.2548862445280227,162190.0,97.89,203264.0,
326,Random,0.2,96.35,97.7,39.997509479522705,1.2548862445280227,162190.0,97.89,203264.0,
358,Random,0.2,96.35,98.11,39.880775928497314,1.2548862445280227,162190.0,97.89,203264.0,
505,Random,0.2,96.35,98.13,40.067452907562256,1.2548862445280227,162190.0,97.89,203264.0,
537,Random,0.2,96.35,97.89,39.861093044281006,1.2548862445280227,162190.0,97.89,203264.0,
564,Random,0.2,96.35,98.05,39.579113245010376,1.2548862445280227,162190.0,97.89,203264.0,
614,Random,0.2,96.35,97.96,39.80194973945618,1.2548862445280227,162190.0,97.89,203264.0,
635,Random,0.2,96.35,98.17,39.68941521644592,1.2548862445280227,162190.0,97.89,203264.0,
571,Random,0.2,96.35,98.03,40.76868271827698,1.2548862445280227,162190.0,97.89,203264.0,
659,Random,0.2,96.35,98.26,39.8438777923584,1.2548862445280227,162190.0,97.89,203264.0,
680,Random,0.2,96.35,98.09,39.84017753601074,1.2548862445280227,162190.0,97.89,203264.0,
696,Random,0.2,96.35,98.14,39.91790819168091,1.2548862445280227,162190.0,97.89,203264.0,
728,Random,0.2,96.35,98.07,40.015745639801025,1.2548862445280227,162190.0,97.89,203264.0,
859,Random,0.2,96.35,97.94,39.62464761734009,1.2548862445280227,162190.0,97.89,203264.0,
409,Random,0.2,96.3,97.72,39.827574014663696,1.2548862445280227,162190.0,97.89,203264.0,
993,Random,0.2,96.3,98.03,40.03622531890869,1.2548862445280227,162190.0,97.89,203264.0,
430,Random,0.2,96.3,98.03,39.889989376068115,1.2548862445280227,162190.0,97.89,203264.0,
974,Random,0.2,96.3,97.74,41.125234842300415,1.2548862445280227,162190.0,97.89,203264.0,
490,Random,0.2,96.3,98.0,39.89967226982117,1.2548862445280227,162190.0,97.89,203264.0,
499,Random,0.2,96.3,98.27,39.88450241088867,1.2548862445280227,162190.0,97.89,203264.0,
317,Random,0.2,96.3,98.0,39.9340877532959,1.2548862445280227,162190.0,97.89,203264.0,
346,Random,0.2,96.3,98.1,39.562819719314575,1.2548862445280227,162190.0,97.89,203264.0,
815,Random,0.2,96.3,98.04,39.6552939414978,1.2548862445280227,162190.0,97.89,203264.0,
830,Random,0.2,96.3,97.83,40.00597906112671,1.2548862445280227,162190.0,97.89,203264.0,
573,Random,0.2,96.3,97.87,40.75966024398804,1.2548862445280227,162190.0,97.89,203264.0,
99,Random,0.2,96.25,98.08,39.73951268196106,1.2548862445280227,162190.0,97.89,203264.0,
101,Random,0.2,96.25,97.91,39.84000754356384,1.2548862445280227,162190.0,97.89,203264.0,
124,Random,0.2,96.25,97.9,39.82824349403381,1.2548862445280227,162190.0,97.89,203264.0,
882,Random,0.2,96.25,97.83,39.88376045227051,1.2548862445280227,162190.0,97.89,203264.0,
890,Random,0.2,96.25,98.03,39.55210471153259,1.2548862445280227,162190.0,97.89,203264.0,
172,Random,0.2,96.25,97.9,39.86077857017517,1.2548862445280227,162190.0,97.89,203264.0,
164,Random,0.2,96.25,97.78,39.89312148094177,1.2548862445280227,162190.0,97.89,203264.0,
158,Random,0.2,96.25,98.05,40.74474620819092,1.2548862445280227,162190.0,97.89,203264.0,
396,Random,0.2,96.25,97.91,39.693206548690796,1.2548862445280227,162190.0,97.89,203264.0,
403,Random,0.2,96.25,97.8,39.899311542510986,1.2548862445280227,162190.0,97.89,203264.0,
437,Random,0.2,96.25,97.97,40.00280833244324,1.2548862445280227,162190.0,97.89,203264.0,
451,Random,0.2,96.25,98.17,40.453943490982056,1.2548862445280227,162190.0,97.89,203264.0,
456,Random,0.2,96.25,98.02,39.57581424713135,1.2548862445280227,162190.0,97.89,203264.0,
265,Random,0.2,96.25,98.08,39.83973455429077,1.2548862445280227,162190.0,97.89,203264.0,
257,Random,0.2,96.25,97.8,39.90508031845093,1.2548862445280227,162190.0,97.89,203264.0,
332,Random,0.2,96.25,97.96,39.79038906097412,1.2548862445280227,162190.0,97.89,203264.0,
477,Random,0.2,96.25,98.1,40.77737236022949,1.2548862445280227,162190.0,97.89,203264.0,
336,Random,0.2,96.25,98.18,39.832146406173706,1.2548862445280227,162190.0,97.89,203264.0,
339,Random,0.2,96.25,98.15,40.31471490859985,1.2548862445280227,162190.0,97.89,203264.0,
354,Random,0.2,96.25,97.93,40.95309805870056,1.2548862445280227,162190.0,97.89,203264.0,
508,Random,0.2,96.25,98.05,39.70382761955261,1.2548862445280227,162190.0,97.89,203264.0,
574,Random,0.2,96.25,97.8,39.78388261795044,1.2548862445280227,162190.0,97.89,203264.0,
567,Random,0.2,96.25,97.88,39.86862897872925,1.2548862445280227,162190.0,97.89,203264.0,
520,Random,0.2,96.25,97.9,40.58967399597168,1.2548862445280227,162190.0,97.89,203264.0,
626,Random,0.2,96.25,97.99,39.77888631820679,1.2548862445280227,162190.0,97.89,203264.0,
682,Random,0.2,96.25,97.91,39.90580129623413,1.2548862445280227,162190.0,97.89,203264.0,
684,Random,0.2,96.25,98.02,40.629823207855225,1.2548862445280227,162190.0,97.89,203264.0,
774,Random,0.2,96.25,98.07,40.81348967552185,1.2548862445280227,162190.0,97.89,203264.0,
798,Random,0.2,96.25,98.15,39.557049036026,1.2548862445280227,162190.0,97.89,203264.0,
837,Random,0.2,96.25,98.1,39.85165309906006,1.2548862445280227,162190.0,97.89,203264.0,
863,Random,0.2,96.25,98.04,39.78951144218445,1.2548862445280227,162190.0,97.89,203264.0,
868,Random,0.2,96.25,98.07,39.893099308013916,1.2548862445280227,162190.0,97.89,203264.0,
813,Random,0.2,96.25,97.97,40.73553681373596,1.2548862445280227,162190.0,97.89,203264.0,
869,Random,0.2,96.25,97.95,40.134721755981445,1.2548862445280227,162190.0,97.89,203264.0,
872,Random,0.2,96.25,97.85,41.42317533493042,1.2548862445280227,162190.0,97.89,203264.0,
49,Random,0.2,96.2,97.99,40.04428267478943,1.2548862445280227,162190.0,97.89,203264.0,
53,Random,0.2,96.2,98.15,39.72037053108215,1.2548862445280227,162190.0,97.89,203264.0,
954,Random,0.2,96.2,97.98,39.96429896354675,1.2548862445280227,162190.0,97.89,203264.0,
142,Random,0.2,96.2,97.97,39.843196868896484,1.2548862445280227,162190.0,97.89,203264.0,
989,Random,0.2,96.2,98.07,39.97148323059082,1.2548862445280227,162190.0,97.89,203264.0,
94,Random,0.2,96.2,98.17,40.37467670440674,1.2548862445280227,162190.0,97.89,203264.0,
202,Random,0.2,96.2,98.15,40.05620265007019,1.2548862445280227,162190.0,97.89,203264.0,
218,Random,0.2,96.2,97.84,41.085795402526855,1.2548862445280227,162190.0,97.89,203264.0,
247,Random,0.2,96.2,97.81,40.41290998458862,1.2548862445280227,162190.0,97.89,203264.0,
407,Random,0.2,96.2,97.87,39.68918776512146,1.2548862445280227,162190.0,97.89,203264.0,
408,Random,0.2,96.2,98.06,39.768468618392944,1.2548862445280227,162190.0,97.89,203264.0,
275,Random,0.2,96.2,97.86,39.83605885505676,1.2548862445280227,162190.0,97.89,203264.0,
552,Random,0.2,96.2,98.01,39.803051471710205,1.2548862445280227,162190.0,97.89,203264.0,
417,Random,0.2,96.2,97.93,39.973875284194946,1.2548862445280227,162190.0,97.89,203264.0,
572,Random,0.2,96.2,98.15,40.032050132751465,1.2548862445280227,162190.0,97.89,203264.0,
593,Random,0.2,96.2,98.03,42.44257211685181,1.2548862445280227,162190.0,97.89,203264.0,
612,Random,0.2,96.2,97.92,39.76684546470642,1.2548862445280227,162190.0,97.89,203264.0,
649,Random,0.2,96.2,98.09,39.54054307937622,1.2548862445280227,162190.0,97.89,203264.0,
674,Random,0.2,96.2,97.88,39.764238357543945,1.2548862445280227,162190.0,97.89,203264.0,
747,Random,0.2,96.2,98.02,39.70340371131897,1.2548862445280227,162190.0,97.89,203264.0,
689,Random,0.2,96.2,97.84,39.83057904243469,1.2548862445280227,162190.0,97.89,203264.0,
730,Random,0.2,96.2,98.09,39.94812226295471,1.2548862445280227,162190.0,97.89,203264.0,
754,Random,0.2,96.2,98.05,39.93195033073425,1.2548862445280227,162190.0,97.89,203264.0,
773,Random,0.2,96.2,98.14,41.52176070213318,1.2548862445280227,162190.0,97.89,203264.0,
79,Random,0.2,96.15,97.92,40.15873098373413,1.2548862445280227,162190.0,97.89,203264.0,
892,Random,0.2,96.15,98.08,39.56937646865845,1.2548862445280227,162190.0,97.89,203264.0,
927,Random,0.2,96.15,97.98,39.85825848579407,1.2548862445280227,162190.0,97.89,203264.0,
928,Random,0.2,96.15,98.0,39.77780747413635,1.2548862445280227,162190.0,97.89,203264.0,
948,Random,0.2,96.15,98.14,39.77227330207825,1.2548862445280227,162190.0,97.89,203264.0,
959,Random,0.2,96.15,98.01,39.75989556312561,1.2548862445280227,162190.0,97.89,203264.0,
1000,Random,0.2,96.15,97.99,39.93668007850647,1.2548862445280227,162190.0,97.89,203264.0,
143,Random,0.2,96.15,97.93,41.705241441726685,1.2548862445280227,162190.0,97.89,203264.0,
154,Random,0.2,96.15,98.03,40.06548500061035,1.2548862445280227,162190.0,97.89,203264.0,
174,Random,0.2,96.15,98.02,39.605937004089355,1.2548862445280227,162190.0,97.89,203264.0,
213,Random,0.2,96.15,98.04,39.75738453865051,1.2548862445280227,162190.0,97.89,203264.0,
220,Random,0.2,96.15,97.93,39.78052377700806,1.2548862445280227,162190.0,97.89,203264.0,
236,Random,0.2,96.15,97.87,39.8711040019989,1.2548862445280227,162190.0,97.89,203264.0,
419,Random,0.2,96.15,97.97,39.86409616470337,1.2548862445280227,162190.0,97.89,203264.0,
420,Random,0.2,96.15,98.04,40.00456666946411,1.2548862445280227,162190.0,97.89,203264.0,
268,Random,0.2,96.15,97.89,39.81181812286377,1.2548862445280227,162190.0,97.89,203264.0,
435,Random,0.2,96.15,97.97,42.091022968292236,1.2548862445280227,162190.0,97.89,203264.0,
277,Random,0.2,96.15,98.08,39.559571743011475,1.2548862445280227,162190.0,97.89,203264.0,
322,Random,0.2,96.15,97.94,39.78714942932129,1.2548862445280227,162190.0,97.89,203264.0,
518,Random,0.2,96.15,98.08,39.90617084503174,1.2548862445280227,162190.0,97.89,203264.0,
603,Random,0.2,96.15,97.99,39.89214587211609,1.2548862445280227,162190.0,97.89,203264.0,
654,Random,0.2,96.15,98.01,39.83660364151001,1.2548862445280227,162190.0,97.89,203264.0,
670,Random,0.2,96.15,98.13,40.14391613006592,1.2548862445280227,162190.0,97.89,203264.0,
679,Random,0.2,96.15,98.13,39.99893927574158,1.2548862445280227,162190.0,97.89,203264.0,
691,Random,0.2,96.15,97.98,41.41542077064514,1.2548862445280227,162190.0,97.89,203264.0,
694,Random,0.2,96.15,98.01,39.72368884086609,1.2548862445280227,162190.0,97.89,203264.0,
703,Random,0.2,96.15,97.73,39.816728353500366,1.2548862445280227,162190.0,97.89,203264.0,
743,Random,0.2,96.15,97.85,39.89211344718933,1.2548862445280227,162190.0,97.89,203264.0,
819,Random,0.2,96.15,97.68,39.92300200462341,1.2548862445280227,162190.0,97.89,203264.0,
771,Random,0.2,96.15,97.99,40.07475829124451,1.2548862445280227,162190.0,97.89,203264.0,
821,Random,0.2,96.15,97.94,40.24567627906799,1.2548862445280227,162190.0,97.89,203264.0,
55,Random,0.2,96.1,98.09,40.03530764579773,1.2548862445280227,162190.0,97.89,203264.0,
57,Random,0.2,96.1,98.1,41.523990631103516,1.2548862445280227,162190.0,97.89,203264.0,
61,Random,0.2,96.1,97.73,39.68205118179321,1.2548862445280227,162190.0,97.89,203264.0,
898,Random,0.2,96.1,98.02,39.82286620140076,1.2548862445280227,162190.0,97.89,203264.0,
963,Random,0.2,96.1,98.17,39.825231313705444,1.2548862445280227,162190.0,97.89,203264.0,
983,Random,0.2,96.1,98.24,39.86117768287659,1.2548862445280227,162190.0,97.89,203264.0,
973,Random,0.2,96.1,98.04,39.975902795791626,1.2548862445280227,162190.0,97.89,203264.0,
203,Random,0.2,96.1,98.01,39.975565910339355,1.2548862445280227,162190.0,97.89,203264.0,
219,Random,0.2,96.1,98.04,39.87189078330994,1.2548862445280227,162190.0,97.89,203264.0,
395,Random,0.2,96.1,97.95,40.8143994808197,1.2548862445280227,162190.0,97.89,203264.0,
433,Random,0.2,96.1,97.95,39.25424599647522,1.2548862445280227,162190.0,97.89,203264.0,
350,Random,0.2,96.1,97.9,39.735074520111084,1.2548862445280227,162190.0,97.89,203264.0,
362,Random,0.2,96.1,98.08,39.854483127593994,1.2548862445280227,162190.0,97.89,203264.0,
514,Random,0.2,96.1,98.17,39.94149208068848,1.2548862445280227,162190.0,97.89,203264.0,
561,Random,0.2,96.1,97.9,40.07744598388672,1.2548862445280227,162190.0,97.89,203264.0,
601,Random,0.2,96.1,98.02,40.070552110672,1.2548862445280227,162190.0,97.89,203264.0,
633,Random,0.2,96.1,97.96,40.02391290664673,1.2548862445280227,162190.0,97.89,203264.0,
655,Random,0.2,96.1,98.07,40.54472327232361,1.2548862445280227,162190.0,97.89,203264.0,
656,Random,0.2,96.1,97.99,39.652700662612915,1.2548862445280227,162190.0,97.89,203264.0,
683,Random,0.2,96.1,97.98,39.74021792411804,1.2548862445280227,162190.0,97.89,203264.0,
724,Random,0.2,96.1,98.09,39.89941716194153,1.2548862445280227,162190.0,97.89,203264.0,
789,Random,0.2,96.1,98.12,39.93799805641174,1.2548862445280227,162190.0,97.89,203264.0,
803,Random,0.2,96.1,98.04,40.00075173377991,1.2548862445280227,162190.0,97.89,203264.0,
816,Random,0.2,96.1,97.94,40.000025510787964,1.2548862445280227,162190.0,97.89,203264.0,
850,Random,0.2,96.1,98.11,40.01389002799988,1.2548862445280227,162190.0,97.89,203264.0,
855,Random,0.2,96.1,98.06,39.89992809295654,1.2548862445280227,162190.0,97.89,203264.0,
860,Random,0.2,96.1,97.87,39.63403344154358,1.2548862445280227,162190.0,97.89,203264.0,
866,Random,0.2,96.1,98.12,39.90115666389465,1.2548862445280227,162190.0,97.89,203264.0,
39,Random,0.2,96.05,98.15,39.91425704956055,1.2548862445280227,162190.0,97.89,203264.0,
995,Random,0.2,96.05,98.08,39.817853689193726,1.2548862445280227,162190.0,97.89,203264.0,
183,Random,0.2,96.05,98.05,39.91469717025757,1.2548862445280227,162190.0,97.89,203264.0,
216,Random,0.2,96.05,97.97,39.98302364349365,1.2548862445280227,162190.0,97.89,203264.0,
386,Random,0.2,96.05,98.11,39.890969038009644,1.2548862445280227,162190.0,97.89,203264.0,
410,Random,0.2,96.05,98.1,39.836310148239136,1.2548862445280227,162190.0,97.89,203264.0,
424,Random,0.2,96.05,97.89,39.16065263748169,1.2548862445280227,162190.0,97.89,203264.0,
450,Random,0.2,96.05,98.17,39.893367528915405,1.2548862445280227,162190.0,97.89,203264.0,
452,Random,0.2,96.05,97.82,39.77404308319092,1.2548862445280227,162190.0,97.89,203264.0,
252,Random,0.2,96.05,97.93,39.69603967666626,1.2548862445280227,162190.0,97.89,203264.0,
270,Random,0.2,96.05,98.15,39.98189067840576,1.2548862445280227,162190.0,97.89,203264.0,
290,Random,0.2,96.05,98.2,39.9338059425354,1.2548862445280227,162190.0,97.89,203264.0,
359,Random,0.2,96.05,98.06,40.05344080924988,1.2548862445280227,162190.0,97.89,203264.0,
375,Random,0.2,96.05,98.26,39.718937158584595,1.2548862445280227,162190.0,97.89,203264.0,
538,Random,0.2,96.05,97.81,39.552647829055786,1.2548862445280227,162190.0,97.89,203264.0,
605,Random,0.2,96.05,97.75,39.73283100128174,1.2548862445280227,162190.0,97.89,203264.0,
686,Random,0.2,96.05,97.77,39.76425123214722,1.2548862445280227,162190.0,97.89,203264.0,
701,Random,0.2,96.05,98.01,39.76778316497803,1.2548862445280227,162190.0,97.89,203264.0,
706,Random,0.2,96.05,97.92,39.989298820495605,1.2548862445280227,162190.0,97.89,203264.0,
802,Random,0.2,96.05,98.01,39.90889859199524,1.2548862445280227,162190.0,97.89,203264.0,
825,Random,0.2,96.05,98.1,40.62110662460327,1.2548862445280227,162190.0,97.89,203264.0,
848,Random,0.2,96.05,98.0,39.86492729187012,1.2548862445280227,162190.0,97.89,203264.0,
870,Random,0.2,96.05,98.06,39.283119678497314,1.2548862445280227,162190.0,97.89,203264.0,
875,Random,0.2,96.05,98.0,39.74738836288452,1.2548862445280227,162190.0,97.89,203264.0,
7,Random,0.2,96.0,98.1,39.74370050430298,1.2548862445280227,162190.0,97.89,203264.0,
82,Random,0.2,96.0,97.84,39.96868371963501,1.2548862445280227,162190.0,97.89,203264.0,
90,Random,0.2,96.0,98.05,40.14786672592163,1.2548862445280227,162190.0,97.89,203264.0,
97,Random,0.2,96.0,97.96,39.86440873146057,1.2548862445280227,162190.0,97.89,203264.0,
103,Random,0.2,96.0,98.1,40.2071316242218,1.2548862445280227,162190.0,97.89,203264.0,
904,Random,0.2,96.0,97.8,39.725911378860474,1.2548862445280227,162190.0,97.89,203264.0,
907,Random,0.2,96.0,98.0,39.55454134941101,1.2548862445280227,162190.0,97.89,203264.0,
909,Random,0.2,96.0,98.18,39.66171979904175,1.2548862445280227,162190.0,97.89,203264.0,
940,Random,0.2,96.0,98.18,39.79983043670654,1.2548862445280227,162190.0,97.89,203264.0,
961,Random,0.2,96.0,97.81,39.894962787628174,1.2548862445280227,162190.0,97.89,203264.0,
994,Random,0.2,96.0,98.17,40.01973748207092,1.2548862445280227,162190.0,97.89,203264.0,
133,Random,0.2,96.0,97.99,39.84038758277893,1.2548862445280227,162190.0,97.89,203264.0,
178,Random,0.2,96.0,98.0,40.81342816352844,1.2548862445280227,162190.0,97.89,203264.0,
191,Random,0.2,96.0,98.01,39.72662973403931,1.2548862445280227,162190.0,97.89,203264.0,
192,Random,0.2,96.0,97.99,39.57768440246582,1.2548862445280227,162190.0,97.89,203264.0,
380,Random,0.2,96.0,97.99,39.67861580848694,1.2548862445280227,162190.0,97.89,203264.0,
425,Random,0.2,96.0,98.04,39.82596230506897,1.2548862445280227,162190.0,97.89,203264.0,
460,Random,0.2,96.0,98.15,39.76073908805847,1.2548862445280227,162190.0,97.89,203264.0,
494,Random,0.2,96.0,98.09,39.848095417022705,1.2548862445280227,162190.0,97.89,203264.0,
258,Random,0.2,96.0,97.97,39.87358236312866,1.2548862445280227,162190.0,97.89,203264.0,
294,Random,0.2,96.0,98.08,40.744924545288086,1.2548862445280227,162190.0,97.89,203264.0,
296,Random,0.2,96.0,98.0,39.726296186447144,1.2548862445280227,162190.0,97.89,203264.0,
368,Random,0.2,96.0,98.05,39.60348987579346,1.2548862445280227,162190.0,97.89,203264.0,
502,Random,0.2,96.0,97.91,39.765262842178345,1.2548862445280227,162190.0,97.89,203264.0,
536,Random,0.2,96.0,98.07,39.83943057060242,1.2548862445280227,162190.0,97.89,203264.0,
557,Random,0.2,96.0,98.13,39.87885808944702,1.2548862445280227,162190.0,97.89,203264.0,
559,Random,0.2,96.0,98.03,39.81665015220642,1.2548862445280227,162190.0,97.89,203264.0,
590,Random,0.2,96.0,98.2,39.87636923789978,1.2548862445280227,162190.0,97.89,203264.0,
621,Random,0.2,96.0,97.98,39.868038177490234,1.2548862445280227,162190.0,97.89,203264.0,
776,Random,0.2,96.0,97.76,39.739094257354736,1.2548862445280227,162190.0,97.89,203264.0,
64,Random,0.2,95.95,97.89,39.68281269073486,1.2548862445280227,162190.0,97.89,203264.0,
70,Random,0.2,95.95,97.86,39.70974683761597,1.2548862445280227,162190.0,97.89,203264.0,
879,Random,0.2,95.95,98.17,39.84882640838623,1.2548862445280227,162190.0,97.89,203264.0,
900,Random,0.2,95.95,98.02,40.02987194061279,1.2548862445280227,162190.0,97.89,203264.0,
939,Random,0.2,95.95,98.01,40.13199067115784,1.2548862445280227,162190.0,97.89,203264.0,
951,Random,0.2,95.95,98.15,39.81517934799194,1.2548862445280227,162190.0,97.89,203264.0,
952,Random,0.2,95.95,97.95,40.038793087005615,1.2548862445280227,162190.0,97.89,203264.0,
966,Random,0.2,95.95,98.13,39.789076805114746,1.2548862445280227,162190.0,97.89,203264.0,
217,Random,0.2,95.95,98.14,39.54881191253662,1.2548862445280227,162190.0,97.89,203264.0,
232,Random,0.2,95.95,98.21,39.638890504837036,1.2548862445280227,162190.0,97.89,203264.0,
244,Random,0.2,95.95,97.81,39.89783525466919,1.2548862445280227,162190.0,97.89,203264.0,
428,Random,0.2,95.95,97.8,39.79874229431152,1.2548862445280227,162190.0,97.89,203264.0,
441,Random,0.2,95.95,98.08,39.99474000930786,1.2548862445280227,162190.0,97.89,203264.0,
496,Random,0.2,95.95,97.9,39.791483879089355,1.2548862445280227,162190.0,97.89,203264.0,
260,Random,0.2,95.95,97.99,39.81251811981201,1.2548862445280227,162190.0,97.89,203264.0,
273,Random,0.2,95.95,97.86,39.75617527961731,1.2548862445280227,162190.0,97.89,203264.0,
311,Random,0.2,95.95,98.17,39.583560943603516,1.2548862445280227,162190.0,97.89,203264.0,
331,Random,0.2,95.95,98.03,39.29667520523071,1.2548862445280227,162190.0,97.89,203264.0,
356,Random,0.2,95.95,97.6,39.495078563690186,1.2548862445280227,162190.0,97.89,203264.0,
501,Random,0.2,95.95,98.05,39.43568444252014,1.2548862445280227,162190.0,97.89,203264.0,
548,Random,0.2,95.95,97.89,39.824591398239136,1.2548862445280227,162190.0,97.89,203264.0,
595,Random,0.2,95.95,97.79,39.783087730407715,1.2548862445280227,162190.0,97.89,203264.0,
611,Random,0.2,95.95,98.07,39.8760187625885,1.2548862445280227,162190.0,97.89,203264.0,
718,Random,0.2,95.95,97.83,39.74536347389221,1.2548862445280227,162190.0,97.89,203264.0,
741,Random,0.2,95.95,97.88,39.72302436828613,1.2548862445280227,162190.0,97.89,203264.0,
794,Random,0.2,95.95,98.05,39.70222282409668,1.2548862445280227,162190.0,97.89,203264.0,
839,Random,0.2,95.95,97.96,39.38544321060181,1.2548862445280227,162190.0,97.89,203264.0,
844,Random,0.2,95.95,98.01,39.58097743988037,1.2548862445280227,162190.0,97.89,203264.0,
98,Random,0.2,95.9,97.79,39.51817607879639,1.2548862445280227,162190.0,97.89,203264.0,
943,Random,0.2,95.9,97.86,39.67741870880127,1.2548862445280227,162190.0,97.89,203264.0,
992,Random,0.2,95.9,97.99,39.98478722572327,1.2548862445280227,162190.0,97.89,203264.0,
130,Random,0.2,95.9,98.05,39.76890587806702,1.2548862445280227,162190.0,97.89,203264.0,
223,Random,0.2,95.9,97.87,39.570011615753174,1.2548862445280227,162190.0,97.89,203264.0,
341,Random,0.2,95.9,98.02,39.6454803943634,1.2548862445280227,162190.0,97.89,203264.0,
364,Random,0.2,95.9,97.95,39.815324544906616,1.2548862445280227,162190.0,97.89,203264.0,
523,Random,0.2,95.9,98.13,40.26123785972595,1.2548862445280227,162190.0,97.89,203264.0,
637,Random,0.2,95.9,98.2,40.20395851135254,1.2548862445280227,162190.0,97.89,203264.0,
673,Random,0.2,95.9,98.03,39.92404079437256,1.2548862445280227,162190.0,97.89,203264.0,
698,Random,0.2,95.9,98.09,39.90647625923157,1.2548862445280227,162190.0,97.89,203264.0,
709,Random,0.2,95.9,98.05,39.64382290840149,1.2548862445280227,162190.0,97.89,203264.0,
804,Random,0.2,95.9,97.89,39.666491985321045,1.2548862445280227,162190.0,97.89,203264.0,
820,Random,0.2,95.9,97.92,39.69265580177307,1.2548862445280227,162190.0,97.89,203264.0,
822,Random,0.2,95.9,98.01,39.444902658462524,1.2548862445280227,162190.0,97.89,203264.0,
832,Random,0.2,95.9,98.11,39.568827629089355,1.2548862445280227,162190.0,97.89,203264.0,
842,Random,0.2,95.9,98.04,39.46651220321655,1.2548862445280227,162190.0,97.89,203264.0,
18,Random,0.2,95.85,98.14,39.471112966537476,1.2548862445280227,162190.0,97.89,203264.0,
22,Random,0.2,95.85,98.0,40.288392066955566,1.2548862445280227,162190.0,97.89,203264.0,
46,Random,0.2,95.85,97.84,39.82771444320679,1.2548862445280227,162190.0,97.89,203264.0,
102,Random,0.2,95.85,97.9,39.73838996887207,1.2548862445280227,162190.0,97.89,203264.0,
894,Random,0.2,95.85,98.15,39.75708484649658,1.2548862445280227,162190.0,97.89,203264.0,
151,Random,0.2,95.85,98.03,39.754634857177734,1.2548862445280227,162190.0,97.89,203264.0,
198,Random,0.2,95.85,97.92,39.91177320480347,1.2548862445280227,162190.0,97.89,203264.0,
387,Random,0.2,95.85,98.1,40.20815896987915,1.2548862445280227,162190.0,97.89,203264.0,
398,Random,0.2,95.85,98.12,39.90919589996338,1.2548862445280227,162190.0,97.89,203264.0,
448,Random,0.2,95.85,98.02,39.67901062965393,1.2548862445280227,162190.0,97.89,203264.0,
432,Random,0.2,95.85,98.08,39.85186195373535,1.2548862445280227,162190.0,97.89,203264.0,
310,Random,0.2,95.85,98.0,39.68115830421448,1.2548862445280227,162190.0,97.89,203264.0,
323,Random,0.2,95.85,98.04,39.73182392120361,1.2548862445280227,162190.0,97.89,203264.0,
525,Random,0.2,95.85,97.96,39.784316062927246,1.2548862445280227,162190.0,97.89,203264.0,
545,Random,0.2,95.85,97.91,39.606016874313354,1.2548862445280227,162190.0,97.89,203264.0,
624,Random,0.2,95.85,98.09,39.83111310005188,1.2548862445280227,162190.0,97.89,203264.0,
667,Random,0.2,95.85,97.81,40.009507179260254,1.2548862445280227,162190.0,97.89,203264.0,
693,Random,0.2,95.85,98.12,39.799803733825684,1.2548862445280227,162190.0,97.89,203264.0,
729,Random,0.2,95.85,98.06,39.798526763916016,1.2548862445280227,162190.0,97.89,203264.0,
731,Random,0.2,95.85,98.18,39.566083669662476,1.2548862445280227,162190.0,97.89,203264.0,
791,Random,0.2,95.85,98.0,39.70979332923889,1.2548862445280227,162190.0,97.89,203264.0,
3,Random,0.2,95.8,98.06,39.793978691101074,1.2548862445280227,162190.0,97.89,203264.0,
16,Random,0.2,95.8,98.07,39.42269420623779,1.2548862445280227,162190.0,97.89,203264.0,
50,Random,0.2,95.8,97.86,39.44391989707947,1.2548862445280227,162190.0,97.89,203264.0,
58,Random,0.2,95.8,98.12,39.982407331466675,1.2548862445280227,162190.0,97.89,203264.0,
65,Random,0.2,95.8,97.88,39.82840156555176,1.2548862445280227,162190.0,97.89,203264.0,
76,Random,0.2,95.8,97.6,39.80590581893921,1.2548862445280227,162190.0,97.89,203264.0,
109,Random,0.2,95.8,98.15,39.611243724823,1.2548862445280227,162190.0,97.89,203264.0,
950,Random,0.2,95.8,97.97,39.71271014213562,1.2548862445280227,162190.0,97.89,203264.0,
148,Random,0.2,95.8,97.69,39.78305196762085,1.2548862445280227,162190.0,97.89,203264.0,
176,Random,0.2,95.8,98.04,39.81977128982544,1.2548862445280227,162190.0,97.89,203264.0,
188,Random,0.2,95.8,97.91,39.813462257385254,1.2548862445280227,162190.0,97.89,203264.0,
392,Random,0.2,95.8,97.88,39.528542041778564,1.2548862445280227,162190.0,97.89,203264.0,
461,Random,0.2,95.8,98.05,39.68185520172119,1.2548862445280227,162190.0,97.89,203264.0,
438,Random,0.2,95.8,98.0,39.877726316452026,1.2548862445280227,162190.0,97.89,203264.0,
480,Random,0.2,95.8,98.0,39.61042881011963,1.2548862445280227,162190.0,97.89,203264.0,
284,Random,0.2,95.8,97.93,39.75104284286499,1.2548862445280227,162190.0,97.89,203264.0,
549,Random,0.2,95.8,97.89,39.81349730491638,1.2548862445280227,162190.0,97.89,203264.0,
554,Random,0.2,95.8,98.18,39.90476679801941,1.2548862445280227,162190.0,97.89,203264.0,
600,Random,0.2,95.8,98.03,39.821911096572876,1.2548862445280227,162190.0,97.89,203264.0,
615,Random,0.2,95.8,97.95,39.55359220504761,1.2548862445280227,162190.0,97.89,203264.0,
644,Random,0.2,95.8,98.08,39.72241830825806,1.2548862445280227,162190.0,97.89,203264.0,
664,Random,0.2,95.8,97.85,39.788841009140015,1.2548862445280227,162190.0,97.89,203264.0,
669,Random,0.2,95.8,98.12,39.66733264923096,1.2548862445280227,162190.0,97.89,203264.0,
740,Random,0.2,95.8,98.1,39.783241987228394,1.2548862445280227,162190.0,97.89,203264.0,
759,Random,0.2,95.8,97.99,39.87458395957947,1.2548862445280227,162190.0,97.89,203264.0,
785,Random,0.2,95.8,98.1,39.8711793422699,1.2548862445280227,162190.0,97.89,203264.0,
80,Random,0.2,95.75,97.88,39.8809015750885,1.2548862445280227,162190.0,97.89,203264.0,
83,Random,0.2,95.75,97.95,40.063539266586304,1.2548862445280227,162190.0,97.89,203264.0,
84,Random,0.2,95.75,98.15,39.80699443817139,1.2548862445280227,162190.0,97.89,203264.0,
998,Random,0.2,95.75,98.14,39.911518812179565,1.2548862445280227,162190.0,97.89,203264.0,
999,Random,0.2,95.75,97.97,39.61677527427673,1.2548862445280227,162190.0,97.89,203264.0,
126,Random,0.2,95.75,97.87,39.73427438735962,1.2548862445280227,162190.0,97.89,203264.0,
152,Random,0.2,95.75,97.8,39.872021198272705,1.2548862445280227,162190.0,97.89,203264.0,
376,Random,0.2,95.75,97.99,39.8359375,1.2548862445280227,162190.0,97.89,203264.0,
382,Random,0.2,95.75,98.15,39.89071607589722,1.2548862445280227,162190.0,97.89,203264.0,
406,Random,0.2,95.75,98.03,40.17744517326355,1.2548862445280227,162190.0,97.89,203264.0,
411,Random,0.2,95.75,98.14,39.915624141693115,1.2548862445280227,162190.0,97.89,203264.0,
439,Random,0.2,95.75,97.93,39.76464128494263,1.2548862445280227,162190.0,97.89,203264.0,
298,Random,0.2,95.75,98.03,39.709256649017334,1.2548862445280227,162190.0,97.89,203264.0,
304,Random,0.2,95.75,98.05,39.70589828491211,1.2548862445280227,162190.0,97.89,203264.0,
320,Random,0.2,95.75,98.05,39.80946683883667,1.2548862445280227,162190.0,97.89,203264.0,
338,Random,0.2,95.75,97.95,40.00537967681885,1.2548862445280227,162190.0,97.89,203264.0,
351,Random,0.2,95.75,97.99,39.88535451889038,1.2548862445280227,162190.0,97.89,203264.0,
510,Random,0.2,95.75,97.86,39.76160645484924,1.2548862445280227,162190.0,97.89,203264.0,
568,Random,0.2,95.75,98.1,39.792760372161865,1.2548862445280227,162190.0,97.89,203264.0,
566,Random,0.2,95.75,98.14,40.06899857521057,1.2548862445280227,162190.0,97.89,203264.0,
587,Random,0.2,95.75,98.09,39.68990707397461,1.2548862445280227,162190.0,97.89,203264.0,
629,Random,0.2,95.75,98.15,39.69800305366516,1.2548862445280227,162190.0,97.89,203264.0,
658,Random,0.2,95.75,97.96,39.78341794013977,1.2548862445280227,162190.0,97.89,203264.0,
688,Random,0.2,95.75,98.03,39.98577427864075,1.2548862445280227,162190.0,97.89,203264.0,
749,Random,0.2,95.75,97.96,39.91845989227295,1.2548862445280227,162190.0,97.89,203264.0,
769,Random,0.2,95.75,97.97,40.08449387550354,1.2548862445280227,162190.0,97.89,203264.0,
843,Random,0.2,95.75,97.96,39.80215787887573,1.2548862445280227,162190.0,97.89,203264.0,
871,Random,0.2,95.75,98.12,39.93726944923401,1.2548862445280227,162190.0,97.89,203264.0,
4,Random,0.2,95.7,98.16,39.648207664489746,1.2548862445280227,162190.0,97.89,203264.0,
17,Random,0.2,95.7,98.06,39.71626949310303,1.2548862445280227,162190.0,97.89,203264.0,
26,Random,0.2,95.7,98.12,39.83513164520264,1.2548862445280227,162190.0,97.89,203264.0,
69,Random,0.2,95.7,98.03,39.92367768287659,1.2548862445280227,162190.0,97.89,203264.0,
71,Random,0.2,95.7,98.16,39.84980893135071,1.2548862445280227,162190.0,97.89,203264.0,
113,Random,0.2,95.7,98.02,39.61827111244202,1.2548862445280227,162190.0,97.89,203264.0,
115,Random,0.2,95.7,97.97,39.812378883361816,1.2548862445280227,162190.0,97.89,203264.0,
887,Random,0.2,95.7,98.13,39.763219118118286,1.2548862445280227,162190.0,97.89,203264.0,
893,Random,0.2,95.7,97.96,39.614301681518555,1.2548862445280227,162190.0,97.89,203264.0,
964,Random,0.2,95.7,98.11,39.66835284233093,1.2548862445280227,162190.0,97.89,203264.0,
976,Random,0.2,95.7,98.1,39.745341300964355,1.2548862445280227,162190.0,97.89,203264.0,
196,Random,0.2,95.7,98.06,39.85157799720764,1.2548862445280227,162190.0,97.89,203264.0,
228,Random,0.2,95.7,98.2,39.8108024597168,1.2548862445280227,162190.0,97.89,203264.0,
400,Random,0.2,95.7,97.95,39.97373008728027,1.2548862445280227,162190.0,97.89,203264.0,
481,Random,0.2,95.7,97.81,39.97211670875549,1.2548862445280227,162190.0,97.89,203264.0,
457,Random,0.2,95.7,97.97,40.36408090591431,1.2548862445280227,162190.0,97.89,203264.0,
361,Random,0.2,95.7,98.02,39.71642708778381,1.2548862445280227,162190.0,97.89,203264.0,
533,Random,0.2,95.7,98.08,39.90665102005005,1.2548862445280227,162190.0,97.89,203264.0,
539,Random,0.2,95.7,97.92,39.70702910423279,1.2548862445280227,162190.0,97.89,203264.0,
700,Random,0.2,95.7,97.7,39.95826268196106,1.2548862445280227,162190.0,97.89,203264.0,
790,Random,0.2,95.7,98.07,39.82792115211487,1.2548862445280227,162190.0,97.89,203264.0,
801,Random,0.2,95.7,97.97,40.073731660842896,1.2548862445280227,162190.0,97.89,203264.0,
13,Random,0.2,95.65,97.94,39.899685859680176,1.2548862445280227,162190.0,97.89,203264.0,
63,Random,0.2,95.65,97.84,40.992615699768066,1.2548862445280227,162190.0,97.89,203264.0,
74,Random,0.2,95.65,97.83,39.61877369880676,1.2548862445280227,162190.0,97.89,203264.0,
120,Random,0.2,95.65,98.14,40.05852818489075,1.2548862445280227,162190.0,97.89,203264.0,
915,Random,0.2,95.65,97.89,39.81128168106079,1.2548862445280227,162190.0,97.89,203264.0,
930,Random,0.2,95.65,98.05,40.04635500907898,1.2548862445280227,162190.0,97.89,203264.0,
955,Random,0.2,95.65,98.12,39.90056920051575,1.2548862445280227,162190.0,97.89,203264.0,
979,Random,0.2,95.65,98.16,40.104320764541626,1.2548862445280227,162190.0,97.89,203264.0,
165,Random,0.2,95.65,97.88,39.915810346603394,1.2548862445280227,162190.0,97.89,203264.0,
237,Random,0.2,95.65,97.83,39.64403963088989,1.2548862445280227,162190.0,97.89,203264.0,
201,Random,0.2,95.65,97.96,41.82330536842346,1.2548862445280227,162190.0,97.89,203264.0,
240,Random,0.2,95.65,97.92,39.9480881690979,1.2548862445280227,162190.0,97.89,203264.0,
454,Random,0.2,95.65,97.72,39.81325340270996,1.2548862445280227,162190.0,97.89,203264.0,
466,Random,0.2,95.65,98.13,40.00428533554077,1.2548862445280227,162190.0,97.89,203264.0,
478,Random,0.2,95.65,98.1,39.833107471466064,1.2548862445280227,162190.0,97.89,203264.0,
274,Random,0.2,95.65,98.03,40.128238916397095,1.2548862445280227,162190.0,97.89,203264.0,
352,Random,0.2,95.65,97.87,39.99526834487915,1.2548862445280227,162190.0,97.89,203264.0,
372,Random,0.2,95.65,97.95,39.62018609046936,1.2548862445280227,162190.0,97.89,203264.0,
634,Random,0.2,95.65,98.04,42.008134603500366,1.2548862445280227,162190.0,97.89,203264.0,
640,Random,0.2,95.65,98.14,40.047783613204956,1.2548862445280227,162190.0,97.89,203264.0,
657,Random,0.2,95.65,98.0,39.81840753555298,1.2548862445280227,162190.0,97.89,203264.0,
676,Random,0.2,95.65,98.06,40.039839029312134,1.2548862445280227,162190.0,97.89,203264.0,
725,Random,0.2,95.65,97.9,39.86293387413025,1.2548862445280227,162190.0,97.89,203264.0,
742,Random,0.2,95.65,97.84,40.150983810424805,1.2548862445280227,162190.0,97.89,203264.0,
760,Random,0.2,95.65,98.0,40.07847213745117,1.2548862445280227,162190.0,97.89,203264.0,
768,Random,0.2,95.65,98.18,39.578911781311035,1.2548862445280227,162190.0,97.89,203264.0,
19,Random,0.2,95.6,97.92,41.73315382003784,1.2548862445280227,162190.0,97.89,203264.0,
27,Random,0.2,95.6,98.1,40.00431418418884,1.2548862445280227,162190.0,97.89,203264.0,
77,Random,0.2,95.6,98.13,39.78127121925354,1.2548862445280227,162190.0,97.89,203264.0,
949,Random,0.2,95.6,97.9,39.834961891174316,1.2548862445280227,162190.0,97.89,203264.0,
878,Random,0.2,95.6,97.86,39.99260449409485,1.2548862445280227,162190.0,97.89,203264.0,
971,Random,0.2,95.6,97.89,40.07385611534119,1.2548862445280227,162190.0,97.89,203264.0,
180,Random,0.2,95.6,97.84,40.30530834197998,1.2548862445280227,162190.0,97.89,203264.0,
229,Random,0.2,95.6,98.03,40.23914813995361,1.2548862445280227,162190.0,97.89,203264.0,
230,Random,0.2,95.6,97.98,41.39709758758545,1.2548862445280227,162190.0,97.89,203264.0,
254,Random,0.2,95.6,98.0,40.13721013069153,1.2548862445280227,162190.0,97.89,203264.0,
335,Random,0.2,95.6,98.11,39.833357095718384,1.2548862445280227,162190.0,97.89,203264.0,
515,Random,0.2,95.6,98.05,39.887792348861694,1.2548862445280227,162190.0,97.89,203264.0,
589,Random,0.2,95.6,97.99,39.882652044296265,1.2548862445280227,162190.0,97.89,203264.0,
602,Random,0.2,95.6,97.87,39.999576568603516,1.2548862445280227,162190.0,97.89,203264.0,
663,Random,0.2,95.6,97.93,40.13780069351196,1.2548862445280227,162190.0,97.89,203264.0,
736,Random,0.2,95.6,97.94,39.796072006225586,1.2548862445280227,162190.0,97.89,203264.0,
784,Random,0.2,95.6,97.84,40.845579385757446,1.2548862445280227,162190.0,97.89,203264.0,
792,Random,0.2,95.6,98.14,40.33633327484131,1.2548862445280227,162190.0,97.89,203264.0,
808,Random,0.2,95.6,97.81,39.922494888305664,1.2548862445280227,162190.0,97.89,203264.0,
831,Random,0.2,95.6,98.04,39.91464138031006,1.2548862445280227,162190.0,97.89,203264.0,
48,Random,0.2,95.55,98.05,39.91553568840027,1.2548862445280227,162190.0,97.89,203264.0,
75,Random,0.2,95.55,97.85,39.96121072769165,1.2548862445280227,162190.0,97.89,203264.0,
122,Random,0.2,95.55,97.99,40.26523756980896,1.2548862445280227,162190.0,97.89,203264.0,
881,Random,0.2,95.55,97.89,39.844120025634766,1.2548862445280227,162190.0,97.89,203264.0,
902,Random,0.2,95.55,98.23,40.62872385978699,1.2548862445280227,162190.0,97.89,203264.0,
919,Random,0.2,95.55,97.93,40.22971868515015,1.2548862445280227,162190.0,97.89,203264.0,
956,Random,0.2,95.55,97.99,39.91828465461731,1.2548862445280227,162190.0,97.89,203264.0,
171,Random,0.2,95.55,98.23,39.798888206481934,1.2548862445280227,162190.0,97.89,203264.0,
138,Random,0.2,95.55,98.1,39.955930948257446,1.2548862445280227,162190.0,97.89,203264.0,
211,Random,0.2,95.55,98.07,39.89825963973999,1.2548862445280227,162190.0,97.89,203264.0,
455,Random,0.2,95.55,97.96,39.70950698852539,1.2548862445280227,162190.0,97.89,203264.0,
444,Random,0.2,95.55,97.98,40.266547441482544,1.2548862445280227,162190.0,97.89,203264.0,
463,Random,0.2,95.55,98.18,40.686301708221436,1.2548862445280227,162190.0,97.89,203264.0,
482,Random,0.2,95.55,97.9,40.197707414627075,1.2548862445280227,162190.0,97.89,203264.0,
267,Random,0.2,95.55,98.06,39.86393976211548,1.2548862445280227,162190.0,97.89,203264.0,
314,Random,0.2,95.55,98.03,39.736902713775635,1.2548862445280227,162190.0,97.89,203264.0,
316,Random,0.2,95.55,97.94,39.78163528442383,1.2548862445280227,162190.0,97.89,203264.0,
509,Random,0.2,95.55,98.18,39.837157249450684,1.2548862445280227,162190.0,97.89,203264.0,
534,Random,0.2,95.55,98.04,39.73614954948425,1.2548862445280227,162190.0,97.89,203264.0,
662,Random,0.2,95.55,98.01,39.98916149139404,1.2548862445280227,162190.0,97.89,203264.0,
738,Random,0.2,95.55,98.15,40.307934522628784,1.2548862445280227,162190.0,97.89,203264.0,
793,Random,0.2,95.55,97.99,39.810616970062256,1.2548862445280227,162190.0,97.89,203264.0,
758,Random,0.2,95.55,97.93,40.789182901382446,1.2548862445280227,162190.0,97.89,203264.0,
62,Random,0.2,95.5,97.71,39.75592231750488,1.2548862445280227,162190.0,97.89,203264.0,
95,Random,0.2,95.5,97.92,39.85184621810913,1.2548862445280227,162190.0,97.89,203264.0,
913,Random,0.2,95.5,97.91,39.883527517318726,1.2548862445280227,162190.0,97.89,203264.0,
155,Random,0.2,95.5,97.84,39.55491399765015,1.2548862445280227,162190.0,97.89,203264.0,
200,Random,0.2,95.5,97.94,39.884852170944214,1.2548862445280227,162190.0,97.89,203264.0,
427,Random,0.2,95.5,97.9,40.187731981277466,1.2548862445280227,162190.0,97.89,203264.0,
436,Random,0.2,95.5,97.92,39.78810143470764,1.2548862445280227,162190.0,97.89,203264.0,
434,Random,0.2,95.5,98.1,40.752994537353516,1.2548862445280227,162190.0,97.89,203264.0,
473,Random,0.2,95.5,98.04,39.78012418746948,1.2548862445280227,162190.0,97.89,203264.0,
530,Random,0.2,95.5,98.02,39.84470343589783,1.2548862445280227,162190.0,97.89,203264.0,
596,Random,0.2,95.5,98.12,39.93742251396179,1.2548862445280227,162190.0,97.89,203264.0,
630,Random,0.2,95.5,98.01,39.54095411300659,1.2548862445280227,162190.0,97.89,203264.0,
647,Random,0.2,95.5,98.09,39.72730612754822,1.2548862445280227,162190.0,97.89,203264.0,
865,Random,0.2,95.5,98.0,40.16260051727295,1.2548862445280227,162190.0,97.89,203264.0,
195,Random,0.2,95.45,97.98,39.825855016708374,1.2548862445280227,162190.0,97.89,203264.0,
15,Random,0.2,95.45,98.25,40.52133512496948,1.2548862445280227,162190.0,97.89,203264.0,
429,Random,0.2,95.45,97.93,39.75317883491516,1.2548862445280227,162190.0,97.89,203264.0,
471,Random,0.2,95.45,98.05,39.79504704475403,1.2548862445280227,162190.0,97.89,203264.0,
517,Random,0.2,95.45,98.08,39.960121393203735,1.2548862445280227,162190.0,97.89,203264.0,
524,Random,0.2,95.45,98.09,39.42856955528259,1.2548862445280227,162190.0,97.89,203264.0,
553,Random,0.2,95.45,98.02,39.84046030044556,1.2548862445280227,162190.0,97.89,203264.0,
604,Random,0.2,95.45,98.25,40.15943789482117,1.2548862445280227,162190.0,97.89,203264.0,
636,Random,0.2,95.45,98.02,39.68339776992798,1.2548862445280227,162190.0,97.89,203264.0,
623,Random,0.2,95.45,98.22,40.63289499282837,1.2548862445280227,162190.0,97.89,203264.0,
678,Random,0.2,95.45,97.97,39.788116693496704,1.2548862445280227,162190.0,97.89,203264.0,
755,Random,0.2,95.45,98.06,39.836732149124146,1.2548862445280227,162190.0,97.89,203264.0,
824,Random,0.2,95.45,98.1,39.96741056442261,1.2548862445280227,162190.0,97.89,203264.0,
834,Random,0.2,95.45,98.01,39.55507826805115,1.2548862445280227,162190.0,97.89,203264.0,
5,Random,0.2,95.4,97.94,40.13881206512451,1.2548862445280227,162190.0,97.89,203264.0,
10,Random,0.2,95.4,98.05,40.26341962814331,1.2548862445280227,162190.0,97.89,203264.0,
880,Random,0.2,95.4,98.1,39.7969172000885,1.2548862445280227,162190.0,97.89,203264.0,
85,Random,0.2,95.4,98.05,40.582786083221436,1.2548862445280227,162190.0,97.89,203264.0,
889,Random,0.2,95.4,98.1,39.76322674751282,1.2548862445280227,162190.0,97.89,203264.0,
922,Random,0.2,95.4,97.98,39.79228472709656,1.2548862445280227,162190.0,97.89,203264.0,
953,Random,0.2,95.4,97.91,39.875232219696045,1.2548862445280227,162190.0,97.89,203264.0,
366,Random,0.2,95.4,98.13,39.55424642562866,1.2548862445280227,162190.0,97.89,203264.0,
528,Random,0.2,95.4,98.07,39.91644763946533,1.2548862445280227,162190.0,97.89,203264.0,
546,Random,0.2,95.4,97.93,40.158889293670654,1.2548862445280227,162190.0,97.89,203264.0,
581,Random,0.2,95.4,98.07,39.77168536186218,1.2548862445280227,162190.0,97.89,203264.0,
617,Random,0.2,95.4,97.69,39.748305320739746,1.2548862445280227,162190.0,97.89,203264.0,
580,Random,0.2,95.4,98.13,40.654553174972534,1.2548862445280227,162190.0,97.89,203264.0,
627,Random,0.2,95.4,98.02,39.836429595947266,1.2548862445280227,162190.0,97.89,203264.0,
705,Random,0.2,95.4,98.0,39.905415296554565,1.2548862445280227,162190.0,97.89,203264.0,
763,Random,0.2,95.4,97.94,39.486488342285156,1.2548862445280227,162190.0,97.89,203264.0,
836,Random,0.2,95.4,97.86,39.93153500556946,1.2548862445280227,162190.0,97.89,203264.0,
28,Random,0.2,95.35,98.02,40.46001744270325,1.2548862445280227,162190.0,97.89,203264.0,
173,Random,0.2,95.35,97.85,39.78579020500183,1.2548862445280227,162190.0,97.89,203264.0,
72,Random,0.2,95.35,97.74,39.932164907455444,1.2548862445280227,162190.0,97.89,203264.0,
47,Random,0.2,95.35,98.01,40.6681387424469,1.2548862445280227,162190.0,97.89,203264.0,
190,Random,0.2,95.35,98.0,39.83404493331909,1.2548862445280227,162190.0,97.89,203264.0,
449,Random,0.2,95.35,97.96,39.87343215942383,1.2548862445280227,162190.0,97.89,203264.0,
486,Random,0.2,95.35,97.89,39.640631437301636,1.2548862445280227,162190.0,97.89,203264.0,
269,Random,0.2,95.35,98.16,39.93907380104065,1.2548862445280227,162190.0,97.89,203264.0,
279,Random,0.2,95.35,98.14,40.32917356491089,1.2548862445280227,162190.0,97.89,203264.0,
641,Random,0.2,95.35,98.17,39.8456609249115,1.2548862445280227,162190.0,97.89,203264.0,
648,Random,0.2,95.35,98.08,39.714218854904175,1.2548862445280227,162190.0,97.89,203264.0,
734,Random,0.2,95.35,98.19,39.777809143066406,1.2548862445280227,162190.0,97.89,203264.0,
575,Random,0.2,95.35,97.96,40.74891924858093,1.2548862445280227,162190.0,97.89,203264.0,
29,Random,0.2,95.3,98.16,39.85139203071594,1.2548862445280227,162190.0,97.89,203264.0,
110,Random,0.2,95.3,97.94,39.175716400146484,1.2548862445280227,162190.0,97.89,203264.0,
886,Random,0.2,95.3,98.18,39.817564487457275,1.2548862445280227,162190.0,97.89,203264.0,
934,Random,0.2,95.3,98.17,40.82949614524841,1.2548862445280227,162190.0,97.89,203264.0,
397,Random,0.2,95.3,98.08,39.78211498260498,1.2548862445280227,162190.0,97.89,203264.0,
405,Random,0.2,95.3,97.88,39.924107789993286,1.2548862445280227,162190.0,97.89,203264.0,
315,Random,0.2,95.3,98.07,39.80984878540039,1.2548862445280227,162190.0,97.89,203264.0,
163,Random,0.2,95.3,97.93,40.74582076072693,1.2548862445280227,162190.0,97.89,203264.0,
321,Random,0.2,95.3,98.17,39.92748832702637,1.2548862445280227,162190.0,97.89,203264.0,
522,Random,0.2,95.3,98.17,39.60923385620117,1.2548862445280227,162190.0,97.89,203264.0,
576,Random,0.2,95.3,98.07,39.45867657661438,1.2548862445280227,162190.0,97.89,203264.0,
618,Random,0.2,95.3,97.95,40.37553358078003,1.2548862445280227,162190.0,97.89,203264.0,
704,Random,0.2,95.3,97.98,39.73907017707825,1.2548862445280227,162190.0,97.89,203264.0,
687,Random,0.2,95.3,98.08,40.315807580947876,1.2548862445280227,162190.0,97.89,203264.0,
712,Random,0.2,95.3,97.93,39.811840772628784,1.2548862445280227,162190.0,97.89,203264.0,
799,Random,0.2,95.3,97.89,39.79652428627014,1.2548862445280227,162190.0,97.89,203264.0,
814,Random,0.2,95.3,97.94,39.91484045982361,1.2548862445280227,162190.0,97.89,203264.0,
856,Random,0.2,95.3,98.06,39.76873850822449,1.2548862445280227,162190.0,97.89,203264.0,
25,Random,0.2,95.25,98.13,39.50322890281677,1.2548862445280227,162190.0,97.89,203264.0,
960,Random,0.2,95.25,97.94,40.60491371154785,1.2548862445280227,162190.0,97.89,203264.0,
231,Random,0.2,95.25,98.04,39.903868436813354,1.2548862445280227,162190.0,97.89,203264.0,
239,Random,0.2,95.25,98.17,39.83042764663696,1.2548862445280227,162190.0,97.89,203264.0,
391,Random,0.2,95.25,98.0,39.78246998786926,1.2548862445280227,162190.0,97.89,203264.0,
421,Random,0.2,95.25,97.98,39.76993107795715,1.2548862445280227,162190.0,97.89,203264.0,
472,Random,0.2,95.25,98.0,40.00800967216492,1.2548862445280227,162190.0,97.89,203264.0,
256,Random,0.2,95.25,97.9,39.561331272125244,1.2548862445280227,162190.0,97.89,203264.0,
271,Random,0.2,95.25,97.76,39.853902101516724,1.2548862445280227,162190.0,97.89,203264.0,
583,Random,0.2,95.25,98.01,40.354907274246216,1.2548862445280227,162190.0,97.89,203264.0,
695,Random,0.2,95.25,97.83,39.79916501045227,1.2548862445280227,162190.0,97.89,203264.0,
762,Random,0.2,95.25,98.0,39.80440664291382,1.2548862445280227,162190.0,97.89,203264.0,
780,Random,0.2,95.25,97.9,39.76505732536316,1.2548862445280227,162190.0,97.89,203264.0,
833,Random,0.2,95.25,98.02,39.70956087112427,1.2548862445280227,162190.0,97.89,203264.0,
34,Random,0.2,95.2,97.97,39.96542501449585,1.2548862445280227,162190.0,97.89,203264.0,
52,Random,0.2,95.2,97.93,39.572815895080566,1.2548862445280227,162190.0,97.89,203264.0,
54,Random,0.2,95.2,98.06,39.67726445198059,1.2548862445280227,162190.0,97.89,203264.0,
60,Random,0.2,95.2,98.21,40.212533712387085,1.2548862445280227,162190.0,97.89,203264.0,
422,Random,0.2,95.2,98.1,39.68255853652954,1.2548862445280227,162190.0,97.89,203264.0,
184,Random,0.2,95.2,98.05,39.7918975353241,1.2548862445280227,162190.0,97.89,203264.0,
646,Random,0.2,95.2,97.82,39.712082624435425,1.2548862445280227,162190.0,97.89,203264.0,
723,Random,0.2,95.2,98.14,39.66267442703247,1.2548862445280227,162190.0,97.89,203264.0,
737,Random,0.2,95.2,97.94,39.86049222946167,1.2548862445280227,162190.0,97.89,203264.0,
849,Random,0.2,95.2,97.99,39.64637064933777,1.2548862445280227,162190.0,97.89,203264.0,
867,Random,0.2,95.2,97.75,39.71694612503052,1.2548862445280227,162190.0,97.89,203264.0,
89,Random,0.2,95.15,98.09,40.349172592163086,1.2548862445280227,162190.0,97.89,203264.0,
245,Random,0.2,95.15,98.0,39.684734582901,1.2548862445280227,162190.0,97.89,203264.0,
511,Random,0.2,95.15,98.04,39.70249700546265,1.2548862445280227,162190.0,97.89,203264.0,
365,Random,0.2,95.15,97.97,39.742528438568115,1.2548862445280227,162190.0,97.89,203264.0,
483,Random,0.2,95.15,98.19,39.90393328666687,1.2548862445280227,162190.0,97.89,203264.0,
521,Random,0.2,95.15,97.9,39.94564723968506,1.2548862445280227,162190.0,97.89,203264.0,
681,Random,0.2,95.15,98.16,39.548094034194946,1.2548862445280227,162190.0,97.89,203264.0,
727,Random,0.2,95.15,98.01,39.42187571525574,1.2548862445280227,162190.0,97.89,203264.0,
105,Random,0.2,95.1,98.08,40.264522314071655,1.2548862445280227,162190.0,97.89,203264.0,
107,Random,0.2,95.1,97.91,39.71059584617615,1.2548862445280227,162190.0,97.89,203264.0,
179,Random,0.2,95.1,97.95,39.77955102920532,1.2548862445280227,162190.0,97.89,203264.0,
186,Random,0.2,95.1,98.1,39.77446103096008,1.2548862445280227,162190.0,97.89,203264.0,
225,Random,0.2,95.1,97.92,39.91225290298462,1.2548862445280227,162190.0,97.89,203264.0,
286,Random,0.2,95.1,97.93,39.95896577835083,1.2548862445280227,162190.0,97.89,203264.0,
293,Random,0.2,95.1,98.08,39.598998069763184,1.2548862445280227,162190.0,97.89,203264.0,
586,Random,0.2,95.1,98.14,39.74089789390564,1.2548862445280227,162190.0,97.89,203264.0,
716,Random,0.2,95.1,97.92,40.40851664543152,1.2548862445280227,162190.0,97.89,203264.0,
719,Random,0.2,95.1,97.88,39.84737992286682,1.2548862445280227,162190.0,97.89,203264.0,
726,Random,0.2,95.1,97.83,39.75178027153015,1.2548862445280227,162190.0,97.89,203264.0,
757,Random,0.2,95.1,97.95,39.83736276626587,1.2548862445280227,162190.0,97.89,203264.0,
845,Random,0.2,95.1,98.13,39.852030754089355,1.2548862445280227,162190.0,97.89,203264.0,
858,Random,0.2,95.1,97.93,39.950103759765625,1.2548862445280227,162190.0,97.89,203264.0,
20,Random,0.2,95.05,98.06,39.54176926612854,1.2548862445280227,162190.0,97.89,203264.0,
111,Random,0.2,95.05,97.89,39.80158448219299,1.2548862445280227,162190.0,97.89,203264.0,
896,Random,0.2,95.05,98.08,40.385481119155884,1.2548862445280227,162190.0,97.89,203264.0,
921,Random,0.2,95.05,98.02,39.78773283958435,1.2548862445280227,162190.0,97.89,203264.0,
924,Random,0.2,95.05,97.99,39.8253870010376,1.2548862445280227,162190.0,97.89,203264.0,
947,Random,0.2,95.05,97.84,39.80037879943848,1.2548862445280227,162190.0,97.89,203264.0,
242,Random,0.2,95.05,97.96,39.957550287246704,1.2548862445280227,162190.0,97.89,203264.0,
416,Random,0.2,95.05,97.99,40.04364609718323,1.2548862445280227,162190.0,97.89,203264.0,
459,Random,0.2,95.05,98.04,39.594640254974365,1.2548862445280227,162190.0,97.89,203264.0,
497,Random,0.2,95.05,98.07,40.14927005767822,1.2548862445280227,162190.0,97.89,203264.0,
292,Random,0.2,95.05,97.93,40.23113393783569,1.2548862445280227,162190.0,97.89,203264.0,
295,Random,0.2,95.05,98.05,39.63431358337402,1.2548862445280227,162190.0,97.89,203264.0,
570,Random,0.2,95.05,98.13,39.76575446128845,1.2548862445280227,162190.0,97.89,203264.0,
672,Random,0.2,95.05,98.12,39.74757957458496,1.2548862445280227,162190.0,97.89,203264.0,
735,Random,0.2,95.05,97.88,39.77367687225342,1.2548862445280227,162190.0,97.89,203264.0,
910,Random,0.2,95.0,98.0,39.95959186553955,1.2548862445280227,162190.0,97.89,203264.0,
912,Random,0.2,95.0,98.1,39.595786809921265,1.2548862445280227,162190.0,97.89,203264.0,
917,Random,0.2,95.0,97.87,40.017208099365234,1.2548862445280227,162190.0,97.89,203264.0,
156,Random,0.2,95.0,97.92,39.6538827419281,1.2548862445280227,162190.0,97.89,203264.0,
987,Random,0.2,95.0,97.81,40.66698098182678,1.2548862445280227,162190.0,97.89,203264.0,
160,Random,0.2,95.0,98.01,39.869927644729614,1.2548862445280227,162190.0,97.89,203264.0,
384,Random,0.2,95.0,97.94,39.80868172645569,1.2548862445280227,162190.0,97.89,203264.0,
489,Random,0.2,95.0,98.11,39.927937507629395,1.2548862445280227,162190.0,97.89,203264.0,
262,Random,0.2,95.0,97.95,39.96511888504028,1.2548862445280227,162190.0,97.89,203264.0,
306,Random,0.2,95.0,97.74,39.60732078552246,1.2548862445280227,162190.0,97.89,203264.0,
344,Random,0.2,95.0,98.02,39.763548135757446,1.2548862445280227,162190.0,97.89,203264.0,
558,Random,0.2,95.0,98.01,39.715850591659546,1.2548862445280227,162190.0,97.89,203264.0,
598,Random,0.2,95.0,97.97,39.83940410614014,1.2548862445280227,162190.0,97.89,203264.0,
577,Random,0.2,95.0,98.06,40.073089838027954,1.2548862445280227,162190.0,97.89,203264.0,
642,Random,0.2,95.0,98.25,40.05174779891968,1.2548862445280227,162190.0,97.89,203264.0,
560,Random,0.2,95.0,97.97,40.79235053062439,1.2548862445280227,162190.0,97.89,203264.0,
711,Random,0.2,95.0,98.04,39.80337643623352,1.2548862445280227,162190.0,97.89,203264.0,
800,Random,0.2,95.0,97.91,39.595178842544556,1.2548862445280227,162190.0,97.89,203264.0,
874,Random,0.2,95.0,98.07,39.68802309036255,1.2548862445280227,162190.0,97.89,203264.0,
93,Random,0.2,94.95,97.94,39.672240018844604,1.2548862445280227,162190.0,97.89,203264.0,
144,Random,0.2,94.95,98.1,39.803966760635376,1.2548862445280227,162190.0,97.89,203264.0,
222,Random,0.2,94.95,97.96,40.02733874320984,1.2548862445280227,162190.0,97.89,203264.0,
488,Random,0.2,94.95,97.91,40.13003921508789,1.2548862445280227,162190.0,97.89,203264.0,
357,Random,0.2,94.95,98.07,40.63134288787842,1.2548862445280227,162190.0,97.89,203264.0,
527,Random,0.2,94.95,98.08,39.898839473724365,1.2548862445280227,162190.0,97.89,203264.0,
606,Random,0.2,94.95,98.06,39.66378998756409,1.2548862445280227,162190.0,97.89,203264.0,
608,Random,0.2,94.95,98.01,39.68443250656128,1.2548862445280227,162190.0,97.89,203264.0,
622,Random,0.2,94.95,98.01,39.808300495147705,1.2548862445280227,162190.0,97.89,203264.0,
708,Random,0.2,94.95,97.94,40.03518581390381,1.2548862445280227,162190.0,97.89,203264.0,
714,Random,0.2,94.95,98.19,40.025251150131226,1.2548862445280227,162190.0,97.89,203264.0,
748,Random,0.2,94.95,97.93,40.18937873840332,1.2548862445280227,162190.0,97.89,203264.0,
781,Random,0.2,94.95,98.26,40.77020192146301,1.2548862445280227,162190.0,97.89,203264.0,
786,Random,0.2,94.95,97.88,39.931588649749756,1.2548862445280227,162190.0,97.89,203264.0,
787,Random,0.2,94.95,97.95,39.56601142883301,1.2548862445280227,162190.0,97.89,203264.0,
81,Random,0.2,94.9,98.03,39.875346422195435,1.2548862445280227,162190.0,97.89,203264.0,
897,Random,0.2,94.9,98.07,39.757635831832886,1.2548862445280227,162190.0,97.89,203264.0,
224,Random,0.2,94.9,98.12,39.972124338150024,1.2548862445280227,162190.0,97.89,203264.0,
469,Random,0.2,94.9,98.13,39.83507966995239,1.2548862445280227,162190.0,97.89,203264.0,
328,Random,0.2,94.9,98.04,39.92983865737915,1.2548862445280227,162190.0,97.89,203264.0,
329,Random,0.2,94.9,97.83,41.353442430496216,1.2548862445280227,162190.0,97.89,203264.0,
6,Random,0.2,94.85,98.1,39.9067063331604,1.2548862445280227,162190.0,97.89,203264.0,
73,Random,0.2,94.85,97.99,39.60473585128784,1.2548862445280227,162190.0,97.89,203264.0,
92,Random,0.2,94.85,97.76,40.305012941360474,1.2548862445280227,162190.0,97.89,203264.0,
888,Random,0.2,94.85,97.89,39.76482343673706,1.2548862445280227,162190.0,97.89,203264.0,
899,Random,0.2,94.85,98.03,40.0012047290802,1.2548862445280227,162190.0,97.89,203264.0,
905,Random,0.2,94.85,97.97,39.830331325531006,1.2548862445280227,162190.0,97.89,203264.0,
199,Random,0.2,94.85,98.04,39.910614013671875,1.2548862445280227,162190.0,97.89,203264.0,
297,Random,0.2,94.85,98.0,41.6981315612793,1.2548862445280227,162190.0,97.89,203264.0,
324,Random,0.2,94.85,98.15,39.90499925613403,1.2548862445280227,162190.0,97.89,203264.0,
340,Random,0.2,94.85,98.02,39.68820810317993,1.2548862445280227,162190.0,97.89,203264.0,
367,Random,0.2,94.85,97.89,40.038926124572754,1.2548862445280227,162190.0,97.89,203264.0,
744,Random,0.2,94.85,97.99,39.72280716896057,1.2548862445280227,162190.0,97.89,203264.0,
817,Random,0.2,94.85,98.11,39.93788695335388,1.2548862445280227,162190.0,97.89,203264.0,
838,Random,0.2,94.85,98.07,39.94379377365112,1.2548862445280227,162190.0,97.89,203264.0,
21,Random,0.2,94.8,98.02,40.00574445724487,1.2548862445280227,162190.0,97.89,203264.0,
908,Random,0.2,94.8,98.11,39.950029611587524,1.2548862445280227,162190.0,97.89,203264.0,
88,Random,0.2,94.8,97.71,42.1142840385437,1.2548862445280227,162190.0,97.89,203264.0,
159,Random,0.2,94.8,98.05,39.591652631759644,1.2548862445280227,162190.0,97.89,203264.0,
312,Random,0.2,94.8,97.99,40.22656297683716,1.2548862445280227,162190.0,97.89,203264.0,
666,Random,0.2,94.8,98.03,39.827921628952026,1.2548862445280227,162190.0,97.89,203264.0,
846,Random,0.2,94.8,97.98,39.94347667694092,1.2548862445280227,162190.0,97.89,203264.0,
847,Random,0.2,94.8,97.81,39.91910099983215,1.2548862445280227,162190.0,97.89,203264.0,
957,Random,0.2,94.75,98.03,39.97645115852356,1.2548862445280227,162190.0,97.89,203264.0,
129,Random,0.2,94.75,97.95,40.00064516067505,1.2548862445280227,162190.0,97.89,203264.0,
194,Random,0.2,94.75,98.13,40.9922239780426,1.2548862445280227,162190.0,97.89,203264.0,
248,Random,0.2,94.75,98.04,39.64799976348877,1.2548862445280227,162190.0,97.89,203264.0,
465,Random,0.2,94.75,98.0,40.51006007194519,1.2548862445280227,162190.0,97.89,203264.0,
498,Random,0.2,94.75,97.95,39.79956531524658,1.2548862445280227,162190.0,97.89,203264.0,
369,Random,0.2,94.75,98.02,39.89846444129944,1.2548862445280227,162190.0,97.89,203264.0,
532,Random,0.2,94.75,98.0,39.83846187591553,1.2548862445280227,162190.0,97.89,203264.0,
563,Random,0.2,94.75,97.97,39.92201828956604,1.2548862445280227,162190.0,97.89,203264.0,
653,Random,0.2,94.75,98.18,39.93855357170105,1.2548862445280227,162190.0,97.89,203264.0,
829,Random,0.2,94.75,97.99,40.81387424468994,1.2548862445280227,162190.0,97.89,203264.0,
96,Random,0.2,94.7,97.84,39.6117160320282,1.2548862445280227,162190.0,97.89,203264.0,
997,Random,0.2,94.7,98.16,39.93349528312683,1.2548862445280227,162190.0,97.89,203264.0,
181,Random,0.2,94.7,97.9,39.725107192993164,1.2548862445280227,162190.0,97.89,203264.0,
318,Random,0.2,94.7,98.19,39.84711003303528,1.2548862445280227,162190.0,97.89,203264.0,
238,Random,0.2,94.7,98.18,39.937485456466675,1.2548862445280227,162190.0,97.89,203264.0,
333,Random,0.2,94.7,98.03,39.93251156806946,1.2548862445280227,162190.0,97.89,203264.0,
547,Random,0.2,94.7,98.03,39.873003005981445,1.2548862445280227,162190.0,97.89,203264.0,
551,Random,0.2,94.7,98.08,40.638378858566284,1.2548862445280227,162190.0,97.89,203264.0,
717,Random,0.2,94.7,97.94,39.643470764160156,1.2548862445280227,162190.0,97.89,203264.0,
873,Random,0.2,94.7,98.17,40.2332489490509,1.2548862445280227,162190.0,97.89,203264.0,
121,Random,0.2,94.65,98.11,39.65845823287964,1.2548862445280227,162190.0,97.89,203264.0,
906,Random,0.2,94.65,98.02,39.74889326095581,1.2548862445280227,162190.0,97.89,203264.0,
982,Random,0.2,94.65,98.04,39.91718316078186,1.2548862445280227,162190.0,97.89,203264.0,
541,Random,0.2,94.65,98.09,39.833964109420776,1.2548862445280227,162190.0,97.89,203264.0,
610,Random,0.2,94.65,98.04,39.86996912956238,1.2548862445280227,162190.0,97.89,203264.0,
812,Random,0.2,94.65,98.07,39.552825689315796,1.2548862445280227,162190.0,97.89,203264.0,
613,Random,0.2,94.65,97.86,40.46478772163391,1.2548862445280227,162190.0,97.89,203264.0,
66,Random,0.2,94.6,97.83,40.46238732337952,1.2548862445280227,162190.0,97.89,203264.0,
918,Random,0.2,94.6,98.16,39.39055919647217,1.2548862445280227,162190.0,97.89,203264.0,
149,Random,0.2,94.6,98.16,39.60103678703308,1.2548862445280227,162190.0,97.89,203264.0,
377,Random,0.2,94.6,97.96,39.3919358253479,1.2548862445280227,162190.0,97.89,203264.0,
309,Random,0.2,94.6,97.99,40.060176849365234,1.2548862445280227,162190.0,97.89,203264.0,
591,Random,0.2,94.6,97.82,39.90769052505493,1.2548862445280227,162190.0,97.89,203264.0,
671,Random,0.2,94.6,97.88,39.97363805770874,1.2548862445280227,162190.0,97.89,203264.0,
665,Random,0.2,94.6,98.02,39.649903297424316,1.2548862445280227,162190.0,97.89,203264.0,
807,Random,0.2,94.6,98.21,40.15277981758118,1.2548862445280227,162190.0,97.89,203264.0,
828,Random,0.2,94.6,97.81,40.14805221557617,1.2548862445280227,162190.0,97.89,203264.0,
9,Random,0.2,94.55,98.07,39.859426498413086,1.2548862445280227,162190.0,97.89,203264.0,
861,Random,0.2,94.6,97.87,40.08330726623535,1.2548862445280227,162190.0,97.89,203264.0,
36,Random,0.2,94.55,98.04,40.12349843978882,1.2548862445280227,162190.0,97.89,203264.0,
885,Random,0.2,94.55,97.79,39.89057683944702,1.2548862445280227,162190.0,97.89,203264.0,
388,Random,0.2,94.55,98.08,39.59422826766968,1.2548862445280227,162190.0,97.89,203264.0,
929,Random,0.2,94.55,97.95,40.315465211868286,1.2548862445280227,162190.0,97.89,203264.0,
281,Random,0.2,94.55,97.97,40.21704697608948,1.2548862445280227,162190.0,97.89,203264.0,
313,Random,0.2,94.55,98.01,39.42733025550842,1.2548862445280227,162190.0,97.89,203264.0,
374,Random,0.2,94.55,97.83,39.7991361618042,1.2548862445280227,162190.0,97.89,203264.0,
767,Random,0.2,94.55,97.8,39.82788300514221,1.2548862445280227,162190.0,97.89,203264.0,
805,Random,0.2,94.55,98.08,39.8846697807312,1.2548862445280227,162190.0,97.89,203264.0,
806,Random,0.2,94.55,98.01,39.848830699920654,1.2548862445280227,162190.0,97.89,203264.0,
985,Random,0.2,94.5,98.08,39.62757086753845,1.2548862445280227,162190.0,97.89,203264.0,
337,Random,0.2,94.5,97.99,39.92050862312317,1.2548862445280227,162190.0,97.89,203264.0,
507,Random,0.2,94.5,97.92,39.99931836128235,1.2548862445280227,162190.0,97.89,203264.0,
30,Random,0.2,94.45,97.99,39.69464468955994,1.2548862445280227,162190.0,97.89,203264.0,
108,Random,0.2,94.45,98.05,39.77435326576233,1.2548862445280227,162190.0,97.89,203264.0,
119,Random,0.2,94.45,97.98,39.74623703956604,1.2548862445280227,162190.0,97.89,203264.0,
385,Random,0.2,94.45,98.08,40.036661863327026,1.2548862445280227,162190.0,97.89,203264.0,
412,Random,0.2,94.45,98.01,39.959328174591064,1.2548862445280227,162190.0,97.89,203264.0,
23,Random,0.2,94.4,98.19,39.56758427619934,1.2548862445280227,162190.0,97.89,203264.0,
977,Random,0.2,94.4,97.91,40.80145025253296,1.2548862445280227,162190.0,97.89,203264.0,
140,Random,0.2,94.4,98.03,40.01943039894104,1.2548862445280227,162190.0,97.89,203264.0,
167,Random,0.2,94.4,97.99,39.40026807785034,1.2548862445280227,162190.0,97.89,203264.0,
418,Random,0.2,94.4,98.19,39.39563870429993,1.2548862445280227,162190.0,97.89,203264.0,
423,Random,0.2,94.4,98.01,39.32572793960571,1.2548862445280227,162190.0,97.89,203264.0,
285,Random,0.2,94.4,97.95,39.59338307380676,1.2548862445280227,162190.0,97.89,203264.0,
588,Random,0.2,94.4,97.89,39.873417377471924,1.2548862445280227,162190.0,97.89,203264.0,
722,Random,0.2,94.4,98.01,39.54577612876892,1.2548862445280227,162190.0,97.89,203264.0,
841,Random,0.2,94.4,98.1,40.818432331085205,1.2548862445280227,162190.0,97.89,203264.0,
914,Random,0.2,94.35,97.98,40.02278208732605,1.2548862445280227,162190.0,97.89,203264.0,
132,Random,0.2,94.35,97.92,39.7138307094574,1.2548862445280227,162190.0,97.89,203264.0,
443,Random,0.2,94.35,97.85,39.67301630973816,1.2548862445280227,162190.0,97.89,203264.0,
206,Random,0.2,94.35,98.02,39.83674669265747,1.2548862445280227,162190.0,97.89,203264.0,
264,Random,0.2,94.35,97.99,39.94229292869568,1.2548862445280227,162190.0,97.89,203264.0,
503,Random,0.2,94.35,97.95,39.87970304489136,1.2548862445280227,162190.0,97.89,203264.0,
638,Random,0.2,94.35,97.96,39.58535313606262,1.2548862445280227,162190.0,97.89,203264.0,
809,Random,0.2,94.35,97.93,40.322301149368286,1.2548862445280227,162190.0,97.89,203264.0,
56,Random,0.2,94.3,98.07,39.87707495689392,1.2548862445280227,162190.0,97.89,203264.0,
916,Random,0.2,94.3,97.98,39.72004675865173,1.2548862445280227,162190.0,97.89,203264.0,
185,Random,0.2,94.3,98.21,39.76673340797424,1.2548862445280227,162190.0,97.89,203264.0,
303,Random,0.2,94.3,98.07,39.86742877960205,1.2548862445280227,162190.0,97.89,203264.0,
526,Random,0.2,94.3,98.18,40.05484414100647,1.2548862445280227,162190.0,97.89,203264.0,
562,Random,0.2,94.3,98.04,39.94055652618408,1.2548862445280227,162190.0,97.89,203264.0,
594,Random,0.2,94.3,98.05,39.57425880432129,1.2548862445280227,162190.0,97.89,203264.0,
675,Random,0.2,94.3,97.98,40.66758894920349,1.2548862445280227,162190.0,97.89,203264.0,
753,Random,0.2,94.3,97.96,39.79851174354553,1.2548862445280227,162190.0,97.89,203264.0,
770,Random,0.2,94.3,98.05,39.68325591087341,1.2548862445280227,162190.0,97.89,203264.0,
33,Random,0.2,94.25,98.03,39.78115653991699,1.2548862445280227,162190.0,97.89,203264.0,
962,Random,0.2,94.25,97.88,39.8716516494751,1.2548862445280227,162190.0,97.89,203264.0,
175,Random,0.2,94.25,98.18,39.77008414268494,1.2548862445280227,162190.0,97.89,203264.0,
475,Random,0.2,94.25,97.72,40.021387577056885,1.2548862445280227,162190.0,97.89,203264.0,
569,Random,0.2,94.25,97.9,39.62597131729126,1.2548862445280227,162190.0,97.89,203264.0,
827,Random,0.2,94.25,98.18,40.53224492073059,1.2548862445280227,162190.0,97.89,203264.0,
12,Random,0.2,94.2,98.05,39.791340351104736,1.2548862445280227,162190.0,97.89,203264.0,
162,Random,0.2,94.2,97.91,39.74371075630188,1.2548862445280227,162190.0,97.89,203264.0,
259,Random,0.2,94.2,97.92,39.80891799926758,1.2548862445280227,162190.0,97.89,203264.0,
631,Random,0.2,94.2,98.01,39.91206765174866,1.2548862445280227,162190.0,97.89,203264.0,
639,Random,0.2,94.2,97.8,39.967100858688354,1.2548862445280227,162190.0,97.89,203264.0,
118,Random,0.2,94.15,98.19,39.99088001251221,1.2548862445280227,162190.0,97.89,203264.0,
923,Random,0.2,94.15,98.17,39.72748327255249,1.2548862445280227,162190.0,97.89,203264.0,
250,Random,0.2,94.15,98.21,40.38484072685242,1.2548862445280227,162190.0,97.89,203264.0,
485,Random,0.2,94.15,97.93,39.91571402549744,1.2548862445280227,162190.0,97.89,203264.0,
823,Random,0.2,94.15,98.03,39.78999662399292,1.2548862445280227,162190.0,97.89,203264.0,
852,Random,0.2,94.15,97.82,39.82169532775879,1.2548862445280227,162190.0,97.89,203264.0,
78,Random,0.2,94.1,97.88,39.910282373428345,1.2548862445280227,162190.0,97.89,203264.0,
901,Random,0.2,94.1,97.95,39.96608376502991,1.2548862445280227,162190.0,97.89,203264.0,
903,Random,0.2,94.1,98.06,39.781288623809814,1.2548862445280227,162190.0,97.89,203264.0,
193,Random,0.2,94.1,98.0,39.63585948944092,1.2548862445280227,162190.0,97.89,203264.0,
233,Random,0.2,94.1,97.8,40.12281036376953,1.2548862445280227,162190.0,97.89,203264.0,
381,Random,0.2,94.1,97.93,39.87389850616455,1.2548862445280227,162190.0,97.89,203264.0,
462,Random,0.2,94.1,97.96,39.71277141571045,1.2548862445280227,162190.0,97.89,203264.0,
685,Random,0.2,94.1,97.8,39.79877495765686,1.2548862445280227,162190.0,97.89,203264.0,
857,Random,0.2,94.1,97.99,39.86827754974365,1.2548862445280227,162190.0,97.89,203264.0,
920,Random,0.2,94.05,97.99,39.87644124031067,1.2548862445280227,162190.0,97.89,203264.0,
981,Random,0.2,94.05,97.84,39.81243133544922,1.2548862445280227,162190.0,97.89,203264.0,
212,Random,0.2,94.05,97.95,39.56604361534119,1.2548862445280227,162190.0,97.89,203264.0,
500,Random,0.2,94.05,97.93,40.03455305099487,1.2548862445280227,162190.0,97.89,203264.0,
592,Random,0.2,94.05,98.11,39.73807072639465,1.2548862445280227,162190.0,97.89,203264.0,
925,Random,0.2,94.0,98.15,39.71157264709473,1.2548862445280227,162190.0,97.89,203264.0,
945,Random,0.2,94.0,97.96,39.754961252212524,1.2548862445280227,162190.0,97.89,203264.0,
946,Random,0.2,94.0,97.65,39.77643179893494,1.2548862445280227,162190.0,97.89,203264.0,
991,Random,0.2,94.0,98.02,39.9186577796936,1.2548862445280227,162190.0,97.89,203264.0,
394,Random,0.2,94.0,97.9,39.932939291000366,1.2548862445280227,162190.0,97.89,203264.0,
402,Random,0.2,94.0,98.14,39.671255111694336,1.2548862445280227,162190.0,97.89,203264.0,
484,Random,0.2,94.0,97.67,39.91847276687622,1.2548862445280227,162190.0,97.89,203264.0,
535,Random,0.2,94.0,97.98,39.68665599822998,1.2548862445280227,162190.0,97.89,203264.0,
775,Random,0.2,94.0,97.98,39.77337980270386,1.2548862445280227,162190.0,97.89,203264.0,
935,Random,0.2,93.95,97.81,39.86163282394409,1.2548862445280227,162190.0,97.89,203264.0,
942,Random,0.2,93.95,97.99,39.798874378204346,1.2548862445280227,162190.0,97.89,203264.0,
127,Random,0.2,93.95,97.9,39.91194820404053,1.2548862445280227,162190.0,97.89,203264.0,
243,Random,0.2,93.95,98.1,40.08967041969299,1.2548862445280227,162190.0,97.89,203264.0,
540,Random,0.2,93.95,98.06,39.64344549179077,1.2548862445280227,162190.0,97.89,203264.0,
556,Random,0.2,93.95,97.62,40.49098563194275,1.2548862445280227,162190.0,97.89,203264.0,
660,Random,0.2,93.95,98.07,39.76743793487549,1.2548862445280227,162190.0,97.89,203264.0,
677,Random,0.2,93.95,97.9,39.802396297454834,1.2548862445280227,162190.0,97.89,203264.0,
782,Random,0.2,93.95,97.96,39.890737533569336,1.2548862445280227,162190.0,97.89,203264.0,
280,Random,0.2,93.9,97.95,39.843510389328,1.2548862445280227,162190.0,97.89,203264.0,
100,Random,0.2,93.85,97.85,39.84593105316162,1.2548862445280227,162190.0,97.89,203264.0,
516,Random,0.2,93.85,97.96,39.70321035385132,1.2548862445280227,162190.0,97.89,203264.0,
692,Random,0.2,93.8,97.68,39.4122109413147,1.2548862445280227,162190.0,97.89,203264.0,
715,Random,0.2,93.8,97.83,40.09926438331604,1.2548862445280227,162190.0,97.89,203264.0,
840,Random,0.2,93.8,98.14,39.81208896636963,1.2548862445280227,162190.0,97.89,203264.0,
651,Random,0.2,93.75,98.23,39.749258041381836,1.2548862445280227,162190.0,97.89,203264.0,
458,Random,0.2,93.7,98.11,39.89682078361511,1.2548862445280227,162190.0,97.89,203264.0,
479,Random,0.2,93.7,98.15,39.84231495857239,1.2548862445280227,162190.0,97.89,203264.0,
512,Random,0.2,93.7,97.96,39.86139702796936,1.2548862445280227,162190.0,97.89,203264.0,
513,Random,0.2,93.7,98.13,39.987483501434326,1.2548862445280227,162190.0,97.89,203264.0,
529,Random,0.2,93.7,98.05,39.96024942398071,1.2548862445280227,162190.0,97.89,203264.0,
854,Random,0.2,93.7,98.04,40.090773820877075,1.2548862445280227,162190.0,97.89,203264.0,
208,Random,0.2,93.65,98.01,39.72175669670105,1.2548862445280227,162190.0,97.89,203264.0,
645,Random,0.2,93.65,97.98,39.83246111869812,1.2548862445280227,162190.0,97.89,203264.0,
777,Random,0.2,93.65,97.93,39.93521308898926,1.2548862445280227,162190.0,97.89,203264.0,
877,Random,0.2,93.6,98.01,40.036681175231934,1.2548862445280227,162190.0,97.89,203264.0,
884,Random,0.2,93.6,97.95,39.92550563812256,1.2548862445280227,162190.0,97.89,203264.0,
810,Random,0.2,93.6,97.96,39.712507247924805,1.2548862445280227,162190.0,97.89,203264.0,
972,Random,0.2,93.6,98.06,39.99447798728943,1.2548862445280227,162190.0,97.89,203264.0,
862,Random,0.2,93.6,97.95,40.24822783470154,1.2548862445280227,162190.0,97.89,203264.0,
565,Random,0.2,93.55,98.0,39.929914236068726,1.2548862445280227,162190.0,97.89,203264.0,
778,Random,0.2,93.55,97.81,39.76258945465088,1.2548862445280227,162190.0,97.89,203264.0,
189,Random,0.2,93.5,98.09,39.84411358833313,1.2548862445280227,162190.0,97.89,203264.0,
287,Random,0.2,93.45,98.06,40.025997161865234,1.2548862445280227,162190.0,97.89,203264.0,
157,Random,0.2,93.4,98.13,39.96248483657837,1.2548862445280227,162190.0,97.89,203264.0,
476,Random,0.2,93.4,97.99,39.85966992378235,1.2548862445280227,162190.0,97.89,203264.0,
288,Random,0.2,93.4,97.84,40.145177602767944,1.2548862445280227,162190.0,97.89,203264.0,
796,Random,0.2,93.4,98.01,40.25873899459839,1.2548862445280227,162190.0,97.89,203264.0,
327,Random,0.2,93.35,97.52,39.8278923034668,1.2548862445280227,162190.0,97.89,203264.0,
125,Random,0.2,93.3,98.1,39.75963521003723,1.2548862445280227,162190.0,97.89,203264.0,
978,Random,0.2,93.25,97.8,39.887609243392944,1.2548862445280227,162190.0,97.89,203264.0,
474,Random,0.2,93.25,97.91,39.87758994102478,1.2548862445280227,162190.0,97.89,203264.0,
301,Random,0.2,93.2,98.07,39.90484285354614,1.2548862445280227,162190.0,97.89,203264.0,
348,Random,0.2,93.2,97.94,39.65734148025513,1.2548862445280227,162190.0,97.89,203264.0,
607,Random,0.2,93.15,97.95,40.01680898666382,1.2548862445280227,162190.0,97.89,203264.0,
938,Random,0.2,93.1,97.98,40.385624170303345,1.2548862445280227,162190.0,97.89,203264.0,
445,Random,0.2,93.1,98.16,39.632943868637085,1.2548862445280227,162190.0,97.89,203264.0,
779,Random,0.2,93.1,97.78,39.77653431892395,1.2548862445280227,162190.0,97.89,203264.0,
958,Random,0.2,93.0,98.09,39.8293182849884,1.2548862445280227,162190.0,97.89,203264.0,
988,Random,0.2,93.0,97.84,39.79782009124756,1.2548862445280227,162190.0,97.89,203264.0,
390,Random,0.2,93.0,98.12,39.90889620780945,1.2548862445280227,162190.0,97.89,203264.0,
35,Random,0.2,92.95,98.08,39.26258182525635,1.2548862445280227,162190.0,97.89,203264.0,
43,Random,0.2,92.95,98.02,39.655728340148926,1.2548862445280227,162190.0,97.89,203264.0,
440,Random,0.2,92.95,98.12,40.26938343048096,1.2548862445280227,162190.0,97.89,203264.0,
492,Random,0.2,92.95,97.98,39.727869749069214,1.2548862445280227,162190.0,97.89,203264.0,
40,Random,0.2,92.85,97.85,39.78545784950256,1.2548862445280227,162190.0,97.89,203264.0,
302,Random,0.2,92.85,97.89,39.83876061439514,1.2548862445280227,162190.0,97.89,203264.0,
745,Random,0.2,92.85,97.96,39.85201120376587,1.2548862445280227,162190.0,97.89,203264.0,
752,Random,0.2,92.85,98.0,39.90053462982178,1.2548862445280227,162190.0,97.89,203264.0,
721,Random,0.2,92.75,97.95,40.037463665008545,1.2548862445280227,162190.0,97.89,203264.0,
128,Random,0.2,92.7,98.0,40.27078437805176,1.2548862445280227,162190.0,97.89,203264.0,
975,Random,0.2,92.55,97.95,40.21147012710571,1.2548862445280227,162190.0,97.89,203264.0,
166,Random,0.2,92.55,98.08,39.76013422012329,1.2548862445280227,162190.0,97.89,203264.0,
123,Random,0.2,92.5,98.19,39.77285981178284,1.2548862445280227,162190.0,97.89,203264.0,
491,Random,0.2,92.5,98.02,39.84623146057129,1.2548862445280227,162190.0,97.89,203264.0,
210,Random,0.2,92.45,97.98,40.250107288360596,1.2548862445280227,162190.0,97.89,203264.0,
389,Random,0.2,92.4,97.78,39.887736320495605,1.2548862445280227,162190.0,97.89,203264.0,
370,Random,0.2,92.4,97.43,39.35222792625427,1.2548862445280227,162190.0,97.89,203264.0,
51,Random,0.2,92.35,98.02,39.57184624671936,1.2548862445280227,162190.0,97.89,203264.0,
104,Random,0.2,92.35,97.85,40.2049036026001,1.2548862445280227,162190.0,97.89,203264.0,
135,Random,0.2,92.3,98.09,39.818055629730225,1.2548862445280227,162190.0,97.89,203264.0,
980,Random,0.2,92.1,97.96,39.73768353462219,1.2548862445280227,162190.0,97.89,203264.0,
446,Random,0.2,92.1,98.13,39.769453048706055,1.2548862445280227,162190.0,97.89,203264.0,
783,Random,0.2,92.1,98.07,40.187036752700806,1.2548862445280227,162190.0,97.89,203264.0,
578,Random,0.2,92.05,97.73,39.86076283454895,1.2548862445280227,162190.0,97.89,203264.0,
585,Random,0.2,92.0,97.94,39.577579975128174,1.2548862445280227,162190.0,97.89,203264.0,
470,Random,0.2,91.95,97.75,40.26590657234192,1.2548862445280227,162190.0,97.89,203264.0,
936,Random,0.2,91.7,98.08,40.14959263801575,1.2548862445280227,162190.0,97.89,203264.0,
933,Random,0.2,91.6,98.14,39.78997492790222,1.2548862445280227,162190.0,97.89,203264.0,
506,Random,0.2,91.45,98.18,39.645615100860596,1.2548862445280227,162190.0,97.89,203264.0,
91,Random,0.2,91.35,97.91,39.77485108375549,1.2548862445280227,162190.0,97.89,203264.0,
732,Random,0.2,90.9,97.78,40.19186520576477,1.2548862445280227,162190.0,97.89,203264.0,
378,Random,0.2,90.55,98.05,39.90880846977234,1.2548862445280227,162190.0,97.89,203264.0,
261,Random,0.2,90.5,98.09,39.40430188179016,1.2548862445280227,162190.0,97.89,203264.0,
401,Random,0.2,90.4,98.1,39.96944499015808,1.2548862445280227,162190.0,97.89,203264.0,
911,Random,0.2,90.3,97.76,40.25642132759094,1.2548862445280227,162190.0,97.89,203264.0,
986,Random,0.2,90.2,97.92,39.7939670085907,1.2548862445280227,162190.0,97.89,203264.0,
1,Spectral,0.2,,98.13,26.575320720672607,1.2487652237936007,162985.0,97.89,203264.0,162770.0
603,Random,0.3,97.0,98.05,40.934463024139404,1.4301373713241752,142315.0,97.89,203264.0,
355,Random,0.3,96.45,98.1,40.23202991485596,1.4301373713241752,142315.0,97.89,203264.0,
247,Random,0.3,96.95,98.19,40.90407347679138,1.4301373713241752,142315.0,97.89,203264.0,
344,Random,0.3,96.6,98.17,40.256065130233765,1.4301373713241752,142315.0,97.89,203264.0,
365,Random,0.3,96.6,97.87,40.381751537323,1.4301373713241752,142315.0,97.89,203264.0,
236,Random,0.3,96.8,97.89,40.4858078956604,1.4301373713241752,142315.0,97.89,203264.0,
771,Random,0.3,96.55,98.02,40.655640840530396,1.4301373713241752,142315.0,97.89,203264.0,
28,Random,0.3,96.45,97.82,40.8456084728241,1.4301373713241752,142315.0,97.89,203264.0,
259,Random,0.3,96.4,98.06,39.697890281677246,1.4301373713241752,142315.0,97.89,203264.0,
930,Random,0.3,96.3,98.12,39.689549684524536,1.4301373713241752,142315.0,97.89,203264.0,
832,Random,0.3,96.3,98.05,39.787158489227295,1.4301373713241752,142315.0,97.89,203264.0,
209,Random,0.3,96.35,97.96,39.80578899383545,1.4301373713241752,142315.0,97.89,203264.0,
35,Random,0.3,96.3,97.99,40.18055772781372,1.4301373713241752,142315.0,97.89,203264.0,
48,Random,0.3,96.25,98.02,40.13409948348999,1.4301373713241752,142315.0,97.89,203264.0,
10,Random,0.3,96.2,98.03,40.15714740753174,1.4301373713241752,142315.0,97.89,203264.0,
597,Random,0.3,96.3,97.99,40.588658809661865,1.4301373713241752,142315.0,97.89,203264.0,
12,Random,0.3,96.2,98.14,39.603227853775024,1.4301373713241752,142315.0,97.89,203264.0,
394,Random,0.3,96.2,97.94,39.90470862388611,1.4301373713241752,142315.0,97.89,203264.0,
400,Random,0.3,96.2,98.06,39.90001344680786,1.4301373713241752,142315.0,97.89,203264.0,
268,Random,0.3,96.2,98.08,39.85470771789551,1.4301373713241752,142315.0,97.89,203264.0,
739,Random,0.3,96.2,98.1,39.760645627975464,1.4301373713241752,142315.0,97.89,203264.0,
242,Random,0.3,96.2,97.81,39.97610330581665,1.4301373713241752,142315.0,97.89,203264.0,
536,Random,0.3,96.2,97.95,40.11983799934387,1.4301373713241752,142315.0,97.89,203264.0,
1,Random,0.3,96.15,97.88,39.988423109054565,1.4301373713241752,142315.0,97.89,203264.0,
475,Random,0.3,96.15,98.0,39.570006132125854,1.4301373713241752,142315.0,97.89,203264.0,
176,Random,0.3,96.15,97.92,39.71308374404907,1.4301373713241752,142315.0,97.89,203264.0,
663,Random,0.3,96.15,97.96,39.85109210014343,1.4301373713241752,142315.0,97.89,203264.0,
513,Random,0.3,96.15,98.26,39.997605323791504,1.4301373713241752,142315.0,97.89,203264.0,
561,Random,0.3,96.15,98.13,39.943551778793335,1.4301373713241752,142315.0,97.89,203264.0,
500,Random,0.3,96.1,97.96,40.08908772468567,1.4301373713241752,142315.0,97.89,203264.0,
580,Random,0.3,96.15,98.0,40.020983934402466,1.4301373713241752,142315.0,97.89,203264.0,
231,Random,0.3,96.1,98.08,40.10432434082031,1.4301373713241752,142315.0,97.89,203264.0,
549,Random,0.3,96.1,98.16,39.599534034729004,1.4301373713241752,142315.0,97.89,203264.0,
412,Random,0.3,96.05,98.0,39.6325421333313,1.4301373713241752,142315.0,97.89,203264.0,
433,Random,0.3,96.05,97.96,39.71759557723999,1.4301373713241752,142315.0,97.89,203264.0,
480,Random,0.3,96.05,97.98,39.789013624191284,1.4301373713241752,142315.0,97.89,203264.0,
339,Random,0.3,96.05,97.97,39.98393630981445,1.4301373713241752,142315.0,97.89,203264.0,
537,Random,0.3,96.05,98.08,39.674670457839966,1.4301373713241752,142315.0,97.89,203264.0,
700,Random,0.3,96.05,97.88,39.749252796173096,1.4301373713241752,142315.0,97.89,203264.0,
353,Random,0.3,96.05,97.99,40.12003135681152,1.4301373713241752,142315.0,97.89,203264.0,
604,Random,0.3,96.05,97.71,39.68360114097595,1.4301373713241752,142315.0,97.89,203264.0,
32,Random,0.3,96.0,98.07,39.65639328956604,1.4301373713241752,142315.0,97.89,203264.0,
61,Random,0.3,96.0,97.91,39.79197931289673,1.4301373713241752,142315.0,97.89,203264.0,
395,Random,0.3,96.0,98.06,39.9022057056427,1.4301373713241752,142315.0,97.89,203264.0,
875,Random,0.3,96.0,98.06,39.69659757614136,1.4301373713241752,142315.0,97.89,203264.0,
745,Random,0.3,96.0,97.98,40.03582954406738,1.4301373713241752,142315.0,97.89,203264.0,
22,Random,0.3,95.95,97.76,39.73476552963257,1.4301373713241752,142315.0,97.89,203264.0,
141,Random,0.3,95.95,98.03,40.2236692905426,1.4301373713241752,142315.0,97.89,203264.0,
521,Random,0.3,95.95,98.19,39.62187075614929,1.4301373713241752,142315.0,97.89,203264.0,
487,Random,0.3,95.9,97.84,39.61262130737305,1.4301373713241752,142315.0,97.89,203264.0,
144,Random,0.3,95.9,97.99,39.794843912124634,1.4301373713241752,142315.0,97.89,203264.0,
235,Random,0.3,95.9,98.09,39.74210333824158,1.4301373713241752,142315.0,97.89,203264.0,
723,Random,0.3,95.9,97.96,39.77015781402588,1.4301373713241752,142315.0,97.89,203264.0,
882,Random,0.3,95.9,97.93,39.79227352142334,1.4301373713241752,142315.0,97.89,203264.0,
681,Random,0.3,95.9,97.97,39.88203310966492,1.4301373713241752,142315.0,97.89,203264.0,
563,Random,0.3,95.9,98.03,40.12189698219299,1.4301373713241752,142315.0,97.89,203264.0,
102,Random,0.3,95.85,98.12,39.668988943099976,1.4301373713241752,142315.0,97.89,203264.0,
165,Random,0.3,95.85,97.95,39.62696170806885,1.4301373713241752,142315.0,97.89,203264.0,
212,Random,0.3,95.85,98.1,39.877336740493774,1.4301373713241752,142315.0,97.89,203264.0,
246,Random,0.3,95.85,97.81,39.81155753135681,1.4301373713241752,142315.0,97.89,203264.0,
689,Random,0.3,95.85,98.2,39.822826862335205,1.4301373713241752,142315.0,97.89,203264.0,
736,Random,0.3,95.85,97.69,39.77091431617737,1.4301373713241752,142315.0,97.89,203264.0,
785,Random,0.3,95.85,97.96,40.073293685913086,1.4301373713241752,142315.0,97.89,203264.0,
864,Random,0.3,95.85,97.99,40.44950461387634,1.4301373713241752,142315.0,97.89,203264.0,
618,Random,0.3,95.85,97.89,39.69941210746765,1.4301373713241752,142315.0,97.89,203264.0,
8,Random,0.3,95.8,97.92,39.57977271080017,1.4301373713241752,142315.0,97.89,203264.0,
19,Random,0.3,95.8,97.78,39.76973748207092,1.4301373713241752,142315.0,97.89,203264.0,
20,Random,0.3,95.8,97.72,39.757243156433105,1.4301373713241752,142315.0,97.89,203264.0,
109,Random,0.3,95.8,97.92,39.7697639465332,1.4301373713241752,142315.0,97.89,203264.0,
477,Random,0.3,95.8,97.99,39.817588806152344,1.4301373713241752,142315.0,97.89,203264.0,
497,Random,0.3,95.8,98.01,39.69968819618225,1.4301373713241752,142315.0,97.89,203264.0,
263,Random,0.3,95.8,97.98,40.02383375167847,1.4301373713241752,142315.0,97.89,203264.0,
279,Random,0.3,95.8,98.01,39.641886711120605,1.4301373713241752,142315.0,97.89,203264.0,
634,Random,0.3,95.8,98.04,39.64407515525818,1.4301373713241752,142315.0,97.89,203264.0,
638,Random,0.3,95.8,98.01,39.84041905403137,1.4301373713241752,142315.0,97.89,203264.0,
777,Random,0.3,95.8,98.1,39.75136375427246,1.4301373713241752,142315.0,97.89,203264.0,
461,Random,0.3,95.75,98.0,39.77539396286011,1.4301373713241752,142315.0,97.89,203264.0,
485,Random,0.3,95.75,98.1,39.75715780258179,1.4301373713241752,142315.0,97.89,203264.0,
310,Random,0.3,95.75,98.14,40.134692668914795,1.4301373713241752,142315.0,97.89,203264.0,
203,Random,0.3,95.75,98.18,39.97024726867676,1.4301373713241752,142315.0,97.89,203264.0,
894,Random,0.3,95.75,97.99,39.73824214935303,1.4301373713241752,142315.0,97.89,203264.0,
575,Random,0.3,95.75,97.84,39.7644259929657,1.4301373713241752,142315.0,97.89,203264.0,
607,Random,0.3,95.75,98.0,39.82625675201416,1.4301373713241752,142315.0,97.89,203264.0,
47,Random,0.3,95.7,97.79,39.815842628479004,1.4301373713241752,142315.0,97.89,203264.0,
97,Random,0.3,95.7,97.84,39.88033747673035,1.4301373713241752,142315.0,97.89,203264.0,
382,Random,0.3,95.7,98.16,39.871564626693726,1.4301373713241752,142315.0,97.89,203264.0,
271,Random,0.3,95.7,98.1,39.932985067367554,1.4301373713241752,142315.0,97.89,203264.0,
337,Random,0.3,95.7,98.04,40.042243242263794,1.4301373713241752,142315.0,97.89,203264.0,
196,Random,0.3,95.7,97.93,39.75180387496948,1.4301373713241752,142315.0,97.89,203264.0,
197,Random,0.3,95.7,97.78,39.65165305137634,1.4301373713241752,142315.0,97.89,203264.0,
232,Random,0.3,95.7,97.89,39.6984338760376,1.4301373713241752,142315.0,97.89,203264.0,
711,Random,0.3,95.7,98.06,39.948365926742554,1.4301373713241752,142315.0,97.89,203264.0,
385,Random,0.3,95.65,97.92,39.81868124008179,1.4301373713241752,142315.0,97.89,203264.0,
941,Random,0.3,95.7,97.96,40.38995862007141,1.4301373713241752,142315.0,97.89,203264.0,
402,Random,0.3,95.65,98.04,40.172435998916626,1.4301373713241752,142315.0,97.89,203264.0,
427,Random,0.3,95.65,98.15,40.08210849761963,1.4301373713241752,142315.0,97.89,203264.0,
494,Random,0.3,95.65,97.89,39.77372932434082,1.4301373713241752,142315.0,97.89,203264.0,
281,Random,0.3,95.65,97.91,39.718608379364014,1.4301373713241752,142315.0,97.89,203264.0,
295,Random,0.3,95.65,98.06,39.837827920913696,1.4301373713241752,142315.0,97.89,203264.0,
343,Random,0.3,95.65,98.1,40.07095527648926,1.4301373713241752,142315.0,97.89,203264.0,
358,Random,0.3,95.65,97.85,40.135761737823486,1.4301373713241752,142315.0,97.89,203264.0,
133,Random,0.3,95.65,98.05,39.95068645477295,1.4301373713241752,142315.0,97.89,203264.0,
698,Random,0.3,95.65,98.15,40.11360454559326,1.4301373713241752,142315.0,97.89,203264.0,
986,Random,0.3,95.65,98.06,40.15263223648071,1.4301373713241752,142315.0,97.89,203264.0,
601,Random,0.3,95.65,97.96,39.847116231918335,1.4301373713241752,142315.0,97.89,203264.0,
40,Random,0.3,95.6,98.04,39.69958734512329,1.4301373713241752,142315.0,97.89,203264.0,
117,Random,0.3,95.6,97.87,39.750582218170166,1.4301373713241752,142315.0,97.89,203264.0,
125,Random,0.3,95.6,97.92,39.96802020072937,1.4301373713241752,142315.0,97.89,203264.0,
374,Random,0.3,95.6,97.95,39.90198254585266,1.4301373713241752,142315.0,97.89,203264.0,
627,Random,0.3,95.6,98.12,40.00612235069275,1.4301373713241752,142315.0,97.89,203264.0,
909,Random,0.3,95.6,98.2,39.91177177429199,1.4301373713241752,142315.0,97.89,203264.0,
926,Random,0.3,95.6,98.03,40.03564810752869,1.4301373713241752,142315.0,97.89,203264.0,
802,Random,0.3,95.6,97.93,39.80374217033386,1.4301373713241752,142315.0,97.89,203264.0,
826,Random,0.3,95.6,97.99,39.73880314826965,1.4301373713241752,142315.0,97.89,203264.0,
872,Random,0.3,95.6,97.92,39.83077788352966,1.4301373713241752,142315.0,97.89,203264.0,
566,Random,0.3,95.6,98.0,39.99042630195618,1.4301373713241752,142315.0,97.89,203264.0,
291,Random,0.3,95.55,97.82,39.98132395744324,1.4301373713241752,142315.0,97.89,203264.0,
338,Random,0.3,95.55,98.11,39.99975085258484,1.4301373713241752,142315.0,97.89,203264.0,
140,Random,0.3,95.55,98.04,40.119271993637085,1.4301373713241752,142315.0,97.89,203264.0,
175,Random,0.3,95.55,97.97,40.009469509124756,1.4301373713241752,142315.0,97.89,203264.0,
640,Random,0.3,95.55,98.12,39.747450828552246,1.4301373713241752,142315.0,97.89,203264.0,
647,Random,0.3,95.55,98.19,39.76112961769104,1.4301373713241752,142315.0,97.89,203264.0,
905,Random,0.3,95.55,98.09,39.80059242248535,1.4301373713241752,142315.0,97.89,203264.0,
818,Random,0.3,95.55,97.75,39.91299486160278,1.4301373713241752,142315.0,97.89,203264.0,
528,Random,0.3,95.55,98.01,39.99996542930603,1.4301373713241752,142315.0,97.89,203264.0,
54,Random,0.3,95.5,98.0,39.9363648891449,1.4301373713241752,142315.0,97.89,203264.0,
99,Random,0.3,95.5,97.78,40.06523370742798,1.4301373713241752,142315.0,97.89,203264.0,
380,Random,0.3,95.5,97.91,40.08245635032654,1.4301373713241752,142315.0,97.89,203264.0,
407,Random,0.3,95.5,98.08,39.81289625167847,1.4301373713241752,142315.0,97.89,203264.0,
481,Random,0.3,95.5,97.69,39.739049434661865,1.4301373713241752,142315.0,97.89,203264.0,
347,Random,0.3,95.5,97.93,39.77760553359985,1.4301373713241752,142315.0,97.89,203264.0,
202,Random,0.3,95.5,97.81,40.0048406124115,1.4301373713241752,142315.0,97.89,203264.0,
664,Random,0.3,95.5,97.77,39.79276490211487,1.4301373713241752,142315.0,97.89,203264.0,
725,Random,0.3,95.5,98.03,40.02821946144104,1.4301373713241752,142315.0,97.89,203264.0,
731,Random,0.3,95.5,97.89,40.1935338973999,1.4301373713241752,142315.0,97.89,203264.0,
807,Random,0.3,95.5,97.99,39.99359703063965,1.4301373713241752,142315.0,97.89,203264.0,
530,Random,0.3,95.5,97.88,39.70615530014038,1.4301373713241752,142315.0,97.89,203264.0,
562,Random,0.3,95.5,98.03,39.70970606803894,1.4301373713241752,142315.0,97.89,203264.0,
33,Random,0.3,95.45,97.73,39.821284770965576,1.4301373713241752,142315.0,97.89,203264.0,
67,Random,0.3,95.45,98.07,39.88037991523743,1.4301373713241752,142315.0,97.89,203264.0,
69,Random,0.3,95.45,98.12,39.80710959434509,1.4301373713241752,142315.0,97.89,203264.0,
376,Random,0.3,95.45,98.12,39.999842166900635,1.4301373713241752,142315.0,97.89,203264.0,
414,Random,0.3,95.45,97.79,40.0627920627594,1.4301373713241752,142315.0,97.89,203264.0,
301,Random,0.3,95.45,98.11,40.05142593383789,1.4301373713241752,142315.0,97.89,203264.0,
316,Random,0.3,95.45,97.81,39.666579723358154,1.4301373713241752,142315.0,97.89,203264.0,
330,Random,0.3,95.45,97.95,39.72356867790222,1.4301373713241752,142315.0,97.89,203264.0,
340,Random,0.3,95.45,97.99,39.866729974746704,1.4301373713241752,142315.0,97.89,203264.0,
351,Random,0.3,95.45,98.12,39.854918241500854,1.4301373713241752,142315.0,97.89,203264.0,
143,Random,0.3,95.45,97.96,39.874693393707275,1.4301373713241752,142315.0,97.89,203264.0,
191,Random,0.3,95.45,98.1,40.38749098777771,1.4301373713241752,142315.0,97.89,203264.0,
551,Random,0.3,95.45,97.94,39.99197030067444,1.4301373713241752,142315.0,97.89,203264.0,
24,Random,0.3,95.4,98.02,40.14545202255249,1.4301373713241752,142315.0,97.89,203264.0,
72,Random,0.3,95.4,98.0,39.795252323150635,1.4301373713241752,142315.0,97.89,203264.0,
393,Random,0.3,95.4,97.89,39.713759422302246,1.4301373713241752,142315.0,97.89,203264.0,
255,Random,0.3,95.4,97.92,39.895307302474976,1.4301373713241752,142315.0,97.89,203264.0,
221,Random,0.3,95.4,97.98,39.85944628715515,1.4301373713241752,142315.0,97.89,203264.0,
737,Random,0.3,95.4,97.88,39.91706991195679,1.4301373713241752,142315.0,97.89,203264.0,
995,Random,0.3,95.4,97.99,40.07052230834961,1.4301373713241752,142315.0,97.89,203264.0,
760,Random,0.3,95.4,98.09,39.73193001747131,1.4301373713241752,142315.0,97.89,203264.0,
765,Random,0.3,95.4,98.04,40.13875102996826,1.4301373713241752,142315.0,97.89,203264.0,
806,Random,0.3,95.4,98.08,39.75676441192627,1.4301373713241752,142315.0,97.89,203264.0,
592,Random,0.3,95.4,97.95,39.743592500686646,1.4301373713241752,142315.0,97.89,203264.0,
82,Random,0.3,95.35,97.89,39.883575201034546,1.4301373713241752,142315.0,97.89,203264.0,
258,Random,0.3,95.35,98.01,39.942397594451904,1.4301373713241752,142315.0,97.89,203264.0,
168,Random,0.3,95.35,98.05,39.91502904891968,1.4301373713241752,142315.0,97.89,203264.0,
656,Random,0.3,95.35,98.09,40.59470987319946,1.4301373713241752,142315.0,97.89,203264.0,
684,Random,0.3,95.35,98.06,39.76113200187683,1.4301373713241752,142315.0,97.89,203264.0,
707,Random,0.3,95.35,97.98,40.12756395339966,1.4301373713241752,142315.0,97.89,203264.0,
740,Random,0.3,95.35,97.98,39.7124502658844,1.4301373713241752,142315.0,97.89,203264.0,
586,Random,0.3,95.35,97.88,39.71522092819214,1.4301373713241752,142315.0,97.89,203264.0,
31,Random,0.3,95.3,98.18,39.81996750831604,1.4301373713241752,142315.0,97.89,203264.0,
74,Random,0.3,95.3,97.95,39.92475175857544,1.4301373713241752,142315.0,97.89,203264.0,
389,Random,0.3,95.3,97.92,40.02166295051575,1.4301373713241752,142315.0,97.89,203264.0,
275,Random,0.3,95.3,98.11,39.65223264694214,1.4301373713241752,142315.0,97.89,203264.0,
444,Random,0.3,95.3,98.05,40.44657564163208,1.4301373713241752,142315.0,97.89,203264.0,
280,Random,0.3,95.3,97.95,40.127641677856445,1.4301373713241752,142315.0,97.89,203264.0,
373,Random,0.3,95.3,98.12,39.63779091835022,1.4301373713241752,142315.0,97.89,203264.0,
130,Random,0.3,95.3,97.92,39.626532554626465,1.4301373713241752,142315.0,97.89,203264.0,
158,Random,0.3,95.3,98.02,39.79892826080322,1.4301373713241752,142315.0,97.89,203264.0,
911,Random,0.3,95.3,98.06,39.79593014717102,1.4301373713241752,142315.0,97.89,203264.0,
950,Random,0.3,95.3,97.88,39.92804408073425,1.4301373713241752,142315.0,97.89,203264.0,
962,Random,0.3,95.3,97.89,39.640472650527954,1.4301373713241752,142315.0,97.89,203264.0,
971,Random,0.3,95.3,98.1,39.952672481536865,1.4301373713241752,142315.0,97.89,203264.0,
756,Random,0.3,95.3,98.12,40.119425773620605,1.4301373713241752,142315.0,97.89,203264.0,
782,Random,0.3,95.3,97.91,39.57808709144592,1.4301373713241752,142315.0,97.89,203264.0,
841,Random,0.3,95.3,98.14,39.666972637176514,1.4301373713241752,142315.0,97.89,203264.0,
598,Random,0.3,95.3,98.0,39.82147145271301,1.4301373713241752,142315.0,97.89,203264.0,
43,Random,0.3,95.25,98.08,39.83350920677185,1.4301373713241752,142315.0,97.89,203264.0,
101,Random,0.3,95.25,98.07,39.79330134391785,1.4301373713241752,142315.0,97.89,203264.0,
391,Random,0.3,95.25,97.97,39.61750793457031,1.4301373713241752,142315.0,97.89,203264.0,
419,Random,0.3,95.25,98.0,39.95896077156067,1.4301373713241752,142315.0,97.89,203264.0,
321,Random,0.3,95.25,97.94,40.19672656059265,1.4301373713241752,142315.0,97.89,203264.0,
142,Random,0.3,95.25,97.96,39.6604220867157,1.4301373713241752,142315.0,97.89,203264.0,
157,Random,0.3,95.25,98.08,39.78852295875549,1.4301373713241752,142315.0,97.89,203264.0,
227,Random,0.3,95.25,98.11,39.885090589523315,1.4301373713241752,142315.0,97.89,203264.0,
695,Random,0.3,95.25,98.05,39.689932107925415,1.4301373713241752,142315.0,97.89,203264.0,
722,Random,0.3,95.25,98.12,39.7897469997406,1.4301373713241752,142315.0,97.89,203264.0,
788,Random,0.3,95.25,97.98,39.5637571811676,1.4301373713241752,142315.0,97.89,203264.0,
792,Random,0.3,95.25,97.77,39.887500524520874,1.4301373713241752,142315.0,97.89,203264.0,
798,Random,0.3,95.25,97.82,40.04797315597534,1.4301373713241752,142315.0,97.89,203264.0,
829,Random,0.3,95.25,98.13,39.56857109069824,1.4301373713241752,142315.0,97.89,203264.0,
836,Random,0.3,95.25,98.06,39.77123475074768,1.4301373713241752,142315.0,97.89,203264.0,
37,Random,0.3,95.2,98.01,39.84375262260437,1.4301373713241752,142315.0,97.89,203264.0,
104,Random,0.3,95.2,97.94,39.83865189552307,1.4301373713241752,142315.0,97.89,203264.0,
718,Random,0.3,95.2,98.07,39.82066750526428,1.4301373713241752,142315.0,97.89,203264.0,
914,Random,0.3,95.2,97.99,39.579084396362305,1.4301373713241752,142315.0,97.89,203264.0,
988,Random,0.3,95.2,97.95,39.69455885887146,1.4301373713241752,142315.0,97.89,203264.0,
835,Random,0.3,95.2,98.13,40.00711917877197,1.4301373713241752,142315.0,97.89,203264.0,
870,Random,0.3,95.2,97.95,39.55859351158142,1.4301373713241752,142315.0,97.89,203264.0,
507,Random,0.3,95.2,97.96,39.71218800544739,1.4301373713241752,142315.0,97.89,203264.0,
517,Random,0.3,95.2,98.04,39.8298761844635,1.4301373713241752,142315.0,97.89,203264.0,
554,Random,0.3,95.2,97.94,39.74555253982544,1.4301373713241752,142315.0,97.89,203264.0,
616,Random,0.3,95.2,98.11,39.893319845199585,1.4301373713241752,142315.0,97.89,203264.0,
115,Random,0.3,95.15,97.82,39.671220779418945,1.4301373713241752,142315.0,97.89,203264.0,
120,Random,0.3,95.15,97.98,39.95205998420715,1.4301373713241752,142315.0,97.89,203264.0,
390,Random,0.3,95.15,98.09,40.23513674736023,1.4301373713241752,142315.0,97.89,203264.0,
401,Random,0.3,95.15,98.09,39.31236004829407,1.4301373713241752,142315.0,97.89,203264.0,
317,Random,0.3,95.15,97.91,39.558006048202515,1.4301373713241752,142315.0,97.89,203264.0,
363,Random,0.3,95.15,98.0,39.85218405723572,1.4301373713241752,142315.0,97.89,203264.0,
369,Random,0.3,95.15,98.04,39.8026909828186,1.4301373713241752,142315.0,97.89,203264.0,
148,Random,0.3,95.15,98.13,39.83340334892273,1.4301373713241752,142315.0,97.89,203264.0,
155,Random,0.3,95.15,98.03,39.59528732299805,1.4301373713241752,142315.0,97.89,203264.0,
633,Random,0.3,95.15,98.05,39.98291611671448,1.4301373713241752,142315.0,97.89,203264.0,
642,Random,0.3,95.15,98.06,40.151307582855225,1.4301373713241752,142315.0,97.89,203264.0,
648,Random,0.3,95.15,98.17,39.633771657943726,1.4301373713241752,142315.0,97.89,203264.0,
660,Random,0.3,95.15,98.01,39.77854084968567,1.4301373713241752,142315.0,97.89,203264.0,
678,Random,0.3,95.15,98.05,39.82851028442383,1.4301373713241752,142315.0,97.89,203264.0,
687,Random,0.3,95.15,97.96,39.762531042099,1.4301373713241752,142315.0,97.89,203264.0,
704,Random,0.3,95.15,97.65,39.8301260471344,1.4301373713241752,142315.0,97.89,203264.0,
946,Random,0.3,95.15,97.68,39.69208765029907,1.4301373713241752,142315.0,97.89,203264.0,
993,Random,0.3,95.15,98.05,39.89582347869873,1.4301373713241752,142315.0,97.89,203264.0,
999,Random,0.3,95.15,97.98,40.11110854148865,1.4301373713241752,142315.0,97.89,203264.0,
772,Random,0.3,95.15,97.96,39.556493282318115,1.4301373713241752,142315.0,97.89,203264.0,
869,Random,0.3,95.15,98.11,39.81314516067505,1.4301373713241752,142315.0,97.89,203264.0,
516,Random,0.3,95.15,97.89,39.857157945632935,1.4301373713241752,142315.0,97.89,203264.0,
558,Random,0.3,95.15,98.09,39.76058769226074,1.4301373713241752,142315.0,97.89,203264.0,
29,Random,0.3,95.1,98.01,39.69172549247742,1.4301373713241752,142315.0,97.89,203264.0,
594,Random,0.3,95.15,98.02,39.83982181549072,1.4301373713241752,142315.0,97.89,203264.0,
80,Random,0.3,95.1,97.85,40.20527005195618,1.4301373713241752,142315.0,97.89,203264.0,
87,Random,0.3,95.1,98.08,39.998212814331055,1.4301373713241752,142315.0,97.89,203264.0,
103,Random,0.3,95.1,97.84,39.32842659950256,1.4301373713241752,142315.0,97.89,203264.0,
112,Random,0.3,95.1,98.11,39.760828733444214,1.4301373713241752,142315.0,97.89,203264.0,
379,Random,0.3,95.1,97.9,39.84348917007446,1.4301373713241752,142315.0,97.89,203264.0,
307,Random,0.3,95.1,98.0,39.84575438499451,1.4301373713241752,142315.0,97.89,203264.0,
335,Random,0.3,95.1,97.78,39.65762543678284,1.4301373713241752,142315.0,97.89,203264.0,
137,Random,0.3,95.1,98.03,39.834022998809814,1.4301373713241752,142315.0,97.89,203264.0,
204,Random,0.3,95.1,98.09,40.420761823654175,1.4301373713241752,142315.0,97.89,203264.0,
677,Random,0.3,95.1,98.14,40.04909586906433,1.4301373713241752,142315.0,97.89,203264.0,
691,Random,0.3,95.1,98.01,39.266430377960205,1.4301373713241752,142315.0,97.89,203264.0,
724,Random,0.3,95.1,98.0,39.27457308769226,1.4301373713241752,142315.0,97.89,203264.0,
883,Random,0.3,95.1,97.88,39.756582498550415,1.4301373713241752,142315.0,97.89,203264.0,
885,Random,0.3,95.1,98.02,39.7273530960083,1.4301373713241752,142315.0,97.89,203264.0,
922,Random,0.3,95.1,98.04,39.66498565673828,1.4301373713241752,142315.0,97.89,203264.0,
1000,Random,0.3,95.1,97.99,39.729827642440796,1.4301373713241752,142315.0,97.89,203264.0,
762,Random,0.3,95.1,98.04,39.98296761512756,1.4301373713241752,142315.0,97.89,203264.0,
855,Random,0.3,95.1,97.89,40.06950306892395,1.4301373713241752,142315.0,97.89,203264.0,
515,Random,0.3,95.1,98.11,39.983073711395264,1.4301373713241752,142315.0,97.89,203264.0,
599,Random,0.3,95.1,97.9,39.711613178253174,1.4301373713241752,142315.0,97.89,203264.0,
7,Random,0.3,95.05,98.04,39.80467939376831,1.4301373713241752,142315.0,97.89,203264.0,
377,Random,0.3,95.05,97.96,39.74789476394653,1.4301373713241752,142315.0,97.89,203264.0,
471,Random,0.3,95.05,98.14,39.675092935562134,1.4301373713241752,142315.0,97.89,203264.0,
479,Random,0.3,95.05,98.15,39.76291036605835,1.4301373713241752,142315.0,97.89,203264.0,
272,Random,0.3,95.05,98.06,40.213637351989746,1.4301373713241752,142315.0,97.89,203264.0,
331,Random,0.3,95.05,98.08,40.21930289268494,1.4301373713241752,142315.0,97.89,203264.0,
341,Random,0.3,95.05,97.92,39.56026291847229,1.4301373713241752,142315.0,97.89,203264.0,
352,Random,0.3,95.05,98.04,39.62946963310242,1.4301373713241752,142315.0,97.89,203264.0,
188,Random,0.3,95.05,97.99,39.771278381347656,1.4301373713241752,142315.0,97.89,203264.0,
194,Random,0.3,95.05,98.12,39.7339403629303,1.4301373713241752,142315.0,97.89,203264.0,
742,Random,0.3,95.05,97.98,39.63180470466614,1.4301373713241752,142315.0,97.89,203264.0,
751,Random,0.3,95.05,98.0,39.7350115776062,1.4301373713241752,142315.0,97.89,203264.0,
825,Random,0.3,95.05,98.07,39.83271145820618,1.4301373713241752,142315.0,97.89,203264.0,
584,Random,0.3,95.05,98.11,39.99815797805786,1.4301373713241752,142315.0,97.89,203264.0,
70,Random,0.3,95.0,97.91,39.58222985267639,1.4301373713241752,142315.0,97.89,203264.0,
75,Random,0.3,95.0,97.85,39.64301109313965,1.4301373713241752,142315.0,97.89,203264.0,
447,Random,0.3,95.0,98.03,39.78487706184387,1.4301373713241752,142315.0,97.89,203264.0,
463,Random,0.3,95.0,98.09,39.830251932144165,1.4301373713241752,142315.0,97.89,203264.0,
152,Random,0.3,95.0,98.0,39.65360236167908,1.4301373713241752,142315.0,97.89,203264.0,
177,Random,0.3,95.0,97.98,39.77823781967163,1.4301373713241752,142315.0,97.89,203264.0,
222,Random,0.3,95.0,98.07,40.043647050857544,1.4301373713241752,142315.0,97.89,203264.0,
238,Random,0.3,95.0,98.02,39.96309447288513,1.4301373713241752,142315.0,97.89,203264.0,
249,Random,0.3,95.0,97.91,39.683661222457886,1.4301373713241752,142315.0,97.89,203264.0,
917,Random,0.3,95.0,97.96,39.66253209114075,1.4301373713241752,142315.0,97.89,203264.0,
767,Random,0.3,95.0,97.96,39.84914541244507,1.4301373713241752,142315.0,97.89,203264.0,
789,Random,0.3,95.0,98.03,39.820958614349365,1.4301373713241752,142315.0,97.89,203264.0,
791,Random,0.3,95.0,97.88,39.77896165847778,1.4301373713241752,142315.0,97.89,203264.0,
800,Random,0.3,95.0,97.79,39.776087522506714,1.4301373713241752,142315.0,97.89,203264.0,
814,Random,0.3,95.0,97.99,39.98670196533203,1.4301373713241752,142315.0,97.89,203264.0,
856,Random,0.3,95.0,97.96,39.91430640220642,1.4301373713241752,142315.0,97.89,203264.0,
45,Random,0.3,94.95,97.98,39.30873441696167,1.4301373713241752,142315.0,97.89,203264.0,
51,Random,0.3,94.95,97.92,39.23457598686218,1.4301373713241752,142315.0,97.89,203264.0,
417,Random,0.3,94.95,98.0,39.79209780693054,1.4301373713241752,142315.0,97.89,203264.0,
451,Random,0.3,94.95,98.26,39.80019927024841,1.4301373713241752,142315.0,97.89,203264.0,
278,Random,0.3,94.95,97.93,39.73523259162903,1.4301373713241752,142315.0,97.89,203264.0,
309,Random,0.3,94.95,98.05,39.96015477180481,1.4301373713241752,142315.0,97.89,203264.0,
150,Random,0.3,94.95,97.92,40.31294584274292,1.4301373713241752,142315.0,97.89,203264.0,
987,Random,0.3,94.95,97.88,39.96941351890564,1.4301373713241752,142315.0,97.89,203264.0,
809,Random,0.3,94.95,97.92,39.78809833526611,1.4301373713241752,142315.0,97.89,203264.0,
837,Random,0.3,94.95,97.9,39.631794929504395,1.4301373713241752,142315.0,97.89,203264.0,
850,Random,0.3,94.95,98.0,39.86997580528259,1.4301373713241752,142315.0,97.89,203264.0,
531,Random,0.3,94.95,98.1,39.829665184020996,1.4301373713241752,142315.0,97.89,203264.0,
583,Random,0.3,94.95,97.82,39.72256374359131,1.4301373713241752,142315.0,97.89,203264.0,
596,Random,0.3,94.95,97.83,39.799853563308716,1.4301373713241752,142315.0,97.89,203264.0,
9,Random,0.3,94.9,98.12,40.74146103858948,1.4301373713241752,142315.0,97.89,203264.0,
46,Random,0.3,94.9,98.12,39.93650484085083,1.4301373713241752,142315.0,97.89,203264.0,
93,Random,0.3,94.9,97.9,39.79815459251404,1.4301373713241752,142315.0,97.89,203264.0,
94,Random,0.3,94.9,97.92,39.35443735122681,1.4301373713241752,142315.0,97.89,203264.0,
95,Random,0.3,94.9,97.82,39.455408811569214,1.4301373713241752,142315.0,97.89,203264.0,
122,Random,0.3,94.9,97.89,39.46006369590759,1.4301373713241752,142315.0,97.89,203264.0,
411,Random,0.3,94.9,98.06,39.65747570991516,1.4301373713241752,142315.0,97.89,203264.0,
277,Random,0.3,94.9,97.83,39.81118130683899,1.4301373713241752,142315.0,97.89,203264.0,
132,Random,0.3,94.9,97.75,39.9887478351593,1.4301373713241752,142315.0,97.89,203264.0,
180,Random,0.3,94.9,98.02,39.973992109298706,1.4301373713241752,142315.0,97.89,203264.0,
198,Random,0.3,94.9,98.06,39.78049063682556,1.4301373713241752,142315.0,97.89,203264.0,
218,Random,0.3,94.9,98.04,39.694647789001465,1.4301373713241752,142315.0,97.89,203264.0,
248,Random,0.3,94.9,98.02,39.74420642852783,1.4301373713241752,142315.0,97.89,203264.0,
720,Random,0.3,94.9,98.03,39.60239338874817,1.4301373713241752,142315.0,97.89,203264.0,
881,Random,0.3,94.9,97.85,39.70317196846008,1.4301373713241752,142315.0,97.89,203264.0,
929,Random,0.3,94.9,97.85,39.797152519226074,1.4301373713241752,142315.0,97.89,203264.0,
752,Random,0.3,94.9,97.96,39.89975094795227,1.4301373713241752,142315.0,97.89,203264.0,
761,Random,0.3,94.9,97.76,40.09727191925049,1.4301373713241752,142315.0,97.89,203264.0,
831,Random,0.3,94.9,97.89,39.78383994102478,1.4301373713241752,142315.0,97.89,203264.0,
834,Random,0.3,94.9,97.84,39.724522829055786,1.4301373713241752,142315.0,97.89,203264.0,
858,Random,0.3,94.9,98.04,39.43571996688843,1.4301373713241752,142315.0,97.89,203264.0,
874,Random,0.3,94.9,98.08,39.42140460014343,1.4301373713241752,142315.0,97.89,203264.0,
581,Random,0.3,94.9,97.96,39.37735629081726,1.4301373713241752,142315.0,97.89,203264.0,
492,Random,0.3,94.85,98.14,39.804508686065674,1.4301373713241752,142315.0,97.89,203264.0,
256,Random,0.3,94.85,97.96,40.0053551197052,1.4301373713241752,142315.0,97.89,203264.0,
288,Random,0.3,94.85,98.02,39.99131417274475,1.4301373713241752,142315.0,97.89,203264.0,
304,Random,0.3,94.85,97.95,39.86111497879028,1.4301373713241752,142315.0,97.89,203264.0,
364,Random,0.3,94.85,97.87,39.66206192970276,1.4301373713241752,142315.0,97.89,203264.0,
154,Random,0.3,94.85,98.07,39.761154651641846,1.4301373713241752,142315.0,97.89,203264.0,
184,Random,0.3,94.85,98.14,39.36699652671814,1.4301373713241752,142315.0,97.89,203264.0,
193,Random,0.3,94.85,97.92,39.712584018707275,1.4301373713241752,142315.0,97.89,203264.0,
208,Random,0.3,94.85,98.06,39.79930853843689,1.4301373713241752,142315.0,97.89,203264.0,
743,Random,0.3,94.85,98.14,40.3046510219574,1.4301373713241752,142315.0,97.89,203264.0,
900,Random,0.3,94.85,97.97,39.95761966705322,1.4301373713241752,142315.0,97.89,203264.0,
811,Random,0.3,94.85,97.92,39.82652163505554,1.4301373713241752,142315.0,97.89,203264.0,
813,Random,0.3,94.85,97.99,39.724191665649414,1.4301373713241752,142315.0,97.89,203264.0,
827,Random,0.3,94.85,97.94,39.80437159538269,1.4301373713241752,142315.0,97.89,203264.0,
833,Random,0.3,94.85,98.12,39.28010392189026,1.4301373713241752,142315.0,97.89,203264.0,
844,Random,0.3,94.85,98.0,39.38837718963623,1.4301373713241752,142315.0,97.89,203264.0,
868,Random,0.3,94.85,98.21,39.56897020339966,1.4301373713241752,142315.0,97.89,203264.0,
612,Random,0.3,94.85,98.23,40.105931997299194,1.4301373713241752,142315.0,97.89,203264.0,
434,Random,0.3,94.8,98.12,40.215742349624634,1.4301373713241752,142315.0,97.89,203264.0,
437,Random,0.3,94.8,97.99,40.158331632614136,1.4301373713241752,142315.0,97.89,203264.0,
286,Random,0.3,94.8,97.89,39.79558968544006,1.4301373713241752,142315.0,97.89,203264.0,
287,Random,0.3,94.8,98.04,39.8943293094635,1.4301373713241752,142315.0,97.89,203264.0,
626,Random,0.3,94.8,98.02,39.67097210884094,1.4301373713241752,142315.0,97.89,203264.0,
697,Random,0.3,94.8,98.11,39.74062895774841,1.4301373713241752,142315.0,97.89,203264.0,
945,Random,0.3,94.8,97.93,39.76397752761841,1.4301373713241752,142315.0,97.89,203264.0,
956,Random,0.3,94.8,98.0,39.97673773765564,1.4301373713241752,142315.0,97.89,203264.0,
998,Random,0.3,94.8,97.84,40.01681661605835,1.4301373713241752,142315.0,97.89,203264.0,
810,Random,0.3,94.8,97.98,39.89209747314453,1.4301373713241752,142315.0,97.89,203264.0,
622,Random,0.3,94.8,97.96,39.695847272872925,1.4301373713241752,142315.0,97.89,203264.0,
398,Random,0.3,94.75,98.15,39.91955304145813,1.4301373713241752,142315.0,97.89,203264.0,
457,Random,0.3,94.75,97.89,39.84175086021423,1.4301373713241752,142315.0,97.89,203264.0,
486,Random,0.3,94.75,98.09,39.74641966819763,1.4301373713241752,142315.0,97.89,203264.0,
332,Random,0.3,94.75,97.91,39.82124590873718,1.4301373713241752,142315.0,97.89,203264.0,
172,Random,0.3,94.75,97.9,39.8460636138916,1.4301373713241752,142315.0,97.89,203264.0,
679,Random,0.3,94.75,98.17,40.18000793457031,1.4301373713241752,142315.0,97.89,203264.0,
705,Random,0.3,94.75,97.88,39.84753203392029,1.4301373713241752,142315.0,97.89,203264.0,
931,Random,0.3,94.75,98.03,39.716830253601074,1.4301373713241752,142315.0,97.89,203264.0,
942,Random,0.3,94.75,97.96,39.87487554550171,1.4301373713241752,142315.0,97.89,203264.0,
980,Random,0.3,94.75,98.15,39.73269081115723,1.4301373713241752,142315.0,97.89,203264.0,
758,Random,0.3,94.75,97.86,39.917627811431885,1.4301373713241752,142315.0,97.89,203264.0,
845,Random,0.3,94.75,98.07,39.491827964782715,1.4301373713241752,142315.0,97.89,203264.0,
541,Random,0.3,94.75,97.97,39.73783040046692,1.4301373713241752,142315.0,97.89,203264.0,
543,Random,0.3,94.75,97.99,40.251230239868164,1.4301373713241752,142315.0,97.89,203264.0,
15,Random,0.3,94.7,97.95,39.94015336036682,1.4301373713241752,142315.0,97.89,203264.0,
106,Random,0.3,94.7,98.02,39.754122495651245,1.4301373713241752,142315.0,97.89,203264.0,
107,Random,0.3,94.7,98.0,39.883930921554565,1.4301373713241752,142315.0,97.89,203264.0,
362,Random,0.3,94.7,97.8,39.858134746551514,1.4301373713241752,142315.0,97.89,203264.0,
190,Random,0.3,94.7,97.95,39.66433882713318,1.4301373713241752,142315.0,97.89,203264.0,
237,Random,0.3,94.7,98.16,39.73357439041138,1.4301373713241752,142315.0,97.89,203264.0,
750,Random,0.3,94.7,98.1,39.75699234008789,1.4301373713241752,142315.0,97.89,203264.0,
915,Random,0.3,94.7,98.06,40.05138039588928,1.4301373713241752,142315.0,97.89,203264.0,
925,Random,0.3,94.7,97.93,39.8729293346405,1.4301373713241752,142315.0,97.89,203264.0,
938,Random,0.3,94.7,98.11,39.709999322891235,1.4301373713241752,142315.0,97.89,203264.0,
966,Random,0.3,94.7,98.17,39.802698373794556,1.4301373713241752,142315.0,97.89,203264.0,
803,Random,0.3,94.7,97.99,39.93602919578552,1.4301373713241752,142315.0,97.89,203264.0,
840,Random,0.3,94.7,98.08,39.766929149627686,1.4301373713241752,142315.0,97.89,203264.0,
851,Random,0.3,94.7,98.0,39.77851152420044,1.4301373713241752,142315.0,97.89,203264.0,
595,Random,0.3,94.7,97.9,40.00024127960205,1.4301373713241752,142315.0,97.89,203264.0,
489,Random,0.3,94.65,97.91,40.061636447906494,1.4301373713241752,142315.0,97.89,203264.0,
668,Random,0.3,94.65,98.02,39.664828062057495,1.4301373713241752,142315.0,97.89,203264.0,
195,Random,0.3,94.65,97.93,39.9543616771698,1.4301373713241752,142315.0,97.89,203264.0,
939,Random,0.3,94.65,97.84,39.83090662956238,1.4301373713241752,142315.0,97.89,203264.0,
795,Random,0.3,94.65,98.13,39.91235160827637,1.4301373713241752,142315.0,97.89,203264.0,
860,Random,0.3,94.65,98.02,39.91884112358093,1.4301373713241752,142315.0,97.89,203264.0,
579,Random,0.3,94.65,97.87,39.97728085517883,1.4301373713241752,142315.0,97.89,203264.0,
57,Random,0.3,94.6,97.79,39.87477207183838,1.4301373713241752,142315.0,97.89,203264.0,
86,Random,0.3,94.6,97.82,39.99714708328247,1.4301373713241752,142315.0,97.89,203264.0,
424,Random,0.3,94.6,98.0,39.782440185546875,1.4301373713241752,142315.0,97.89,203264.0,
456,Random,0.3,94.6,98.07,39.996610164642334,1.4301373713241752,142315.0,97.89,203264.0,
458,Random,0.3,94.6,98.03,39.8926157951355,1.4301373713241752,142315.0,97.89,203264.0,
467,Random,0.3,94.6,97.85,39.810357332229614,1.4301373713241752,142315.0,97.89,203264.0,
499,Random,0.3,94.6,97.99,39.7861487865448,1.4301373713241752,142315.0,97.89,203264.0,
323,Random,0.3,94.6,98.11,39.720608711242676,1.4301373713241752,142315.0,97.89,203264.0,
128,Random,0.3,94.6,98.05,39.94475317001343,1.4301373713241752,142315.0,97.89,203264.0,
239,Random,0.3,94.6,98.06,40.0076584815979,1.4301373713241752,142315.0,97.89,203264.0,
645,Random,0.3,94.6,97.99,39.695536375045776,1.4301373713241752,142315.0,97.89,203264.0,
659,Random,0.3,94.6,98.02,39.70095872879028,1.4301373713241752,142315.0,97.89,203264.0,
702,Random,0.3,94.6,97.96,39.854138135910034,1.4301373713241752,142315.0,97.89,203264.0,
943,Random,0.3,94.6,97.96,39.867199420928955,1.4301373713241752,142315.0,97.89,203264.0,
955,Random,0.3,94.6,97.99,39.65021538734436,1.4301373713241752,142315.0,97.89,203264.0,
611,Random,0.3,94.6,97.96,39.777904987335205,1.4301373713241752,142315.0,97.89,203264.0,
615,Random,0.3,94.6,98.06,39.89857578277588,1.4301373713241752,142315.0,97.89,203264.0,
436,Random,0.3,94.55,97.84,40.033568143844604,1.4301373713241752,142315.0,97.89,203264.0,
314,Random,0.3,94.55,98.05,39.61706876754761,1.4301373713241752,142315.0,97.89,203264.0,
336,Random,0.3,94.55,98.09,39.69450354576111,1.4301373713241752,142315.0,97.89,203264.0,
185,Random,0.3,94.55,97.91,39.88271141052246,1.4301373713241752,142315.0,97.89,203264.0,
630,Random,0.3,94.55,97.85,39.82581090927124,1.4301373713241752,142315.0,97.89,203264.0,
651,Random,0.3,94.55,98.03,39.70414900779724,1.4301373713241752,142315.0,97.89,203264.0,
680,Random,0.3,94.55,98.13,39.79046940803528,1.4301373713241752,142315.0,97.89,203264.0,
721,Random,0.3,94.55,97.99,39.926456451416016,1.4301373713241752,142315.0,97.89,203264.0,
746,Random,0.3,94.55,98.0,39.95353412628174,1.4301373713241752,142315.0,97.89,203264.0,
963,Random,0.3,94.55,98.06,39.74193453788757,1.4301373713241752,142315.0,97.89,203264.0,
973,Random,0.3,94.55,97.89,39.62846803665161,1.4301373713241752,142315.0,97.89,203264.0,
991,Random,0.3,94.55,97.93,39.79526948928833,1.4301373713241752,142315.0,97.89,203264.0,
861,Random,0.3,94.55,97.91,39.82850766181946,1.4301373713241752,142315.0,97.89,203264.0,
527,Random,0.3,94.55,98.07,39.69095849990845,1.4301373713241752,142315.0,97.89,203264.0,
544,Random,0.3,94.55,97.81,39.751073360443115,1.4301373713241752,142315.0,97.89,203264.0,
100,Random,0.3,94.5,98.12,40.05582594871521,1.4301373713241752,142315.0,97.89,203264.0,
453,Random,0.3,94.5,97.95,40.00836515426636,1.4301373713241752,142315.0,97.89,203264.0,
482,Random,0.3,94.5,97.89,39.661880016326904,1.4301373713241752,142315.0,97.89,203264.0,
349,Random,0.3,94.5,97.92,39.669435024261475,1.4301373713241752,142315.0,97.89,203264.0,
186,Random,0.3,94.5,97.95,39.803375005722046,1.4301373713241752,142315.0,97.89,203264.0,
229,Random,0.3,94.5,98.12,39.8867301940918,1.4301373713241752,142315.0,97.89,203264.0,
733,Random,0.3,94.5,97.98,39.703774213790894,1.4301373713241752,142315.0,97.89,203264.0,
774,Random,0.3,94.5,98.06,39.67217183113098,1.4301373713241752,142315.0,97.89,203264.0,
819,Random,0.3,94.5,98.0,39.62985420227051,1.4301373713241752,142315.0,97.89,203264.0,
823,Random,0.3,94.5,98.07,39.93540120124817,1.4301373713241752,142315.0,97.89,203264.0,
838,Random,0.3,94.5,97.98,39.68475389480591,1.4301373713241752,142315.0,97.89,203264.0,
511,Random,0.3,94.5,97.9,39.78336715698242,1.4301373713241752,142315.0,97.89,203264.0,
621,Random,0.3,94.5,98.1,39.8589403629303,1.4301373713241752,142315.0,97.89,203264.0,
11,Random,0.3,94.45,98.09,39.75857591629028,1.4301373713241752,142315.0,97.89,203264.0,
624,Random,0.3,94.5,97.89,39.87447929382324,1.4301373713241752,142315.0,97.89,203264.0,
52,Random,0.3,94.45,98.16,39.71319651603699,1.4301373713241752,142315.0,97.89,203264.0,
63,Random,0.3,94.45,98.17,39.84192705154419,1.4301373713241752,142315.0,97.89,203264.0,
105,Random,0.3,94.45,98.07,39.91907477378845,1.4301373713241752,142315.0,97.89,203264.0,
454,Random,0.3,94.45,98.02,39.68246531486511,1.4301373713241752,142315.0,97.89,203264.0,
306,Random,0.3,94.45,97.98,39.77795648574829,1.4301373713241752,142315.0,97.89,203264.0,
361,Random,0.3,94.45,98.03,39.885042905807495,1.4301373713241752,142315.0,97.89,203264.0,
183,Random,0.3,94.45,97.96,39.74678325653076,1.4301373713241752,142315.0,97.89,203264.0,
628,Random,0.3,94.45,98.08,39.85412859916687,1.4301373713241752,142315.0,97.89,203264.0,
675,Random,0.3,94.45,98.05,39.764307498931885,1.4301373713241752,142315.0,97.89,203264.0,
710,Random,0.3,94.45,97.95,39.839555501937866,1.4301373713241752,142315.0,97.89,203264.0,
715,Random,0.3,94.45,97.83,40.13014030456543,1.4301373713241752,142315.0,97.89,203264.0,
719,Random,0.3,94.45,98.07,39.669721841812134,1.4301373713241752,142315.0,97.89,203264.0,
899,Random,0.3,94.45,98.11,39.779361963272095,1.4301373713241752,142315.0,97.89,203264.0,
933,Random,0.3,94.45,98.05,39.97988414764404,1.4301373713241752,142315.0,97.89,203264.0,
857,Random,0.3,94.45,98.02,39.75470185279846,1.4301373713241752,142315.0,97.89,203264.0,
535,Random,0.3,94.45,98.1,39.85502219200134,1.4301373713241752,142315.0,97.89,203264.0,
538,Random,0.3,94.45,98.19,39.780603647232056,1.4301373713241752,142315.0,97.89,203264.0,
557,Random,0.3,94.45,98.13,39.86959385871887,1.4301373713241752,142315.0,97.89,203264.0,
559,Random,0.3,94.45,98.07,39.66242599487305,1.4301373713241752,142315.0,97.89,203264.0,
609,Random,0.3,94.45,98.08,39.69389295578003,1.4301373713241752,142315.0,97.89,203264.0,
4,Random,0.3,94.4,98.08,39.78545141220093,1.4301373713241752,142315.0,97.89,203264.0,
435,Random,0.3,94.4,98.04,39.886265993118286,1.4301373713241752,142315.0,97.89,203264.0,
253,Random,0.3,94.4,98.09,39.79611420631409,1.4301373713241752,142315.0,97.89,203264.0,
170,Random,0.3,94.4,97.95,39.82864761352539,1.4301373713241752,142315.0,97.89,203264.0,
174,Random,0.3,94.4,98.0,39.749934911727905,1.4301373713241752,142315.0,97.89,203264.0,
200,Random,0.3,94.4,97.88,40.006072998046875,1.4301373713241752,142315.0,97.89,203264.0,
205,Random,0.3,94.4,98.06,39.67632818222046,1.4301373713241752,142315.0,97.89,203264.0,
228,Random,0.3,94.4,98.2,39.731316566467285,1.4301373713241752,142315.0,97.89,203264.0,
889,Random,0.3,94.4,98.14,39.71812415122986,1.4301373713241752,142315.0,97.89,203264.0,
934,Random,0.3,94.4,98.0,39.95990705490112,1.4301373713241752,142315.0,97.89,203264.0,
947,Random,0.3,94.4,97.99,39.80654191970825,1.4301373713241752,142315.0,97.89,203264.0,
755,Random,0.3,94.4,97.93,39.88974738121033,1.4301373713241752,142315.0,97.89,203264.0,
776,Random,0.3,94.4,98.02,39.76714468002319,1.4301373713241752,142315.0,97.89,203264.0,
816,Random,0.3,94.4,98.09,40.0776150226593,1.4301373713241752,142315.0,97.89,203264.0,
503,Random,0.3,94.4,98.05,40.0212504863739,1.4301373713241752,142315.0,97.89,203264.0,
567,Random,0.3,94.4,98.05,39.67035269737244,1.4301373713241752,142315.0,97.89,203264.0,
582,Random,0.3,94.4,97.98,39.72860050201416,1.4301373713241752,142315.0,97.89,203264.0,
392,Random,0.3,94.35,97.89,39.83601450920105,1.4301373713241752,142315.0,97.89,203264.0,
421,Random,0.3,94.35,97.93,39.767863273620605,1.4301373713241752,142315.0,97.89,203264.0,
431,Random,0.3,94.35,98.16,39.94997048377991,1.4301373713241752,142315.0,97.89,203264.0,
440,Random,0.3,94.35,97.76,39.80732989311218,1.4301373713241752,142315.0,97.89,203264.0,
495,Random,0.3,94.35,98.13,39.932342767715454,1.4301373713241752,142315.0,97.89,203264.0,
324,Random,0.3,94.35,97.95,39.93498158454895,1.4301373713241752,142315.0,97.89,203264.0,
162,Random,0.3,94.35,98.06,39.69570851325989,1.4301373713241752,142315.0,97.89,203264.0,
240,Random,0.3,94.35,97.78,39.726969957351685,1.4301373713241752,142315.0,97.89,203264.0,
661,Random,0.3,94.35,98.12,39.80993103981018,1.4301373713241752,142315.0,97.89,203264.0,
902,Random,0.3,94.35,98.1,39.76279926300049,1.4301373713241752,142315.0,97.89,203264.0,
960,Random,0.3,94.35,97.94,39.86706757545471,1.4301373713241752,142315.0,97.89,203264.0,
965,Random,0.3,94.35,98.01,39.83517289161682,1.4301373713241752,142315.0,97.89,203264.0,
976,Random,0.3,94.35,97.73,39.81689763069153,1.4301373713241752,142315.0,97.89,203264.0,
620,Random,0.3,94.35,97.96,40.203447103500366,1.4301373713241752,142315.0,97.89,203264.0,
2,Random,0.3,94.3,97.99,39.58774995803833,1.4301373713241752,142315.0,97.89,203264.0,
53,Random,0.3,94.3,98.04,39.69764184951782,1.4301373713241752,142315.0,97.89,203264.0,
68,Random,0.3,94.3,97.86,39.862581968307495,1.4301373713241752,142315.0,97.89,203264.0,
90,Random,0.3,94.3,97.82,39.630178451538086,1.4301373713241752,142315.0,97.89,203264.0,
462,Random,0.3,94.3,98.02,39.872730016708374,1.4301373713241752,142315.0,97.89,203264.0,
300,Random,0.3,94.3,97.68,39.74233436584473,1.4301373713241752,142315.0,97.89,203264.0,
327,Random,0.3,94.3,97.75,40.10790133476257,1.4301373713241752,142315.0,97.89,203264.0,
354,Random,0.3,94.3,98.02,40.12608742713928,1.4301373713241752,142315.0,97.89,203264.0,
192,Random,0.3,94.3,97.93,39.62108850479126,1.4301373713241752,142315.0,97.89,203264.0,
199,Random,0.3,94.3,97.95,39.67776393890381,1.4301373713241752,142315.0,97.89,203264.0,
779,Random,0.3,94.3,98.17,39.88672995567322,1.4301373713241752,142315.0,97.89,203264.0,
812,Random,0.3,94.3,98.05,39.707603216171265,1.4301373713241752,142315.0,97.89,203264.0,
848,Random,0.3,94.3,98.04,39.85564208030701,1.4301373713241752,142315.0,97.89,203264.0,
110,Random,0.3,94.25,98.22,39.91519784927368,1.4301373713241752,142315.0,97.89,203264.0,
119,Random,0.3,94.25,98.05,39.78099966049194,1.4301373713241752,142315.0,97.89,203264.0,
418,Random,0.3,94.25,98.01,40.16498136520386,1.4301373713241752,142315.0,97.89,203264.0,
498,Random,0.3,94.25,97.9,39.63099431991577,1.4301373713241752,142315.0,97.89,203264.0,
265,Random,0.3,94.25,97.96,39.710233211517334,1.4301373713241752,142315.0,97.89,203264.0,
294,Random,0.3,94.25,98.06,39.65219807624817,1.4301373713241752,142315.0,97.89,203264.0,
274,Random,0.3,94.25,98.05,39.84972953796387,1.4301373713241752,142315.0,97.89,203264.0,
302,Random,0.3,94.25,98.14,39.91798710823059,1.4301373713241752,142315.0,97.89,203264.0,
147,Random,0.3,94.25,98.05,39.878490924835205,1.4301373713241752,142315.0,97.89,203264.0,
219,Random,0.3,94.25,97.94,39.75230956077576,1.4301373713241752,142315.0,97.89,203264.0,
964,Random,0.3,94.25,98.07,40.08045244216919,1.4301373713241752,142315.0,97.89,203264.0,
982,Random,0.3,94.25,98.02,39.60148572921753,1.4301373713241752,142315.0,97.89,203264.0,
780,Random,0.3,94.25,97.88,39.633934020996094,1.4301373713241752,142315.0,97.89,203264.0,
815,Random,0.3,94.25,98.17,39.65620803833008,1.4301373713241752,142315.0,97.89,203264.0,
849,Random,0.3,94.25,98.07,39.71115255355835,1.4301373713241752,142315.0,97.89,203264.0,
577,Random,0.3,94.25,98.05,39.79091286659241,1.4301373713241752,142315.0,97.89,203264.0,
410,Random,0.3,94.2,98.11,39.804399728775024,1.4301373713241752,142315.0,97.89,203264.0,
439,Random,0.3,94.2,97.81,39.78440046310425,1.4301373713241752,142315.0,97.89,203264.0,
298,Random,0.3,94.2,98.15,40.02585792541504,1.4301373713241752,142315.0,97.89,203264.0,
299,Random,0.3,94.2,98.12,39.759814739227295,1.4301373713241752,142315.0,97.89,203264.0,
356,Random,0.3,94.2,97.91,39.65978980064392,1.4301373713241752,142315.0,97.89,203264.0,
145,Random,0.3,94.2,97.83,39.80647540092468,1.4301373713241752,142315.0,97.89,203264.0,
213,Random,0.3,94.2,98.01,39.76330542564392,1.4301373713241752,142315.0,97.89,203264.0,
655,Random,0.3,94.2,97.94,39.77596974372864,1.4301373713241752,142315.0,97.89,203264.0,
904,Random,0.3,94.2,97.96,39.88052225112915,1.4301373713241752,142315.0,97.89,203264.0,
924,Random,0.3,94.2,98.06,39.66146397590637,1.4301373713241752,142315.0,97.89,203264.0,
506,Random,0.3,94.2,97.8,39.73912000656128,1.4301373713241752,142315.0,97.89,203264.0,
512,Random,0.3,94.2,97.73,39.7012619972229,1.4301373713241752,142315.0,97.89,203264.0,
576,Random,0.3,94.2,98.04,39.70750093460083,1.4301373713241752,142315.0,97.89,203264.0,
91,Random,0.3,94.15,97.77,39.61376214027405,1.4301373713241752,142315.0,97.89,203264.0,
293,Random,0.3,94.15,98.02,39.73406767845154,1.4301373713241752,142315.0,97.89,203264.0,
201,Random,0.3,94.15,97.87,39.85879158973694,1.4301373713241752,142315.0,97.89,203264.0,
214,Random,0.3,94.15,97.97,39.853479623794556,1.4301373713241752,142315.0,97.89,203264.0,
639,Random,0.3,94.15,97.87,39.777944803237915,1.4301373713241752,142315.0,97.89,203264.0,
685,Random,0.3,94.15,98.03,40.401092767715454,1.4301373713241752,142315.0,97.89,203264.0,
918,Random,0.3,94.15,97.83,39.6731698513031,1.4301373713241752,142315.0,97.89,203264.0,
928,Random,0.3,94.15,98.14,39.71813464164734,1.4301373713241752,142315.0,97.89,203264.0,
970,Random,0.3,94.15,98.06,39.58479022979736,1.4301373713241752,142315.0,97.89,203264.0,
773,Random,0.3,94.15,98.01,39.763819456100464,1.4301373713241752,142315.0,97.89,203264.0,
509,Random,0.3,94.15,97.89,39.84718608856201,1.4301373713241752,142315.0,97.89,203264.0,
18,Random,0.3,94.1,97.97,39.80381512641907,1.4301373713241752,142315.0,97.89,203264.0,
432,Random,0.3,94.1,97.9,39.88455080986023,1.4301373713241752,142315.0,97.89,203264.0,
312,Random,0.3,94.1,97.99,40.21761465072632,1.4301373713241752,142315.0,97.89,203264.0,
322,Random,0.3,94.1,97.76,39.695192098617554,1.4301373713241752,142315.0,97.89,203264.0,
357,Random,0.3,94.1,98.1,39.73304200172424,1.4301373713241752,142315.0,97.89,203264.0,
225,Random,0.3,94.1,98.18,39.58631896972656,1.4301373713241752,142315.0,97.89,203264.0,
230,Random,0.3,94.1,98.07,39.85861945152283,1.4301373713241752,142315.0,97.89,203264.0,
650,Random,0.3,94.1,98.04,39.77312994003296,1.4301373713241752,142315.0,97.89,203264.0,
653,Random,0.3,94.1,97.9,39.79171705245972,1.4301373713241752,142315.0,97.89,203264.0,
701,Random,0.3,94.1,98.01,39.804340839385986,1.4301373713241752,142315.0,97.89,203264.0,
937,Random,0.3,94.1,98.08,40.10114002227783,1.4301373713241752,142315.0,97.89,203264.0,
545,Random,0.3,94.1,98.04,39.6641800403595,1.4301373713241752,142315.0,97.89,203264.0,
572,Random,0.3,94.1,97.9,39.703831911087036,1.4301373713241752,142315.0,97.89,203264.0,
55,Random,0.3,94.05,98.01,39.591991662979126,1.4301373713241752,142315.0,97.89,203264.0,
78,Random,0.3,94.05,98.03,39.83733153343201,1.4301373713241752,142315.0,97.89,203264.0,
113,Random,0.3,94.05,97.86,39.76944828033447,1.4301373713241752,142315.0,97.89,203264.0,
318,Random,0.3,94.05,97.95,39.74560308456421,1.4301373713241752,142315.0,97.89,203264.0,
325,Random,0.3,94.05,98.06,40.07970976829529,1.4301373713241752,142315.0,97.89,203264.0,
366,Random,0.3,94.05,97.8,40.14033555984497,1.4301373713241752,142315.0,97.89,203264.0,
375,Random,0.3,94.05,98.0,39.63375949859619,1.4301373713241752,142315.0,97.89,203264.0,
169,Random,0.3,94.05,98.04,39.67911696434021,1.4301373713241752,142315.0,97.89,203264.0,
666,Random,0.3,94.05,98.01,39.66348576545715,1.4301373713241752,142315.0,97.89,203264.0,
876,Random,0.3,94.05,97.73,39.88223576545715,1.4301373713241752,142315.0,97.89,203264.0,
799,Random,0.3,94.05,98.19,39.7798056602478,1.4301373713241752,142315.0,97.89,203264.0,
585,Random,0.3,94.05,97.82,39.92723608016968,1.4301373713241752,142315.0,97.89,203264.0,
17,Random,0.3,94.0,98.11,39.998316287994385,1.4301373713241752,142315.0,97.89,203264.0,
76,Random,0.3,94.0,98.07,40.222559690475464,1.4301373713241752,142315.0,97.89,203264.0,
83,Random,0.3,94.0,97.76,39.709893226623535,1.4301373713241752,142315.0,97.89,203264.0,
409,Random,0.3,94.0,97.92,39.73632597923279,1.4301373713241752,142315.0,97.89,203264.0,
423,Random,0.3,94.0,98.12,39.650810956954956,1.4301373713241752,142315.0,97.89,203264.0,
215,Random,0.3,94.0,97.85,39.85460090637207,1.4301373713241752,142315.0,97.89,203264.0,
649,Random,0.3,94.0,98.17,40.030391693115234,1.4301373713241752,142315.0,97.89,203264.0,
688,Random,0.3,94.0,97.99,39.83988928794861,1.4301373713241752,142315.0,97.89,203264.0,
693,Random,0.3,94.0,97.95,39.78543758392334,1.4301373713241752,142315.0,97.89,203264.0,
972,Random,0.3,94.0,97.97,40.291014194488525,1.4301373713241752,142315.0,97.89,203264.0,
867,Random,0.3,94.0,97.97,39.60281825065613,1.4301373713241752,142315.0,97.89,203264.0,
553,Random,0.3,94.0,98.19,39.69622278213501,1.4301373713241752,142315.0,97.89,203264.0,
613,Random,0.3,94.0,97.95,39.68257021903992,1.4301373713241752,142315.0,97.89,203264.0,
64,Random,0.3,93.95,97.78,39.87084603309631,1.4301373713241752,142315.0,97.89,203264.0,
88,Random,0.3,93.95,97.99,40.01891589164734,1.4301373713241752,142315.0,97.89,203264.0,
425,Random,0.3,93.95,98.05,39.83756923675537,1.4301373713241752,142315.0,97.89,203264.0,
460,Random,0.3,93.95,98.03,40.28579115867615,1.4301373713241752,142315.0,97.89,203264.0,
654,Random,0.3,93.95,97.89,40.11193490028381,1.4301373713241752,142315.0,97.89,203264.0,
801,Random,0.3,93.95,98.07,39.63989806175232,1.4301373713241752,142315.0,97.89,203264.0,
542,Random,0.3,93.95,97.93,39.6276273727417,1.4301373713241752,142315.0,97.89,203264.0,
550,Random,0.3,93.95,98.02,39.852181911468506,1.4301373713241752,142315.0,97.89,203264.0,
614,Random,0.3,93.95,97.92,39.716859579086304,1.4301373713241752,142315.0,97.89,203264.0,
396,Random,0.3,93.9,98.03,39.77973008155823,1.4301373713241752,142315.0,97.89,203264.0,
464,Random,0.3,93.9,97.94,39.8131422996521,1.4301373713241752,142315.0,97.89,203264.0,
139,Random,0.3,93.9,97.95,39.795422077178955,1.4301373713241752,142315.0,97.89,203264.0,
245,Random,0.3,93.9,97.81,39.96996092796326,1.4301373713241752,142315.0,97.89,203264.0,
636,Random,0.3,93.9,98.0,39.770390033721924,1.4301373713241752,142315.0,97.89,203264.0,
887,Random,0.3,93.9,97.9,39.65900492668152,1.4301373713241752,142315.0,97.89,203264.0,
893,Random,0.3,93.9,97.88,39.81479740142822,1.4301373713241752,142315.0,97.89,203264.0,
994,Random,0.3,93.9,98.11,39.90827202796936,1.4301373713241752,142315.0,97.89,203264.0,
863,Random,0.3,93.9,97.92,39.69472789764404,1.4301373713241752,142315.0,97.89,203264.0,
534,Random,0.3,93.9,97.94,39.859532594680786,1.4301373713241752,142315.0,97.89,203264.0,
602,Random,0.3,93.9,98.05,39.86184501647949,1.4301373713241752,142315.0,97.89,203264.0,
34,Random,0.3,93.85,98.11,40.191126108169556,1.4301373713241752,142315.0,97.89,203264.0,
42,Random,0.3,93.85,98.28,39.751431465148926,1.4301373713241752,142315.0,97.89,203264.0,
89,Random,0.3,93.85,98.01,39.73269438743591,1.4301373713241752,142315.0,97.89,203264.0,
672,Random,0.3,93.85,97.9,39.760581493377686,1.4301373713241752,142315.0,97.89,203264.0,
696,Random,0.3,93.85,97.67,39.890581369400024,1.4301373713241752,142315.0,97.89,203264.0,
895,Random,0.3,93.85,97.97,39.784088134765625,1.4301373713241752,142315.0,97.89,203264.0,
808,Random,0.3,93.85,97.71,39.86591911315918,1.4301373713241752,142315.0,97.89,203264.0,
822,Random,0.3,93.85,97.73,39.7988498210907,1.4301373713241752,142315.0,97.89,203264.0,
866,Random,0.3,93.85,97.91,39.9944212436676,1.4301373713241752,142315.0,97.89,203264.0,
525,Random,0.3,93.85,98.19,39.78090739250183,1.4301373713241752,142315.0,97.89,203264.0,
565,Random,0.3,93.85,97.92,39.70792055130005,1.4301373713241752,142315.0,97.89,203264.0,
36,Random,0.3,93.8,97.71,39.68765664100647,1.4301373713241752,142315.0,97.89,203264.0,
71,Random,0.3,93.8,97.61,39.769481897354126,1.4301373713241752,142315.0,97.89,203264.0,
399,Random,0.3,93.8,98.1,39.7468364238739,1.4301373713241752,142315.0,97.89,203264.0,
445,Random,0.3,93.8,97.9,39.78617238998413,1.4301373713241752,142315.0,97.89,203264.0,
297,Random,0.3,93.8,97.87,40.06577658653259,1.4301373713241752,142315.0,97.89,203264.0,
372,Random,0.3,93.8,98.01,40.0216178894043,1.4301373713241752,142315.0,97.89,203264.0,
189,Random,0.3,93.8,98.13,39.71972036361694,1.4301373713241752,142315.0,97.89,203264.0,
643,Random,0.3,93.8,97.99,39.718228340148926,1.4301373713241752,142315.0,97.89,203264.0,
658,Random,0.3,93.8,98.08,39.68492245674133,1.4301373713241752,142315.0,97.89,203264.0,
712,Random,0.3,93.8,97.88,39.905041456222534,1.4301373713241752,142315.0,97.89,203264.0,
748,Random,0.3,93.8,97.83,39.853941917419434,1.4301373713241752,142315.0,97.89,203264.0,
757,Random,0.3,93.8,97.84,39.73133063316345,1.4301373713241752,142315.0,97.89,203264.0,
797,Random,0.3,93.8,97.81,40.854471921920776,1.4301373713241752,142315.0,97.89,203264.0,
518,Random,0.3,93.8,97.91,40.010414838790894,1.4301373713241752,142315.0,97.89,203264.0,
591,Random,0.3,93.8,98.23,39.73981499671936,1.4301373713241752,142315.0,97.89,203264.0,
600,Random,0.3,93.8,98.01,39.82600998878479,1.4301373713241752,142315.0,97.89,203264.0,
623,Random,0.3,93.8,97.67,39.69995379447937,1.4301373713241752,142315.0,97.89,203264.0,
311,Random,0.3,93.75,98.0,39.96392297744751,1.4301373713241752,142315.0,97.89,203264.0,
138,Random,0.3,93.75,97.93,39.89421200752258,1.4301373713241752,142315.0,97.89,203264.0,
181,Random,0.3,93.75,98.1,39.89024877548218,1.4301373713241752,142315.0,97.89,203264.0,
954,Random,0.3,93.75,98.0,40.440447092056274,1.4301373713241752,142315.0,97.89,203264.0,
768,Random,0.3,93.75,98.02,40.16336750984192,1.4301373713241752,142315.0,97.89,203264.0,
784,Random,0.3,93.75,97.98,39.45340847969055,1.4301373713241752,142315.0,97.89,203264.0,
830,Random,0.3,93.75,97.98,39.425657987594604,1.4301373713241752,142315.0,97.89,203264.0,
524,Random,0.3,93.75,97.93,39.623425245285034,1.4301373713241752,142315.0,97.89,203264.0,
568,Random,0.3,93.75,97.91,39.862651109695435,1.4301373713241752,142315.0,97.89,203264.0,
156,Random,0.3,93.7,97.93,39.81088852882385,1.4301373713241752,142315.0,97.89,203264.0,
161,Random,0.3,93.7,97.99,39.75087285041809,1.4301373713241752,142315.0,97.89,203264.0,
163,Random,0.3,93.7,98.12,40.302536725997925,1.4301373713241752,142315.0,97.89,203264.0,
940,Random,0.3,93.7,97.8,40.170796394348145,1.4301373713241752,142315.0,97.89,203264.0,
590,Random,0.3,93.7,98.12,39.59751892089844,1.4301373713241752,142315.0,97.89,203264.0,
59,Random,0.3,93.65,98.03,39.50591564178467,1.4301373713241752,142315.0,97.89,203264.0,
108,Random,0.3,93.65,97.99,39.527244567871094,1.4301373713241752,142315.0,97.89,203264.0,
416,Random,0.3,93.65,97.86,39.90215706825256,1.4301373713241752,142315.0,97.89,203264.0,
470,Random,0.3,93.65,98.2,39.77816677093506,1.4301373713241752,142315.0,97.89,203264.0,
251,Random,0.3,93.65,98.06,39.77944040298462,1.4301373713241752,142315.0,97.89,203264.0,
164,Random,0.3,93.65,97.94,40.049259662628174,1.4301373713241752,142315.0,97.89,203264.0,
223,Random,0.3,93.65,97.91,40.12247848510742,1.4301373713241752,142315.0,97.89,203264.0,
884,Random,0.3,93.65,98.15,39.687106132507324,1.4301373713241752,142315.0,97.89,203264.0,
913,Random,0.3,93.65,97.97,39.688886642456055,1.4301373713241752,142315.0,97.89,203264.0,
949,Random,0.3,93.65,98.08,39.60948848724365,1.4301373713241752,142315.0,97.89,203264.0,
786,Random,0.3,93.65,98.07,39.919657945632935,1.4301373713241752,142315.0,97.89,203264.0,
569,Random,0.3,93.65,98.14,39.871352672576904,1.4301373713241752,142315.0,97.89,203264.0,
39,Random,0.3,93.6,98.09,39.88190174102783,1.4301373713241752,142315.0,97.89,203264.0,
422,Random,0.3,93.6,97.92,40.03576946258545,1.4301373713241752,142315.0,97.89,203264.0,
443,Random,0.3,93.6,98.12,40.21380829811096,1.4301373713241752,142315.0,97.89,203264.0,
289,Random,0.3,93.6,97.93,39.756226778030396,1.4301373713241752,142315.0,97.89,203264.0,
346,Random,0.3,93.6,97.91,39.758816957473755,1.4301373713241752,142315.0,97.89,203264.0,
348,Random,0.3,93.6,97.81,39.58646583557129,1.4301373713241752,142315.0,97.89,203264.0,
135,Random,0.3,93.6,98.13,39.905258655548096,1.4301373713241752,142315.0,97.89,203264.0,
153,Random,0.3,93.6,98.06,39.86904692649841,1.4301373713241752,142315.0,97.89,203264.0,
637,Random,0.3,93.6,98.02,39.84525012969971,1.4301373713241752,142315.0,97.89,203264.0,
713,Random,0.3,93.6,98.06,40.4686176776886,1.4301373713241752,142315.0,97.89,203264.0,
749,Random,0.3,93.6,98.01,40.095022678375244,1.4301373713241752,142315.0,97.89,203264.0,
880,Random,0.3,93.6,97.88,39.628047704696655,1.4301373713241752,142315.0,97.89,203264.0,
891,Random,0.3,93.6,97.81,39.89933776855469,1.4301373713241752,142315.0,97.89,203264.0,
916,Random,0.3,93.6,98.14,39.53383469581604,1.4301373713241752,142315.0,97.89,203264.0,
957,Random,0.3,93.6,98.21,39.88799047470093,1.4301373713241752,142315.0,97.89,203264.0,
978,Random,0.3,93.6,97.98,39.85953950881958,1.4301373713241752,142315.0,97.89,203264.0,
853,Random,0.3,93.6,97.78,39.8396155834198,1.4301373713241752,142315.0,97.89,203264.0,
502,Random,0.3,93.6,98.02,40.03494834899902,1.4301373713241752,142315.0,97.89,203264.0,
547,Random,0.3,93.6,98.06,41.13993859291077,1.4301373713241752,142315.0,97.89,203264.0,
315,Random,0.3,93.55,98.0,39.66669702529907,1.4301373713241752,142315.0,97.89,203264.0,
334,Random,0.3,93.55,98.15,39.460867166519165,1.4301373713241752,142315.0,97.89,203264.0,
206,Random,0.3,93.55,98.06,39.595958948135376,1.4301373713241752,142315.0,97.89,203264.0,
706,Random,0.3,93.55,97.94,40.006006956100464,1.4301373713241752,142315.0,97.89,203264.0,
775,Random,0.3,93.55,98.18,39.91145992279053,1.4301373713241752,142315.0,97.89,203264.0,
526,Random,0.3,93.55,98.01,39.82621788978577,1.4301373713241752,142315.0,97.89,203264.0,
619,Random,0.3,93.55,98.01,39.85021471977234,1.4301373713241752,142315.0,97.89,203264.0,
41,Random,0.3,93.5,97.91,40.99554991722107,1.4301373713241752,142315.0,97.89,203264.0,
387,Random,0.3,93.5,97.56,39.84621024131775,1.4301373713241752,142315.0,97.89,203264.0,
429,Random,0.3,93.5,98.0,39.83107304573059,1.4301373713241752,142315.0,97.89,203264.0,
266,Random,0.3,93.5,98.06,39.55637788772583,1.4301373713241752,142315.0,97.89,203264.0,
329,Random,0.3,93.5,97.82,39.91421699523926,1.4301373713241752,142315.0,97.89,203264.0,
979,Random,0.3,93.5,97.93,39.91241478919983,1.4301373713241752,142315.0,97.89,203264.0,
759,Random,0.3,93.5,98.19,39.7757523059845,1.4301373713241752,142315.0,97.89,203264.0,
764,Random,0.3,93.5,97.95,39.94752526283264,1.4301373713241752,142315.0,97.89,203264.0,
839,Random,0.3,93.5,97.87,40.254894733428955,1.4301373713241752,142315.0,97.89,203264.0,
505,Random,0.3,93.5,97.84,39.281078577041626,1.4301373713241752,142315.0,97.89,203264.0,
522,Random,0.3,93.5,97.85,39.37374663352966,1.4301373713241752,142315.0,97.89,203264.0,
546,Random,0.3,93.5,97.97,39.56730532646179,1.4301373713241752,142315.0,97.89,203264.0,
296,Random,0.3,93.45,98.11,39.89125108718872,1.4301373713241752,142315.0,97.89,203264.0,
320,Random,0.3,93.45,98.07,39.88859534263611,1.4301373713241752,142315.0,97.89,203264.0,
345,Random,0.3,93.45,98.05,39.86796712875366,1.4301373713241752,142315.0,97.89,203264.0,
371,Random,0.3,93.45,97.92,40.74441361427307,1.4301373713241752,142315.0,97.89,203264.0,
641,Random,0.3,93.45,98.08,40.255287885665894,1.4301373713241752,142315.0,97.89,203264.0,
935,Random,0.3,93.45,98.0,39.70524525642395,1.4301373713241752,142315.0,97.89,203264.0,
753,Random,0.3,93.45,98.06,39.862990617752075,1.4301373713241752,142315.0,97.89,203264.0,
873,Random,0.3,93.45,97.96,39.679123401641846,1.4301373713241752,142315.0,97.89,203264.0,
610,Random,0.3,93.45,97.82,39.88700747489929,1.4301373713241752,142315.0,97.89,203264.0,
114,Random,0.3,93.4,98.11,39.85121536254883,1.4301373713241752,142315.0,97.89,203264.0,
124,Random,0.3,93.4,97.98,39.807024002075195,1.4301373713241752,142315.0,97.89,203264.0,
397,Random,0.3,93.4,97.85,40.24081635475159,1.4301373713241752,142315.0,97.89,203264.0,
474,Random,0.3,93.4,98.07,40.313464403152466,1.4301373713241752,142315.0,97.89,203264.0,
476,Random,0.3,93.4,97.87,39.55424118041992,1.4301373713241752,142315.0,97.89,203264.0,
328,Random,0.3,93.4,98.01,39.66769814491272,1.4301373713241752,142315.0,97.89,203264.0,
146,Random,0.3,93.4,97.97,39.72185945510864,1.4301373713241752,142315.0,97.89,203264.0,
778,Random,0.3,93.4,97.85,39.82145619392395,1.4301373713241752,142315.0,97.89,203264.0,
564,Random,0.3,93.4,98.11,39.86612677574158,1.4301373713241752,142315.0,97.89,203264.0,
381,Random,0.3,93.35,97.79,39.75544857978821,1.4301373713241752,142315.0,97.89,203264.0,
384,Random,0.3,93.35,97.94,40.141642808914185,1.4301373713241752,142315.0,97.89,203264.0,
428,Random,0.3,93.35,98.04,40.28289747238159,1.4301373713241752,142315.0,97.89,203264.0,
491,Random,0.3,93.35,97.91,39.5849392414093,1.4301373713241752,142315.0,97.89,203264.0,
151,Random,0.3,93.35,98.0,39.64247798919678,1.4301373713241752,142315.0,97.89,203264.0,
652,Random,0.3,93.35,97.86,39.56043291091919,1.4301373713241752,142315.0,97.89,203264.0,
714,Random,0.3,93.35,97.99,39.897042989730835,1.4301373713241752,142315.0,97.89,203264.0,
906,Random,0.3,93.35,98.12,39.780654430389404,1.4301373713241752,142315.0,97.89,203264.0,
932,Random,0.3,93.35,98.0,39.79130744934082,1.4301373713241752,142315.0,97.89,203264.0,
997,Random,0.3,93.35,98.07,40.212116956710815,1.4301373713241752,142315.0,97.89,203264.0,
548,Random,0.3,93.35,97.93,40.59106135368347,1.4301373713241752,142315.0,97.89,203264.0,
608,Random,0.3,93.35,98.06,39.69003438949585,1.4301373713241752,142315.0,97.89,203264.0,
665,Random,0.3,93.3,97.96,39.899617433547974,1.4301373713241752,142315.0,97.89,203264.0,
692,Random,0.3,93.3,98.12,39.540241718292236,1.4301373713241752,142315.0,97.89,203264.0,
923,Random,0.3,93.3,98.15,39.874205350875854,1.4301373713241752,142315.0,97.89,203264.0,
961,Random,0.3,93.3,97.92,39.80313754081726,1.4301373713241752,142315.0,97.89,203264.0,
828,Random,0.3,93.3,97.95,39.81984615325928,1.4301373713241752,142315.0,97.89,203264.0,
854,Random,0.3,93.3,97.82,40.14278721809387,1.4301373713241752,142315.0,97.89,203264.0,
501,Random,0.3,93.3,97.97,40.32450556755066,1.4301373713241752,142315.0,97.89,203264.0,
519,Random,0.3,93.3,97.85,39.62031078338623,1.4301373713241752,142315.0,97.89,203264.0,
405,Random,0.3,93.25,98.0,39.86762738227844,1.4301373713241752,142315.0,97.89,203264.0,
408,Random,0.3,93.25,98.01,39.553619146347046,1.4301373713241752,142315.0,97.89,203264.0,
452,Random,0.3,93.25,98.04,39.79554486274719,1.4301373713241752,142315.0,97.89,203264.0,
716,Random,0.3,93.25,97.86,39.79584097862244,1.4301373713241752,142315.0,97.89,203264.0,
983,Random,0.3,93.25,97.61,39.79133367538452,1.4301373713241752,142315.0,97.89,203264.0,
520,Random,0.3,93.25,97.75,40.11181569099426,1.4301373713241752,142315.0,97.89,203264.0,
556,Random,0.3,93.25,97.97,40.57373785972595,1.4301373713241752,142315.0,97.89,203264.0,
490,Random,0.3,93.2,98.14,39.61307954788208,1.4301373713241752,142315.0,97.89,203264.0,
126,Random,0.3,93.2,97.97,39.77535605430603,1.4301373713241752,142315.0,97.89,203264.0,
182,Random,0.3,93.2,98.02,39.59149169921875,1.4301373713241752,142315.0,97.89,203264.0,
217,Random,0.3,93.2,98.12,39.89225888252258,1.4301373713241752,142315.0,97.89,203264.0,
726,Random,0.3,93.2,98.08,39.79145288467407,1.4301373713241752,142315.0,97.89,203264.0,
892,Random,0.3,93.2,97.82,39.8830087184906,1.4301373713241752,142315.0,97.89,203264.0,
897,Random,0.3,93.2,97.85,40.154969453811646,1.4301373713241752,142315.0,97.89,203264.0,
842,Random,0.3,93.2,97.98,39.6554639339447,1.4301373713241752,142315.0,97.89,203264.0,
910,Random,0.3,93.2,97.82,40.72127938270569,1.4301373713241752,142315.0,97.89,203264.0,
523,Random,0.3,93.2,97.89,39.970561027526855,1.4301373713241752,142315.0,97.89,203264.0,
529,Random,0.3,93.2,97.97,39.211575508117676,1.4301373713241752,142315.0,97.89,203264.0,
60,Random,0.3,93.15,98.05,39.4931001663208,1.4301373713241752,142315.0,97.89,203264.0,
77,Random,0.3,93.15,97.97,39.47317910194397,1.4301373713241752,142315.0,97.89,203264.0,
386,Random,0.3,93.15,97.99,39.38183069229126,1.4301373713241752,142315.0,97.89,203264.0,
448,Random,0.3,93.15,97.9,40.4412899017334,1.4301373713241752,142315.0,97.89,203264.0,
359,Random,0.3,93.15,98.1,39.767849922180176,1.4301373713241752,142315.0,97.89,203264.0,
738,Random,0.3,93.15,97.79,40.242329359054565,1.4301373713241752,142315.0,97.89,203264.0,
958,Random,0.3,93.15,97.85,39.91363978385925,1.4301373713241752,142315.0,97.89,203264.0,
969,Random,0.3,93.15,98.1,39.719040393829346,1.4301373713241752,142315.0,97.89,203264.0,
990,Random,0.3,93.15,97.82,39.957122802734375,1.4301373713241752,142315.0,97.89,203264.0,
817,Random,0.3,93.15,97.9,39.8952534198761,1.4301373713241752,142315.0,97.89,203264.0,
368,Random,0.3,93.1,98.1,39.81415152549744,1.4301373713241752,142315.0,97.89,203264.0,
207,Random,0.3,93.1,97.74,40.26080250740051,1.4301373713241752,142315.0,97.89,203264.0,
539,Random,0.3,93.1,98.13,39.68379998207092,1.4301373713241752,142315.0,97.89,203264.0,
617,Random,0.3,93.1,97.95,40.354323863983154,1.4301373713241752,142315.0,97.89,203264.0,
30,Random,0.3,93.05,98.18,39.802932024002075,1.4301373713241752,142315.0,97.89,203264.0,
342,Random,0.3,93.05,97.69,39.592249155044556,1.4301373713241752,142315.0,97.89,203264.0,
747,Random,0.3,93.05,97.92,39.878042221069336,1.4301373713241752,142315.0,97.89,203264.0,
977,Random,0.3,93.05,97.78,39.84368705749512,1.4301373713241752,142315.0,97.89,203264.0,
593,Random,0.3,93.05,97.89,39.73733401298523,1.4301373713241752,142315.0,97.89,203264.0,
85,Random,0.3,93.0,98.09,40.06705069541931,1.4301373713241752,142315.0,97.89,203264.0,
121,Random,0.3,93.0,98.04,39.57862687110901,1.4301373713241752,142315.0,97.89,203264.0,
403,Random,0.3,93.0,98.0,40.06515574455261,1.4301373713241752,142315.0,97.89,203264.0,
484,Random,0.3,93.0,97.58,39.79883027076721,1.4301373713241752,142315.0,97.89,203264.0,
669,Random,0.3,93.0,98.07,39.58039355278015,1.4301373713241752,142315.0,97.89,203264.0,
985,Random,0.3,93.0,98.15,39.921921730041504,1.4301373713241752,142315.0,97.89,203264.0,
783,Random,0.3,93.0,98.02,39.78694772720337,1.4301373713241752,142315.0,97.89,203264.0,
508,Random,0.3,93.0,98.03,39.89197063446045,1.4301373713241752,142315.0,97.89,203264.0,
21,Random,0.3,92.95,97.82,39.93587398529053,1.4301373713241752,142315.0,97.89,203264.0,
66,Random,0.3,92.95,98.06,39.721338987350464,1.4301373713241752,142315.0,97.89,203264.0,
25,Random,0.3,92.9,97.96,39.88411736488342,1.4301373713241752,142315.0,97.89,203264.0,
136,Random,0.3,92.95,97.88,40.12138867378235,1.4301373713241752,142315.0,97.89,203264.0,
49,Random,0.3,92.9,97.78,39.727203607559204,1.4301373713241752,142315.0,97.89,203264.0,
415,Random,0.3,92.9,97.96,39.908660650253296,1.4301373713241752,142315.0,97.89,203264.0,
413,Random,0.3,92.9,98.01,40.01933836936951,1.4301373713241752,142315.0,97.89,203264.0,
488,Random,0.3,92.9,98.02,40.072115898132324,1.4301373713241752,142315.0,97.89,203264.0,
326,Random,0.3,92.9,98.02,39.94083309173584,1.4301373713241752,142315.0,97.89,203264.0,
370,Random,0.3,92.9,97.98,39.7714524269104,1.4301373713241752,142315.0,97.89,203264.0,
134,Random,0.3,92.9,98.01,39.84789824485779,1.4301373713241752,142315.0,97.89,203264.0,
166,Random,0.3,92.9,97.73,40.21447134017944,1.4301373713241752,142315.0,97.89,203264.0,
250,Random,0.3,92.9,97.98,39.75766324996948,1.4301373713241752,142315.0,97.89,203264.0,
676,Random,0.3,92.9,98.05,39.95972681045532,1.4301373713241752,142315.0,97.89,203264.0,
657,Random,0.3,92.9,98.02,40.024474143981934,1.4301373713241752,142315.0,97.89,203264.0,
744,Random,0.3,92.9,98.02,39.89436888694763,1.4301373713241752,142315.0,97.89,203264.0,
996,Random,0.3,92.9,97.82,39.92947578430176,1.4301373713241752,142315.0,97.89,203264.0,
260,Random,0.3,92.85,98.13,39.65244436264038,1.4301373713241752,142315.0,97.89,203264.0,
262,Random,0.3,92.85,97.77,39.88667297363281,1.4301373713241752,142315.0,97.89,203264.0,
319,Random,0.3,92.85,97.83,40.06439256668091,1.4301373713241752,142315.0,97.89,203264.0,
149,Random,0.3,92.85,98.0,39.62373995780945,1.4301373713241752,142315.0,97.89,203264.0,
948,Random,0.3,92.85,97.93,39.93769145011902,1.4301373713241752,142315.0,97.89,203264.0,
588,Random,0.3,92.85,97.98,39.74758291244507,1.4301373713241752,142315.0,97.89,203264.0,
587,Random,0.3,92.85,97.93,39.91023063659668,1.4301373713241752,142315.0,97.89,203264.0,
625,Random,0.3,92.85,97.66,39.96453881263733,1.4301373713241752,142315.0,97.89,203264.0,
469,Random,0.3,92.8,97.98,39.60943531990051,1.4301373713241752,142315.0,97.89,203264.0,
674,Random,0.3,92.8,98.14,39.83241891860962,1.4301373713241752,142315.0,97.89,203264.0,
732,Random,0.3,92.8,97.95,40.34631848335266,1.4301373713241752,142315.0,97.89,203264.0,
793,Random,0.3,92.8,97.96,39.60234808921814,1.4301373713241752,142315.0,97.89,203264.0,
276,Random,0.3,92.75,97.98,39.82869076728821,1.4301373713241752,142315.0,97.89,203264.0,
282,Random,0.3,92.75,97.94,39.799657344818115,1.4301373713241752,142315.0,97.89,203264.0,
233,Random,0.3,92.75,98.12,39.99187922477722,1.4301373713241752,142315.0,97.89,203264.0,
920,Random,0.3,92.75,98.14,39.95590853691101,1.4301373713241752,142315.0,97.89,203264.0,
430,Random,0.3,92.7,98.06,39.661497831344604,1.4301373713241752,142315.0,97.89,203264.0,
449,Random,0.3,92.7,97.92,39.809645652770996,1.4301373713241752,142315.0,97.89,203264.0,
465,Random,0.3,92.7,98.11,40.155648708343506,1.4301373713241752,142315.0,97.89,203264.0,
466,Random,0.3,92.7,97.97,39.63974380493164,1.4301373713241752,142315.0,97.89,203264.0,
493,Random,0.3,92.7,97.88,39.814889669418335,1.4301373713241752,142315.0,97.89,203264.0,
129,Random,0.3,92.7,97.88,39.85293507575989,1.4301373713241752,142315.0,97.89,203264.0,
216,Random,0.3,92.7,97.84,39.85565114021301,1.4301373713241752,142315.0,97.89,203264.0,
226,Random,0.3,92.7,97.9,40.357672452926636,1.4301373713241752,142315.0,97.89,203264.0,
907,Random,0.3,92.7,98.0,39.67544984817505,1.4301373713241752,142315.0,97.89,203264.0,
951,Random,0.3,92.7,98.01,39.80544972419739,1.4301373713241752,142315.0,97.89,203264.0,
824,Random,0.3,92.7,98.06,40.01699900627136,1.4301373713241752,142315.0,97.89,203264.0,
473,Random,0.3,92.65,98.03,39.74364757537842,1.4301373713241752,142315.0,97.89,203264.0,
671,Random,0.3,92.65,97.86,39.92214632034302,1.4301373713241752,142315.0,97.89,203264.0,
717,Random,0.3,92.65,97.7,40.00259470939636,1.4301373713241752,142315.0,97.89,203264.0,
728,Random,0.3,92.65,97.76,39.78963351249695,1.4301373713241752,142315.0,97.89,203264.0,
770,Random,0.3,92.65,97.91,40.819270849227905,1.4301373713241752,142315.0,97.89,203264.0,
504,Random,0.3,92.65,97.96,39.62608051300049,1.4301373713241752,142315.0,97.89,203264.0,
38,Random,0.3,92.6,98.04,39.77998638153076,1.4301373713241752,142315.0,97.89,203264.0,
305,Random,0.3,92.6,97.8,39.73767900466919,1.4301373713241752,142315.0,97.89,203264.0,
79,Random,0.3,92.6,98.03,39.948872804641724,1.4301373713241752,142315.0,97.89,203264.0,
178,Random,0.3,92.6,97.89,39.80811095237732,1.4301373713241752,142315.0,97.89,203264.0,
224,Random,0.3,92.6,97.93,39.915635108947754,1.4301373713241752,142315.0,97.89,203264.0,
903,Random,0.3,92.6,97.87,39.74040389060974,1.4301373713241752,142315.0,97.89,203264.0,
123,Random,0.3,92.55,97.83,39.92033290863037,1.4301373713241752,142315.0,97.89,203264.0,
878,Random,0.3,92.55,97.95,39.72304439544678,1.4301373713241752,142315.0,97.89,203264.0,
532,Random,0.3,92.55,97.95,39.781076192855835,1.4301373713241752,142315.0,97.89,203264.0,
3,Random,0.3,92.5,98.08,39.81547212600708,1.4301373713241752,142315.0,97.89,203264.0,
420,Random,0.3,92.5,97.82,40.051066160202026,1.4301373713241752,142315.0,97.89,203264.0,
283,Random,0.3,92.5,98.03,39.81048893928528,1.4301373713241752,142315.0,97.89,203264.0,
367,Random,0.3,92.5,97.88,39.88644456863403,1.4301373713241752,142315.0,97.89,203264.0,
159,Random,0.3,92.5,97.9,39.79100465774536,1.4301373713241752,142315.0,97.89,203264.0,
220,Random,0.3,92.5,97.93,40.30933713912964,1.4301373713241752,142315.0,97.89,203264.0,
754,Random,0.3,92.5,97.94,39.65771174430847,1.4301373713241752,142315.0,97.89,203264.0,
187,Random,0.3,92.45,98.09,39.78815269470215,1.4301373713241752,142315.0,97.89,203264.0,
234,Random,0.3,92.45,98.1,39.58793759346008,1.4301373713241752,142315.0,97.89,203264.0,
244,Random,0.3,92.45,97.75,40.13629174232483,1.4301373713241752,142315.0,97.89,203264.0,
646,Random,0.3,92.45,97.8,39.90627098083496,1.4301373713241752,142315.0,97.89,203264.0,
901,Random,0.3,92.45,98.05,39.89706373214722,1.4301373713241752,142315.0,97.89,203264.0,
952,Random,0.3,92.45,97.91,39.93804359436035,1.4301373713241752,142315.0,97.89,203264.0,
62,Random,0.3,92.4,98.09,40.07895493507385,1.4301373713241752,142315.0,97.89,203264.0,
468,Random,0.3,92.4,98.21,39.69614815711975,1.4301373713241752,142315.0,97.89,203264.0,
496,Random,0.3,92.4,98.15,39.78070640563965,1.4301373713241752,142315.0,97.89,203264.0,
350,Random,0.3,92.4,98.01,39.71798300743103,1.4301373713241752,142315.0,97.89,203264.0,
981,Random,0.3,92.4,97.66,40.05003571510315,1.4301373713241752,142315.0,97.89,203264.0,
877,Random,0.3,92.35,98.0,39.89376950263977,1.4301373713241752,142315.0,97.89,203264.0,
879,Random,0.3,92.35,98.2,39.91838574409485,1.4301373713241752,142315.0,97.89,203264.0,
886,Random,0.3,92.35,97.92,39.835169315338135,1.4301373713241752,142315.0,97.89,203264.0,
896,Random,0.3,92.35,98.06,40.145256996154785,1.4301373713241752,142315.0,97.89,203264.0,
927,Random,0.3,92.35,97.99,39.81263279914856,1.4301373713241752,142315.0,97.89,203264.0,
787,Random,0.3,92.35,98.08,39.910013914108276,1.4301373713241752,142315.0,97.89,203264.0,
383,Random,0.3,92.25,97.94,39.75695586204529,1.4301373713241752,142315.0,97.89,203264.0,
127,Random,0.3,92.25,97.94,40.26848483085632,1.4301373713241752,142315.0,97.89,203264.0,
533,Random,0.3,92.25,97.87,39.91525936126709,1.4301373713241752,142315.0,97.89,203264.0,
16,Random,0.3,92.15,98.01,39.752267360687256,1.4301373713241752,142315.0,97.89,203264.0,
171,Random,0.3,92.2,97.77,39.871766567230225,1.4301373713241752,142315.0,97.89,203264.0,
270,Random,0.3,92.15,97.87,40.15127396583557,1.4301373713241752,142315.0,97.89,203264.0,
631,Random,0.3,92.15,97.88,39.68266820907593,1.4301373713241752,142315.0,97.89,203264.0,
635,Random,0.3,92.15,97.99,39.9214072227478,1.4301373713241752,142315.0,97.89,203264.0,
805,Random,0.3,92.15,97.99,39.63786435127258,1.4301373713241752,142315.0,97.89,203264.0,
167,Random,0.3,92.1,97.77,39.961787939071655,1.4301373713241752,142315.0,97.89,203264.0,
96,Random,0.3,92.05,98.09,39.783588886260986,1.4301373713241752,142315.0,97.89,203264.0,
388,Random,0.3,92.05,98.1,39.77474498748779,1.4301373713241752,142315.0,97.89,203264.0,
261,Random,0.3,92.05,97.88,39.902326345443726,1.4301373713241752,142315.0,97.89,203264.0,
273,Random,0.3,92.05,97.97,40.23138093948364,1.4301373713241752,142315.0,97.89,203264.0,
729,Random,0.3,92.05,97.99,39.6671838760376,1.4301373713241752,142315.0,97.89,203264.0,
478,Random,0.3,92.0,98.09,39.797847509384155,1.4301373713241752,142315.0,97.89,203264.0,
285,Random,0.3,92.0,98.14,39.70389437675476,1.4301373713241752,142315.0,97.89,203264.0,
662,Random,0.3,92.0,98.03,40.16703152656555,1.4301373713241752,142315.0,97.89,203264.0,
959,Random,0.3,92.0,98.02,39.74300765991211,1.4301373713241752,142315.0,97.89,203264.0,
974,Random,0.3,92.0,97.97,39.79456973075867,1.4301373713241752,142315.0,97.89,203264.0,
821,Random,0.3,92.0,97.93,39.8320848941803,1.4301373713241752,142315.0,97.89,203264.0,
241,Random,0.3,91.95,98.01,40.17069697380066,1.4301373713241752,142315.0,97.89,203264.0,
859,Random,0.3,91.95,97.98,39.7132670879364,1.4301373713241752,142315.0,97.89,203264.0,
605,Random,0.3,91.95,97.99,39.85337471961975,1.4301373713241752,142315.0,97.89,203264.0,
284,Random,0.3,91.9,98.02,39.670100927352905,1.4301373713241752,142315.0,97.89,203264.0,
81,Random,0.3,91.85,98.05,40.142284631729126,1.4301373713241752,142315.0,97.89,203264.0,
908,Random,0.3,91.85,97.83,39.83111333847046,1.4301373713241752,142315.0,97.89,203264.0,
953,Random,0.3,91.85,97.94,39.78460240364075,1.4301373713241752,142315.0,97.89,203264.0,
14,Random,0.3,91.8,97.83,39.92408585548401,1.4301373713241752,142315.0,97.89,203264.0,
116,Random,0.3,91.8,98.14,39.99188566207886,1.4301373713241752,142315.0,97.89,203264.0,
483,Random,0.3,91.8,97.69,39.73252487182617,1.4301373713241752,142315.0,97.89,203264.0,
667,Random,0.3,91.8,97.96,39.7972195148468,1.4301373713241752,142315.0,97.89,203264.0,
510,Random,0.3,91.8,97.81,39.735281229019165,1.4301373713241752,142315.0,97.89,203264.0,
606,Random,0.3,91.8,97.88,40.154510736465454,1.4301373713241752,142315.0,97.89,203264.0,
708,Random,0.3,91.75,98.02,39.96005845069885,1.4301373713241752,142315.0,97.89,203264.0,
254,Random,0.3,91.7,98.07,39.82003593444824,1.4301373713241752,142315.0,97.89,203264.0,
709,Random,0.3,91.7,97.96,39.80987048149109,1.4301373713241752,142315.0,97.89,203264.0,
975,Random,0.3,91.7,97.78,40.10244107246399,1.4301373713241752,142315.0,97.89,203264.0,
766,Random,0.3,91.7,98.15,39.76500749588013,1.4301373713241752,142315.0,97.89,203264.0,
44,Random,0.3,91.65,97.84,39.804492473602295,1.4301373713241752,142315.0,97.89,203264.0,
967,Random,0.3,91.65,98.02,39.680516958236694,1.4301373713241752,142315.0,97.89,203264.0,
560,Random,0.3,91.65,97.78,40.317530393600464,1.4301373713241752,142315.0,97.89,203264.0,
179,Random,0.3,91.6,98.09,39.67500400543213,1.4301373713241752,142315.0,97.89,203264.0,
573,Random,0.3,91.65,97.96,39.8230767250061,1.4301373713241752,142315.0,97.89,203264.0,
406,Random,0.3,91.55,98.05,39.86451315879822,1.4301373713241752,142315.0,97.89,203264.0,
686,Random,0.3,91.55,97.87,39.683624029159546,1.4301373713241752,142315.0,97.89,203264.0,
290,Random,0.3,91.55,98.04,40.28065013885498,1.4301373713241752,142315.0,97.89,203264.0,
890,Random,0.3,91.55,97.81,39.78222966194153,1.4301373713241752,142315.0,97.89,203264.0,
5,Random,0.3,91.5,97.73,39.64566373825073,1.4301373713241752,142315.0,97.89,203264.0,
378,Random,0.3,91.45,97.95,40.42094349861145,1.4301373713241752,142315.0,97.89,203264.0,
992,Random,0.3,91.45,98.01,39.843364238739014,1.4301373713241752,142315.0,97.89,203264.0,
846,Random,0.3,91.45,97.96,39.82142233848572,1.4301373713241752,142315.0,97.89,203264.0,
571,Random,0.3,91.45,98.14,39.92938947677612,1.4301373713241752,142315.0,97.89,203264.0,
763,Random,0.3,91.4,98.13,40.09064054489136,1.4301373713241752,142315.0,97.89,203264.0,
23,Random,0.3,91.35,97.88,40.030537843704224,1.4301373713241752,142315.0,97.89,203264.0,
73,Random,0.3,91.35,98.1,39.87352228164673,1.4301373713241752,142315.0,97.89,203264.0,
252,Random,0.3,91.35,98.06,39.86138081550598,1.4301373713241752,142315.0,97.89,203264.0,
303,Random,0.3,91.35,97.85,40.09447503089905,1.4301373713241752,142315.0,97.89,203264.0,
173,Random,0.3,91.35,97.98,39.873714208602905,1.4301373713241752,142315.0,97.89,203264.0,
111,Random,0.3,91.3,98.01,39.98010873794556,1.4301373713241752,142315.0,97.89,203264.0,
58,Random,0.3,91.25,98.02,39.92781472206116,1.4301373713241752,142315.0,97.89,203264.0,
211,Random,0.3,91.2,97.88,39.737488746643066,1.4301373713241752,142315.0,97.89,203264.0,
804,Random,0.3,91.2,97.9,40.193137884140015,1.4301373713241752,142315.0,97.89,203264.0,
472,Random,0.3,91.15,98.06,39.88898801803589,1.4301373713241752,142315.0,97.89,203264.0,
912,Random,0.3,91.15,98.0,39.69144010543823,1.4301373713241752,142315.0,97.89,203264.0,
796,Random,0.3,91.15,98.04,40.098997354507446,1.4301373713241752,142315.0,97.89,203264.0,
26,Random,0.3,91.1,98.03,39.716984272003174,1.4301373713241752,142315.0,97.89,203264.0,
735,Random,0.3,91.1,98.24,39.99861979484558,1.4301373713241752,142315.0,97.89,203264.0,
921,Random,0.3,91.1,98.17,39.86948895454407,1.4301373713241752,142315.0,97.89,203264.0,
852,Random,0.3,91.1,97.88,39.74315786361694,1.4301373713241752,142315.0,97.89,203264.0,
644,Random,0.3,91.05,97.92,40.138368129730225,1.4301373713241752,142315.0,97.89,203264.0,
727,Random,0.3,91.05,97.98,39.8657591342926,1.4301373713241752,142315.0,97.89,203264.0,
968,Random,0.3,91.05,97.84,39.72266125679016,1.4301373713241752,142315.0,97.89,203264.0,
292,Random,0.3,90.95,98.0,40.261120319366455,1.4301373713241752,142315.0,97.89,203264.0,
682,Random,0.3,90.95,98.04,39.75929021835327,1.4301373713241752,142315.0,97.89,203264.0,
699,Random,0.3,90.95,97.75,39.77508020401001,1.4301373713241752,142315.0,97.89,203264.0,
984,Random,0.3,90.9,97.88,39.86069369316101,1.4301373713241752,142315.0,97.89,203264.0,
243,Random,0.3,90.85,97.93,39.47478151321411,1.4301373713241752,142315.0,97.89,203264.0,
673,Random,0.3,90.85,98.19,39.39659762382507,1.4301373713241752,142315.0,97.89,203264.0,
820,Random,0.3,90.85,98.02,39.52590537071228,1.4301373713241752,142315.0,97.89,203264.0,
98,Random,0.3,90.8,97.96,39.33546781539917,1.4301373713241752,142315.0,97.89,203264.0,
442,Random,0.3,90.8,97.76,40.153605222702026,1.4301373713241752,142315.0,97.89,203264.0,
670,Random,0.3,90.8,97.97,39.90330410003662,1.4301373713241752,142315.0,97.89,203264.0,
843,Random,0.3,90.8,98.02,39.87726068496704,1.4301373713241752,142315.0,97.89,203264.0,
441,Random,0.3,90.75,97.76,39.915786027908325,1.4301373713241752,142315.0,97.89,203264.0,
308,Random,0.3,90.75,97.98,39.96117568016052,1.4301373713241752,142315.0,97.89,203264.0,
871,Random,0.3,90.75,97.89,39.99970817565918,1.4301373713241752,142315.0,97.89,203264.0,
552,Random,0.3,90.7,97.93,40.212440490722656,1.4301373713241752,142315.0,97.89,203264.0,
27,Random,0.3,90.65,97.7,40.01327967643738,1.4301373713241752,142315.0,97.89,203264.0,
694,Random,0.3,90.6,98.07,40.45776057243347,1.4301373713241752,142315.0,97.89,203264.0,
741,Random,0.3,90.55,97.99,39.971890926361084,1.4301373713241752,142315.0,97.89,203264.0,
404,Random,0.3,90.5,98.16,40.01805090904236,1.4301373713241752,142315.0,97.89,203264.0,
269,Random,0.3,90.45,98.05,39.987038135528564,1.4301373713241752,142315.0,97.89,203264.0,
847,Random,0.3,90.45,97.87,39.88139748573303,1.4301373713241752,142315.0,97.89,203264.0,
989,Random,0.3,90.35,97.95,39.71896457672119,1.4301373713241752,142315.0,97.89,203264.0,
426,Random,0.3,90.3,98.05,39.53605055809021,1.4301373713241752,142315.0,97.89,203264.0,
919,Random,0.3,90.3,98.03,39.35392618179321,1.4301373713241752,142315.0,97.89,203264.0,
446,Random,0.3,90.2,97.89,40.128483295440674,1.4301373713241752,142315.0,97.89,203264.0,
629,Random,0.3,90.2,98.14,39.93634247779846,1.4301373713241752,142315.0,97.89,203264.0,
84,Random,0.3,90.1,97.99,39.92634963989258,1.4301373713241752,142315.0,97.89,203264.0,
769,Random,0.3,90.1,98.02,39.90334439277649,1.4301373713241752,142315.0,97.89,203264.0,
781,Random,0.3,90.0,97.76,39.9509003162384,1.4301373713241752,142315.0,97.89,203264.0,
131,Random,0.3,89.95,97.89,39.788267374038696,1.4301373713241752,142315.0,97.89,203264.0,
730,Random,0.3,89.8,97.9,39.82841658592224,1.4301373713241752,142315.0,97.89,203264.0,
450,Random,0.3,89.75,97.88,39.7122483253479,1.4301373713241752,142315.0,97.89,203264.0,
540,Random,0.3,89.75,98.05,40.155068159103394,1.4301373713241752,142315.0,97.89,203264.0,
683,Random,0.3,89.65,97.81,39.89181971549988,1.4301373713241752,142315.0,97.89,203264.0,
160,Random,0.3,89.6,97.98,39.98193597793579,1.4301373713241752,142315.0,97.89,203264.0,
118,Random,0.3,89.5,97.72,39.78150677680969,1.4301373713241752,142315.0,97.89,203264.0,
632,Random,0.3,89.5,98.05,39.99625897407532,1.4301373713241752,142315.0,97.89,203264.0,
703,Random,0.3,89.5,97.97,39.85189175605774,1.4301373713241752,142315.0,97.89,203264.0,
459,Random,0.3,89.45,98.09,39.8339524269104,1.4301373713241752,142315.0,97.89,203264.0,
313,Random,0.3,89.45,97.88,39.741706132888794,1.4301373713241752,142315.0,97.89,203264.0,
865,Random,0.3,89.35,98.14,40.27303862571716,1.4301373713241752,142315.0,97.89,203264.0,
514,Random,0.3,89.35,97.93,39.89293122291565,1.4301373713241752,142315.0,97.89,203264.0,
360,Random,0.3,89.3,97.91,39.954625368118286,1.4301373713241752,142315.0,97.89,203264.0,
570,Random,0.3,89.3,98.13,39.90747857093811,1.4301373713241752,142315.0,97.89,203264.0,
690,Random,0.3,89.25,97.97,39.94961142539978,1.4301373713241752,142315.0,97.89,203264.0,
6,Random,0.3,89.1,98.05,40.05433917045593,1.4301373713241752,142315.0,97.89,203264.0,
264,Random,0.3,89.1,98.09,39.462414026260376,1.4301373713241752,142315.0,97.89,203264.0,
92,Random,0.3,89.05,98.0,39.326908826828,1.4301373713241752,142315.0,97.89,203264.0,
267,Random,0.3,89.05,97.99,39.99094796180725,1.4301373713241752,142315.0,97.89,203264.0,
578,Random,0.3,89.05,97.93,39.84375190734863,1.4301373713241752,142315.0,97.89,203264.0,
210,Random,0.3,88.8,97.85,39.910112142562866,1.4301373713241752,142315.0,97.89,203264.0,
734,Random,0.3,88.8,97.97,39.96057748794556,1.4301373713241752,142315.0,97.89,203264.0,
50,Random,0.3,88.7,97.97,39.923619747161865,1.4301373713241752,142315.0,97.89,203264.0,
555,Random,0.3,88.7,97.96,40.25216364860535,1.4301373713241752,142315.0,97.89,203264.0,
257,Random,0.3,88.55,97.91,39.34910249710083,1.4301373713241752,142315.0,97.89,203264.0,
589,Random,0.3,88.6,97.77,39.444735527038574,1.4301373713241752,142315.0,97.89,203264.0,
862,Random,0.3,88.55,98.0,40.00988006591797,1.4301373713241752,142315.0,97.89,203264.0,
898,Random,0.3,88.5,98.03,39.89566445350647,1.4301373713241752,142315.0,97.89,203264.0,
56,Random,0.3,88.45,97.93,39.816922426223755,1.4301373713241752,142315.0,97.89,203264.0,
65,Random,0.3,88.4,98.04,39.94917416572571,1.4301373713241752,142315.0,97.89,203264.0,
438,Random,0.3,88.2,97.98,39.90112543106079,1.4301373713241752,142315.0,97.89,203264.0,
794,Random,0.3,87.8,97.93,39.944698095321655,1.4301373713241752,142315.0,97.89,203264.0,
333,Random,0.3,87.35,98.03,39.80440163612366,1.4301373713241752,142315.0,97.89,203264.0,
574,Random,0.3,87.5,97.97,39.68601107597351,1.4301373713241752,142315.0,97.89,203264.0,
936,Random,0.3,87.35,98.03,39.99274706840515,1.4301373713241752,142315.0,97.89,203264.0,
13,Random,0.3,86.9,97.86,39.98436427116394,1.4301373713241752,142315.0,97.89,203264.0,
888,Random,0.3,86.1,98.16,39.90308618545532,1.4301373713241752,142315.0,97.89,203264.0,
790,Random,0.3,85.65,97.8,39.898497104644775,1.4301373713241752,142315.0,97.89,203264.0,
944,Random,0.3,85.45,97.77,39.87009286880493,1.4301373713241752,142315.0,97.89,203264.0,
455,Random,0.3,81.95,97.98,39.83788990974426,1.4301373713241752,142315.0,97.89,203264.0,
1,Spectral,0.3,,97.66,26.284216165542603,1.422192718887569,143110.0,97.89,203264.0,142920.0
637,Random,0.4,95.65,97.89,41.45032477378845,1.6731472728020058,121645.0,97.89,203264.0,
788,Random,0.4,95.45,98.08,40.73322772979736,1.6731472728020058,121645.0,97.89,203264.0,
595,Random,0.4,95.4,97.74,40.42370390892029,1.6731472728020058,121645.0,97.89,203264.0,
752,Random,0.4,95.4,97.91,40.36390829086304,1.6731472728020058,121645.0,97.89,203264.0,
486,Random,0.4,95.75,98.08,40.8259162902832,1.6731472728020058,121645.0,97.89,203264.0,
506,Random,0.4,95.75,98.12,40.54839253425598,1.6731472728020058,121645.0,97.89,203264.0,
909,Random,0.4,95.35,97.87,40.78051519393921,1.6731472728020058,121645.0,97.89,203264.0,
202,Random,0.4,95.3,98.01,42.46925234794617,1.6731472728020058,121645.0,97.89,203264.0,
526,Random,0.4,95.15,97.93,40.10177135467529,1.6731472728020058,121645.0,97.89,203264.0,
959,Random,0.4,95.3,98.0,39.64973974227905,1.6731472728020058,121645.0,97.89,203264.0,
288,Random,0.4,95.3,98.08,39.80465507507324,1.6731472728020058,121645.0,97.89,203264.0,
251,Random,0.4,95.15,98.18,39.91385078430176,1.6731472728020058,121645.0,97.89,203264.0,
574,Random,0.4,95.25,98.13,39.96190047264099,1.6731472728020058,121645.0,97.89,203264.0,
236,Random,0.4,95.3,97.96,40.06644606590271,1.6731472728020058,121645.0,97.89,203264.0,
428,Random,0.4,95.2,97.96,40.058873653411865,1.6731472728020058,121645.0,97.89,203264.0,
420,Random,0.4,95.1,98.03,40.677066802978516,1.6731472728020058,121645.0,97.89,203264.0,
61,Random,0.4,95.1,97.91,40.12987685203552,1.6731472728020058,121645.0,97.89,203264.0,
503,Random,0.4,95.1,98.03,39.68607544898987,1.6731472728020058,121645.0,97.89,203264.0,
700,Random,0.4,95.1,97.87,39.741429567337036,1.6731472728020058,121645.0,97.89,203264.0,
159,Random,0.4,95.05,97.55,39.78571057319641,1.6731472728020058,121645.0,97.89,203264.0,
319,Random,0.4,95.05,98.09,39.88571262359619,1.6731472728020058,121645.0,97.89,203264.0,
721,Random,0.4,95.1,98.05,39.913817405700684,1.6731472728020058,121645.0,97.89,203264.0,
987,Random,0.4,95.05,98.02,40.373382329940796,1.6731472728020058,121645.0,97.89,203264.0,
705,Random,0.4,95.05,98.0,40.23676300048828,1.6731472728020058,121645.0,97.89,203264.0,
551,Random,0.4,95.0,98.08,39.491384983062744,1.6731472728020058,121645.0,97.89,203264.0,
905,Random,0.4,95.0,98.1,39.82059860229492,1.6731472728020058,121645.0,97.89,203264.0,
569,Random,0.4,95.0,97.99,39.59262990951538,1.6731472728020058,121645.0,97.89,203264.0,
231,Random,0.4,94.95,98.04,39.76588988304138,1.6731472728020058,121645.0,97.89,203264.0,
553,Random,0.4,94.95,97.97,39.71227955818176,1.6731472728020058,121645.0,97.89,203264.0,
534,Random,0.4,94.95,98.0,39.967907428741455,1.6731472728020058,121645.0,97.89,203264.0,
261,Random,0.4,94.9,98.08,40.22959280014038,1.6731472728020058,121645.0,97.89,203264.0,
963,Random,0.4,94.9,98.05,40.11982798576355,1.6731472728020058,121645.0,97.89,203264.0,
629,Random,0.4,94.85,97.99,39.60603070259094,1.6731472728020058,121645.0,97.89,203264.0,
572,Random,0.4,94.9,98.08,39.67443370819092,1.6731472728020058,121645.0,97.89,203264.0,
327,Random,0.4,94.75,98.08,39.66033625602722,1.6731472728020058,121645.0,97.89,203264.0,
672,Random,0.4,94.9,98.11,39.85141849517822,1.6731472728020058,121645.0,97.89,203264.0,
768,Random,0.4,94.75,97.99,39.84863519668579,1.6731472728020058,121645.0,97.89,203264.0,
789,Random,0.4,94.75,97.92,39.86976337432861,1.6731472728020058,121645.0,97.89,203264.0,
840,Random,0.4,94.75,97.89,40.91923999786377,1.6731472728020058,121645.0,97.89,203264.0,
175,Random,0.4,94.7,97.92,40.50426411628723,1.6731472728020058,121645.0,97.89,203264.0,
36,Random,0.4,94.7,98.0,39.57702136039734,1.6731472728020058,121645.0,97.89,203264.0,
406,Random,0.4,94.7,97.85,39.69610595703125,1.6731472728020058,121645.0,97.89,203264.0,
839,Random,0.4,94.7,98.13,39.78925156593323,1.6731472728020058,121645.0,97.89,203264.0,
143,Random,0.4,94.65,98.05,39.76556158065796,1.6731472728020058,121645.0,97.89,203264.0,
24,Random,0.4,94.65,97.92,39.837162256240845,1.6731472728020058,121645.0,97.89,203264.0,
210,Random,0.4,94.6,97.73,39.911842584609985,1.6731472728020058,121645.0,97.89,203264.0,
948,Random,0.4,94.6,97.92,40.74494814872742,1.6731472728020058,121645.0,97.89,203264.0,
315,Random,0.4,94.6,97.81,41.40825366973877,1.6731472728020058,121645.0,97.89,203264.0,
976,Random,0.4,94.6,98.02,39.5860652923584,1.6731472728020058,121645.0,97.89,203264.0,
455,Random,0.4,94.6,97.98,39.587812662124634,1.6731472728020058,121645.0,97.89,203264.0,
619,Random,0.4,94.6,98.05,39.749276876449585,1.6731472728020058,121645.0,97.89,203264.0,
3,Random,0.4,94.6,97.9,39.780837297439575,1.6731472728020058,121645.0,97.89,203264.0,
639,Random,0.4,94.6,97.9,39.85149002075195,1.6731472728020058,121645.0,97.89,203264.0,
279,Random,0.4,94.55,98.15,39.864715337753296,1.6731472728020058,121645.0,97.89,203264.0,
898,Random,0.4,94.55,97.93,41.11767840385437,1.6731472728020058,121645.0,97.89,203264.0,
487,Random,0.4,94.55,97.91,41.364558935165405,1.6731472728020058,121645.0,97.89,203264.0,
9,Random,0.4,94.55,97.75,39.369702100753784,1.6731472728020058,121645.0,97.89,203264.0,
21,Random,0.4,94.55,98.06,39.39653205871582,1.6731472728020058,121645.0,97.89,203264.0,
278,Random,0.4,94.5,98.06,39.44753813743591,1.6731472728020058,121645.0,97.89,203264.0,
323,Random,0.4,94.5,97.93,39.47984743118286,1.6731472728020058,121645.0,97.89,203264.0,
46,Random,0.4,94.55,98.11,39.447327613830566,1.6731472728020058,121645.0,97.89,203264.0,
928,Random,0.4,94.5,98.06,39.52170968055725,1.6731472728020058,121645.0,97.89,203264.0,
460,Random,0.4,94.5,97.94,40.22656440734863,1.6731472728020058,121645.0,97.89,203264.0,
474,Random,0.4,94.5,97.84,40.99520564079285,1.6731472728020058,121645.0,97.89,203264.0,
72,Random,0.4,94.5,98.02,39.65367126464844,1.6731472728020058,121645.0,97.89,203264.0,
791,Random,0.4,94.5,98.0,39.7106614112854,1.6731472728020058,121645.0,97.89,203264.0,
821,Random,0.4,94.5,98.09,40.229204416275024,1.6731472728020058,121645.0,97.89,203264.0,
244,Random,0.4,94.45,98.07,40.23336720466614,1.6731472728020058,121645.0,97.89,203264.0,
419,Random,0.4,94.45,98.01,40.0668728351593,1.6731472728020058,121645.0,97.89,203264.0,
42,Random,0.4,94.45,98.07,40.284594774246216,1.6731472728020058,121645.0,97.89,203264.0,
62,Random,0.4,94.45,98.16,40.57946705818176,1.6731472728020058,121645.0,97.89,203264.0,
95,Random,0.4,94.45,97.95,40.69750356674194,1.6731472728020058,121645.0,97.89,203264.0,
580,Random,0.4,94.45,98.08,39.22631907463074,1.6731472728020058,121645.0,97.89,203264.0,
647,Random,0.4,94.45,97.67,39.230114221572876,1.6731472728020058,121645.0,97.89,203264.0,
349,Random,0.4,94.4,97.93,39.43377447128296,1.6731472728020058,121645.0,97.89,203264.0,
35,Random,0.4,94.4,98.07,39.469274282455444,1.6731472728020058,121645.0,97.89,203264.0,
168,Random,0.4,94.35,98.02,40.11341691017151,1.6731472728020058,121645.0,97.89,203264.0,
704,Random,0.4,94.4,97.96,40.565874338150024,1.6731472728020058,121645.0,97.89,203264.0,
945,Random,0.4,94.35,97.97,40.73835372924805,1.6731472728020058,121645.0,97.89,203264.0,
992,Random,0.4,94.35,97.88,40.858290910720825,1.6731472728020058,121645.0,97.89,203264.0,
113,Random,0.4,94.35,98.09,39.737515926361084,1.6731472728020058,121645.0,97.89,203264.0,
627,Random,0.4,94.35,98.01,39.6795928478241,1.6731472728020058,121645.0,97.89,203264.0,
638,Random,0.4,94.35,97.93,39.534844398498535,1.6731472728020058,121645.0,97.89,203264.0,
814,Random,0.4,94.35,98.19,39.60062885284424,1.6731472728020058,121645.0,97.89,203264.0,
218,Random,0.4,94.3,97.85,39.693103551864624,1.6731472728020058,121645.0,97.89,203264.0,
466,Random,0.4,94.3,97.91,39.857309103012085,1.6731472728020058,121645.0,97.89,203264.0,
478,Random,0.4,94.3,97.86,40.28722071647644,1.6731472728020058,121645.0,97.89,203264.0,
514,Random,0.4,94.3,97.91,41.82513427734375,1.6731472728020058,121645.0,97.89,203264.0,
798,Random,0.4,94.3,97.89,39.63099193572998,1.6731472728020058,121645.0,97.89,203264.0,
214,Random,0.4,94.25,98.1,39.75025463104248,1.6731472728020058,121645.0,97.89,203264.0,
324,Random,0.4,94.25,97.85,40.263057708740234,1.6731472728020058,121645.0,97.89,203264.0,
384,Random,0.4,94.25,97.91,39.94725584983826,1.6731472728020058,121645.0,97.89,203264.0,
477,Random,0.4,94.25,98.06,39.91230320930481,1.6731472728020058,121645.0,97.89,203264.0,
91,Random,0.4,94.25,97.87,39.890108585357666,1.6731472728020058,121645.0,97.89,203264.0,
103,Random,0.4,94.25,97.73,40.14926767349243,1.6731472728020058,121645.0,97.89,203264.0,
151,Random,0.4,94.2,97.92,41.627705812454224,1.6731472728020058,121645.0,97.89,203264.0,
259,Random,0.4,94.2,97.83,39.379456520080566,1.6731472728020058,121645.0,97.89,203264.0,
38,Random,0.4,94.2,97.9,39.24779391288757,1.6731472728020058,121645.0,97.89,203264.0,
512,Random,0.4,94.2,98.0,39.504552125930786,1.6731472728020058,121645.0,97.89,203264.0,
694,Random,0.4,94.2,98.06,39.48164463043213,1.6731472728020058,121645.0,97.89,203264.0,
140,Random,0.4,94.15,98.03,39.5778374671936,1.6731472728020058,121645.0,97.89,203264.0,
716,Random,0.4,94.15,98.07,39.42046022415161,1.6731472728020058,121645.0,97.89,203264.0,
871,Random,0.4,94.15,97.94,40.15271830558777,1.6731472728020058,121645.0,97.89,203264.0,
266,Random,0.4,94.1,97.97,41.630109786987305,1.6731472728020058,121645.0,97.89,203264.0,
414,Random,0.4,94.1,98.02,39.55687761306763,1.6731472728020058,121645.0,97.89,203264.0,
76,Random,0.4,94.1,97.74,39.65329074859619,1.6731472728020058,121645.0,97.89,203264.0,
620,Random,0.4,94.1,98.0,40.134833097457886,1.6731472728020058,121645.0,97.89,203264.0,
761,Random,0.4,94.1,98.03,40.11686706542969,1.6731472728020058,121645.0,97.89,203264.0,
826,Random,0.4,94.1,97.9,39.85623240470886,1.6731472728020058,121645.0,97.89,203264.0,
828,Random,0.4,94.1,97.86,39.86677646636963,1.6731472728020058,121645.0,97.89,203264.0,
165,Random,0.4,94.05,98.11,40.1917142868042,1.6731472728020058,121645.0,97.89,203264.0,
479,Random,0.4,94.05,97.84,41.58791732788086,1.6731472728020058,121645.0,97.89,203264.0,
481,Random,0.4,94.05,97.85,39.390501737594604,1.6731472728020058,121645.0,97.89,203264.0,
33,Random,0.4,94.05,97.79,39.20594334602356,1.6731472728020058,121645.0,97.89,203264.0,
714,Random,0.4,94.05,97.8,39.50906491279602,1.6731472728020058,121645.0,97.89,203264.0,
58,Random,0.4,94.05,98.04,39.58038663864136,1.6731472728020058,121645.0,97.89,203264.0,
746,Random,0.4,94.05,98.14,39.60256242752075,1.6731472728020058,121645.0,97.89,203264.0,
189,Random,0.4,94.0,98.11,39.89355516433716,1.6731472728020058,121645.0,97.89,203264.0,
951,Random,0.4,94.0,97.76,40.09444832801819,1.6731472728020058,121645.0,97.89,203264.0,
621,Random,0.4,94.0,97.82,41.89691662788391,1.6731472728020058,121645.0,97.89,203264.0,
673,Random,0.4,94.0,98.19,39.62650775909424,1.6731472728020058,121645.0,97.89,203264.0,
676,Random,0.4,94.0,97.91,39.78427600860596,1.6731472728020058,121645.0,97.89,203264.0,
774,Random,0.4,94.0,97.74,39.87652325630188,1.6731472728020058,121645.0,97.89,203264.0,
754,Random,0.4,94.0,97.84,39.96973252296448,1.6731472728020058,121645.0,97.89,203264.0,
220,Random,0.4,93.95,97.87,39.91553616523743,1.6731472728020058,121645.0,97.89,203264.0,
228,Random,0.4,93.95,97.86,40.02266812324524,1.6731472728020058,121645.0,97.89,203264.0,
281,Random,0.4,93.95,98.0,40.205652475357056,1.6731472728020058,121645.0,97.89,203264.0,
962,Random,0.4,93.95,98.17,41.18170404434204,1.6731472728020058,121645.0,97.89,203264.0,
432,Random,0.4,93.95,97.88,39.626426696777344,1.6731472728020058,121645.0,97.89,203264.0,
456,Random,0.4,93.95,98.13,39.76210618019104,1.6731472728020058,121645.0,97.89,203264.0,
457,Random,0.4,93.95,97.95,39.87794804573059,1.6731472728020058,121645.0,97.89,203264.0,
527,Random,0.4,93.95,97.92,39.80265164375305,1.6731472728020058,121645.0,97.89,203264.0,
835,Random,0.4,93.95,97.99,39.91317272186279,1.6731472728020058,121645.0,97.89,203264.0,
845,Random,0.4,93.95,98.1,39.95132279396057,1.6731472728020058,121645.0,97.89,203264.0,
196,Random,0.4,93.9,97.69,40.39788246154785,1.6731472728020058,121645.0,97.89,203264.0,
342,Random,0.4,93.9,97.69,41.48471117019653,1.6731472728020058,121645.0,97.89,203264.0,
932,Random,0.4,93.9,97.97,39.610347509384155,1.6731472728020058,121645.0,97.89,203264.0,
377,Random,0.4,93.9,98.06,39.72655963897705,1.6731472728020058,121645.0,97.89,203264.0,
464,Random,0.4,93.9,98.01,39.869083404541016,1.6731472728020058,121645.0,97.89,203264.0,
22,Random,0.4,93.9,97.83,39.96305251121521,1.6731472728020058,121645.0,97.89,203264.0,
623,Random,0.4,93.9,98.08,40.01077747344971,1.6731472728020058,121645.0,97.89,203264.0,
625,Random,0.4,93.9,98.09,39.90707755088806,1.6731472728020058,121645.0,97.89,203264.0,
760,Random,0.4,93.9,97.87,41.15109968185425,1.6731472728020058,121645.0,97.89,203264.0,
797,Random,0.4,93.9,98.08,41.87687611579895,1.6731472728020058,121645.0,97.89,203264.0,
801,Random,0.4,93.9,97.8,39.71286988258362,1.6731472728020058,121645.0,97.89,203264.0,
465,Random,0.4,93.85,97.8,39.80191659927368,1.6731472728020058,121645.0,97.89,203264.0,
498,Random,0.4,93.85,97.65,39.950299978256226,1.6731472728020058,121645.0,97.89,203264.0,
500,Random,0.4,93.85,97.98,39.75446009635925,1.6731472728020058,121645.0,97.89,203264.0,
1,Random,0.4,93.85,98.04,39.902477979660034,1.6731472728020058,121645.0,97.89,203264.0,
656,Random,0.4,93.85,97.93,39.79610633850098,1.6731472728020058,121645.0,97.89,203264.0,
698,Random,0.4,93.85,97.82,40.59053921699524,1.6731472728020058,121645.0,97.89,203264.0,
164,Random,0.4,93.8,98.07,41.66295623779297,1.6731472728020058,121645.0,97.89,203264.0,
237,Random,0.4,93.8,97.88,39.711092948913574,1.6731472728020058,121645.0,97.89,203264.0,
958,Random,0.4,93.8,97.89,39.79042959213257,1.6731472728020058,121645.0,97.89,203264.0,
390,Random,0.4,93.8,97.82,39.97511959075928,1.6731472728020058,121645.0,97.89,203264.0,
453,Random,0.4,93.8,97.96,39.811782360076904,1.6731472728020058,121645.0,97.89,203264.0,
602,Random,0.4,93.8,97.92,40.172043800354004,1.6731472728020058,121645.0,97.89,203264.0,
634,Random,0.4,93.8,98.07,39.90977954864502,1.6731472728020058,121645.0,97.89,203264.0,
712,Random,0.4,93.8,97.92,40.70600605010986,1.6731472728020058,121645.0,97.89,203264.0,
778,Random,0.4,93.8,97.68,41.06258726119995,1.6731472728020058,121645.0,97.89,203264.0,
258,Random,0.4,93.75,97.96,39.621079206466675,1.6731472728020058,121645.0,97.89,203264.0,
345,Random,0.4,93.75,98.14,39.74749803543091,1.6731472728020058,121645.0,97.89,203264.0,
389,Random,0.4,93.75,98.0,39.81125807762146,1.6731472728020058,121645.0,97.89,203264.0,
989,Random,0.4,93.75,97.93,39.919936418533325,1.6731472728020058,121645.0,97.89,203264.0,
12,Random,0.4,93.75,97.86,40.07281851768494,1.6731472728020058,121645.0,97.89,203264.0,
60,Random,0.4,93.75,97.84,39.88748502731323,1.6731472728020058,121645.0,97.89,203264.0,
652,Random,0.4,93.75,97.7,40.76411509513855,1.6731472728020058,121645.0,97.89,203264.0,
772,Random,0.4,93.75,98.15,41.52212309837341,1.6731472728020058,121645.0,97.89,203264.0,
833,Random,0.4,93.75,98.02,39.64645171165466,1.6731472728020058,121645.0,97.89,203264.0,
147,Random,0.4,93.7,98.05,39.804054975509644,1.6731472728020058,121645.0,97.89,203264.0,
341,Random,0.4,93.7,97.94,39.856704235076904,1.6731472728020058,121645.0,97.89,203264.0,
367,Random,0.4,93.7,98.18,39.90636706352234,1.6731472728020058,121645.0,97.89,203264.0,
923,Random,0.4,93.7,97.88,40.04353857040405,1.6731472728020058,121645.0,97.89,203264.0,
973,Random,0.4,93.7,97.81,39.79548692703247,1.6731472728020058,121645.0,97.89,203264.0,
400,Random,0.4,93.7,98.07,40.34882855415344,1.6731472728020058,121645.0,97.89,203264.0,
447,Random,0.4,93.7,98.02,41.300771951675415,1.6731472728020058,121645.0,97.89,203264.0,
458,Random,0.4,93.7,97.88,39.8233528137207,1.6731472728020058,121645.0,97.89,203264.0,
18,Random,0.4,93.7,97.87,39.82207989692688,1.6731472728020058,121645.0,97.89,203264.0,
69,Random,0.4,93.7,98.21,39.93643021583557,1.6731472728020058,121645.0,97.89,203264.0,
571,Random,0.4,93.7,98.11,39.96762943267822,1.6731472728020058,121645.0,97.89,203264.0,
763,Random,0.4,93.7,97.96,39.93526864051819,1.6731472728020058,121645.0,97.89,203264.0,
585,Random,0.4,93.7,98.06,40.040355920791626,1.6731472728020058,121645.0,97.89,203264.0,
868,Random,0.4,93.7,97.72,40.33581852912903,1.6731472728020058,121645.0,97.89,203264.0,
934,Random,0.4,93.65,98.07,41.276373863220215,1.6731472728020058,121645.0,97.89,203264.0,
983,Random,0.4,93.65,98.07,39.774707078933716,1.6731472728020058,121645.0,97.89,203264.0,
462,Random,0.4,93.65,98.0,39.69081377983093,1.6731472728020058,121645.0,97.89,203264.0,
661,Random,0.4,93.65,98.05,39.87866425514221,1.6731472728020058,121645.0,97.89,203264.0,
785,Random,0.4,93.65,97.98,39.87618708610535,1.6731472728020058,121645.0,97.89,203264.0,
127,Random,0.4,93.6,98.07,39.90844249725342,1.6731472728020058,121645.0,97.89,203264.0,
179,Random,0.4,93.6,97.96,40.15884852409363,1.6731472728020058,121645.0,97.89,203264.0,
234,Random,0.4,93.6,98.12,40.29941177368164,1.6731472728020058,121645.0,97.89,203264.0,
242,Random,0.4,93.6,98.04,41.24687123298645,1.6731472728020058,121645.0,97.89,203264.0,
312,Random,0.4,93.6,97.86,39.68441438674927,1.6731472728020058,121645.0,97.89,203264.0,
343,Random,0.4,93.6,98.06,39.595813512802124,1.6731472728020058,121645.0,97.89,203264.0,
940,Random,0.4,93.6,98.03,39.74149250984192,1.6731472728020058,121645.0,97.89,203264.0,
399,Random,0.4,93.6,97.78,39.872153997421265,1.6731472728020058,121645.0,97.89,203264.0,
2,Random,0.4,93.6,98.05,39.948819637298584,1.6731472728020058,121645.0,97.89,203264.0,
57,Random,0.4,93.6,98.0,39.8307785987854,1.6731472728020058,121645.0,97.89,203264.0,
689,Random,0.4,93.6,98.0,40.077648639678955,1.6731472728020058,121645.0,97.89,203264.0,
817,Random,0.4,93.6,97.87,40.85467553138733,1.6731472728020058,121645.0,97.89,203264.0,
824,Random,0.4,93.6,97.99,39.67063045501709,1.6731472728020058,121645.0,97.89,203264.0,
861,Random,0.4,93.6,98.1,39.6422553062439,1.6731472728020058,121645.0,97.89,203264.0,
308,Random,0.4,93.55,97.84,39.83342242240906,1.6731472728020058,121645.0,97.89,203264.0,
913,Random,0.4,93.55,98.11,39.7405641078949,1.6731472728020058,121645.0,97.89,203264.0,
939,Random,0.4,93.55,97.99,39.92403554916382,1.6731472728020058,121645.0,97.89,203264.0,
386,Random,0.4,93.55,98.01,40.11362648010254,1.6731472728020058,121645.0,97.89,203264.0,
48,Random,0.4,93.55,97.87,40.992319107055664,1.6731472728020058,121645.0,97.89,203264.0,
110,Random,0.4,93.55,97.75,41.04048824310303,1.6731472728020058,121645.0,97.89,203264.0,
540,Random,0.4,93.55,97.9,39.682096004486084,1.6731472728020058,121645.0,97.89,203264.0,
730,Random,0.4,93.55,98.13,39.71941542625427,1.6731472728020058,121645.0,97.89,203264.0,
257,Random,0.4,93.5,98.01,39.775185108184814,1.6731472728020058,121645.0,97.89,203264.0,
152,Random,0.4,93.5,97.82,39.95339059829712,1.6731472728020058,121645.0,97.89,203264.0,
344,Random,0.4,93.5,98.02,40.00395917892456,1.6731472728020058,121645.0,97.89,203264.0,
484,Random,0.4,93.5,98.1,39.93250775337219,1.6731472728020058,121645.0,97.89,203264.0,
17,Random,0.4,93.5,97.91,40.68243050575256,1.6731472728020058,121645.0,97.89,203264.0,
520,Random,0.4,93.5,97.93,40.339134216308594,1.6731472728020058,121645.0,97.89,203264.0,
701,Random,0.4,93.5,97.83,39.72314500808716,1.6731472728020058,121645.0,97.89,203264.0,
799,Random,0.4,93.5,98.05,39.84500527381897,1.6731472728020058,121645.0,97.89,203264.0,
856,Random,0.4,93.5,98.1,39.78728985786438,1.6731472728020058,121645.0,97.89,203264.0,
135,Random,0.4,93.45,98.15,39.76251673698425,1.6731472728020058,121645.0,97.89,203264.0,
296,Random,0.4,93.45,98.04,40.09222960472107,1.6731472728020058,121645.0,97.89,203264.0,
941,Random,0.4,93.45,98.05,39.9151132106781,1.6731472728020058,121645.0,97.89,203264.0,
943,Random,0.4,93.45,98.0,40.8340859413147,1.6731472728020058,121645.0,97.89,203264.0,
40,Random,0.4,93.45,98.01,40.009368658065796,1.6731472728020058,121645.0,97.89,203264.0,
982,Random,0.4,93.45,97.96,40.63234066963196,1.6731472728020058,121645.0,97.89,203264.0,
504,Random,0.4,93.45,98.1,39.73384714126587,1.6731472728020058,121645.0,97.89,203264.0,
528,Random,0.4,93.45,97.99,39.83153533935547,1.6731472728020058,121645.0,97.89,203264.0,
860,Random,0.4,93.45,97.82,39.93146014213562,1.6731472728020058,121645.0,97.89,203264.0,
332,Random,0.4,93.4,98.06,39.98225688934326,1.6731472728020058,121645.0,97.89,203264.0,
264,Random,0.4,93.4,98.06,40.94404864311218,1.6731472728020058,121645.0,97.89,203264.0,
410,Random,0.4,93.4,97.92,40.92556118965149,1.6731472728020058,121645.0,97.89,203264.0,
671,Random,0.4,93.4,97.98,40.31818199157715,1.6731472728020058,121645.0,97.89,203264.0,
836,Random,0.4,93.4,97.94,39.775041818618774,1.6731472728020058,121645.0,97.89,203264.0,
37,Random,0.4,93.4,98.02,40.41325092315674,1.6731472728020058,121645.0,97.89,203264.0,
138,Random,0.4,93.35,97.92,39.89357542991638,1.6731472728020058,121645.0,97.89,203264.0,
133,Random,0.4,93.35,97.97,40.19166803359985,1.6731472728020058,121645.0,97.89,203264.0,
252,Random,0.4,93.35,97.77,39.85878539085388,1.6731472728020058,121645.0,97.89,203264.0,
357,Random,0.4,93.35,97.93,40.90741515159607,1.6731472728020058,121645.0,97.89,203264.0,
889,Random,0.4,93.35,98.02,41.21052026748657,1.6731472728020058,121645.0,97.89,203264.0,
468,Random,0.4,93.35,98.09,39.71914577484131,1.6731472728020058,121645.0,97.89,203264.0,
15,Random,0.4,93.35,97.97,39.85406732559204,1.6731472728020058,121645.0,97.89,203264.0,
382,Random,0.4,93.35,98.0,41.26528239250183,1.6731472728020058,121645.0,97.89,203264.0,
299,Random,0.4,93.3,98.12,39.977418661117554,1.6731472728020058,121645.0,97.89,203264.0,
300,Random,0.4,93.3,97.75,40.03652501106262,1.6731472728020058,121645.0,97.89,203264.0,
306,Random,0.4,93.3,97.93,40.07756519317627,1.6731472728020058,121645.0,97.89,203264.0,
360,Random,0.4,93.3,97.78,40.05067300796509,1.6731472728020058,121645.0,97.89,203264.0,
882,Random,0.4,93.3,98.01,41.00734066963196,1.6731472728020058,121645.0,97.89,203264.0,
964,Random,0.4,93.3,98.04,39.84424018859863,1.6731472728020058,121645.0,97.89,203264.0,
903,Random,0.4,93.3,97.86,39.95362567901611,1.6731472728020058,121645.0,97.89,203264.0,
422,Random,0.4,93.3,98.03,41.86706852912903,1.6731472728020058,121645.0,97.89,203264.0,
5,Random,0.4,93.3,97.9,40.04258942604065,1.6731472728020058,121645.0,97.89,203264.0,
536,Random,0.4,93.3,98.04,40.175246477127075,1.6731472728020058,121645.0,97.89,203264.0,
628,Random,0.4,93.3,97.91,40.086724519729614,1.6731472728020058,121645.0,97.89,203264.0,
681,Random,0.4,93.3,98.0,40.13853597640991,1.6731472728020058,121645.0,97.89,203264.0,
725,Random,0.4,93.3,98.11,40.02786731719971,1.6731472728020058,121645.0,97.89,203264.0,
743,Random,0.4,93.3,98.14,39.773338079452515,1.6731472728020058,121645.0,97.89,203264.0,
844,Random,0.4,93.3,98.13,39.842779874801636,1.6731472728020058,121645.0,97.89,203264.0,
190,Random,0.4,93.25,97.94,40.19986033439636,1.6731472728020058,121645.0,97.89,203264.0,
322,Random,0.4,93.25,97.98,39.98725962638855,1.6731472728020058,121645.0,97.89,203264.0,
375,Random,0.4,93.25,97.8,39.814215660095215,1.6731472728020058,121645.0,97.89,203264.0,
440,Random,0.4,93.25,97.88,40.05871844291687,1.6731472728020058,121645.0,97.89,203264.0,
85,Random,0.4,93.25,97.81,40.284902811050415,1.6731472728020058,121645.0,97.89,203264.0,
93,Random,0.4,93.25,97.92,40.340848207473755,1.6731472728020058,121645.0,97.89,203264.0,
697,Random,0.4,93.25,97.98,39.74710178375244,1.6731472728020058,121645.0,97.89,203264.0,
718,Random,0.4,93.25,98.02,39.80034685134888,1.6731472728020058,121645.0,97.89,203264.0,
186,Random,0.4,93.2,97.78,40.448017835617065,1.6731472728020058,121645.0,97.89,203264.0,
318,Random,0.4,93.2,97.85,39.768219232559204,1.6731472728020058,121645.0,97.89,203264.0,
188,Random,0.4,93.2,98.01,39.97286772727966,1.6731472728020058,121645.0,97.89,203264.0,
970,Random,0.4,93.2,97.82,40.047409534454346,1.6731472728020058,121645.0,97.89,203264.0,
425,Random,0.4,93.2,97.99,40.49610161781311,1.6731472728020058,121645.0,97.89,203264.0,
81,Random,0.4,93.2,97.95,39.758455753326416,1.6731472728020058,121645.0,97.89,203264.0,
122,Random,0.4,93.2,97.89,39.77984166145325,1.6731472728020058,121645.0,97.89,203264.0,
651,Random,0.4,93.2,97.99,39.82925820350647,1.6731472728020058,121645.0,97.89,203264.0,
669,Random,0.4,93.2,97.84,39.8522424697876,1.6731472728020058,121645.0,97.89,203264.0,
243,Random,0.4,93.15,98.09,39.8961067199707,1.6731472728020058,121645.0,97.89,203264.0,
657,Random,0.4,93.2,97.86,40.62661290168762,1.6731472728020058,121645.0,97.89,203264.0,
984,Random,0.4,93.15,97.98,40.07533574104309,1.6731472728020058,121645.0,97.89,203264.0,
556,Random,0.4,93.15,98.08,40.61337852478027,1.6731472728020058,121645.0,97.89,203264.0,
613,Random,0.4,93.15,97.97,40.36276459693909,1.6731472728020058,121645.0,97.89,203264.0,
641,Random,0.4,93.15,98.07,39.58935475349426,1.6731472728020058,121645.0,97.89,203264.0,
703,Random,0.4,93.15,97.82,39.6536808013916,1.6731472728020058,121645.0,97.89,203264.0,
170,Random,0.4,93.1,98.04,39.83377456665039,1.6731472728020058,121645.0,97.89,203264.0,
747,Random,0.4,93.15,97.96,39.94342112541199,1.6731472728020058,121645.0,97.89,203264.0,
273,Random,0.4,93.1,98.08,40.80766749382019,1.6731472728020058,121645.0,97.89,203264.0,
304,Random,0.4,93.1,97.84,39.99567198753357,1.6731472728020058,121645.0,97.89,203264.0,
417,Random,0.4,93.1,97.82,40.15587139129639,1.6731472728020058,121645.0,97.89,203264.0,
71,Random,0.4,93.1,97.95,40.114850759506226,1.6731472728020058,121645.0,97.89,203264.0,
74,Random,0.4,93.1,98.01,39.51130199432373,1.6731472728020058,121645.0,97.89,203264.0,
576,Random,0.4,93.1,97.9,39.73894023895264,1.6731472728020058,121645.0,97.89,203264.0,
611,Random,0.4,93.1,98.08,39.89807152748108,1.6731472728020058,121645.0,97.89,203264.0,
618,Random,0.4,93.1,98.03,39.85739827156067,1.6731472728020058,121645.0,97.89,203264.0,
695,Random,0.4,93.1,97.82,41.08721876144409,1.6731472728020058,121645.0,97.89,203264.0,
711,Random,0.4,93.1,98.16,40.03296160697937,1.6731472728020058,121645.0,97.89,203264.0,
780,Random,0.4,93.1,98.09,40.26957702636719,1.6731472728020058,121645.0,97.89,203264.0,
305,Random,0.4,93.05,98.05,40.09949564933777,1.6731472728020058,121645.0,97.89,203264.0,
336,Random,0.4,93.05,97.77,39.58561182022095,1.6731472728020058,121645.0,97.89,203264.0,
376,Random,0.4,93.05,97.77,39.89074468612671,1.6731472728020058,121645.0,97.89,203264.0,
123,Random,0.4,93.05,97.85,39.93954682350159,1.6731472728020058,121645.0,97.89,203264.0,
510,Random,0.4,93.05,98.17,39.94976043701172,1.6731472728020058,121645.0,97.89,203264.0,
642,Random,0.4,93.05,97.99,40.15055704116821,1.6731472728020058,121645.0,97.89,203264.0,
545,Random,0.4,93.05,97.88,40.99912405014038,1.6731472728020058,121645.0,97.89,203264.0,
648,Random,0.4,93.05,97.77,40.551031827926636,1.6731472728020058,121645.0,97.89,203264.0,
693,Random,0.4,93.05,98.12,40.13838601112366,1.6731472728020058,121645.0,97.89,203264.0,
745,Random,0.4,93.05,98.03,39.54204559326172,1.6731472728020058,121645.0,97.89,203264.0,
783,Random,0.4,93.05,97.96,39.82990765571594,1.6731472728020058,121645.0,97.89,203264.0,
790,Random,0.4,93.05,97.95,39.93922710418701,1.6731472728020058,121645.0,97.89,203264.0,
874,Random,0.4,93.05,97.8,39.91320085525513,1.6731472728020058,121645.0,97.89,203264.0,
198,Random,0.4,93.0,97.87,40.11345815658569,1.6731472728020058,121645.0,97.89,203264.0,
239,Random,0.4,93.0,97.84,41.29472899436951,1.6731472728020058,121645.0,97.89,203264.0,
267,Random,0.4,93.0,98.05,40.228156328201294,1.6731472728020058,121645.0,97.89,203264.0,
105,Random,0.4,93.0,98.03,40.133803367614746,1.6731472728020058,121645.0,97.89,203264.0,
530,Random,0.4,93.0,97.86,39.34345197677612,1.6731472728020058,121645.0,97.89,203264.0,
606,Random,0.4,93.0,97.86,39.661850929260254,1.6731472728020058,121645.0,97.89,203264.0,
368,Random,0.4,92.95,98.06,39.99949288368225,1.6731472728020058,121645.0,97.89,203264.0,
921,Random,0.4,92.95,97.73,39.872798204422,1.6731472728020058,121645.0,97.89,203264.0,
381,Random,0.4,92.95,97.97,40.00452160835266,1.6731472728020058,121645.0,97.89,203264.0,
53,Random,0.4,92.95,97.84,40.44996094703674,1.6731472728020058,121645.0,97.89,203264.0,
659,Random,0.4,92.95,97.58,39.84333372116089,1.6731472728020058,121645.0,97.89,203264.0,
667,Random,0.4,92.95,97.75,40.13723564147949,1.6731472728020058,121645.0,97.89,203264.0,
207,Random,0.4,92.9,97.92,39.48662185668945,1.6731472728020058,121645.0,97.89,203264.0,
333,Random,0.4,92.9,97.94,39.74964618682861,1.6731472728020058,121645.0,97.89,203264.0,
919,Random,0.4,92.9,97.96,39.93592548370361,1.6731472728020058,121645.0,97.89,203264.0,
950,Random,0.4,92.9,97.71,39.7518515586853,1.6731472728020058,121645.0,97.89,203264.0,
967,Random,0.4,92.9,97.93,39.930562019348145,1.6731472728020058,121645.0,97.89,203264.0,
412,Random,0.4,92.9,98.1,40.44792723655701,1.6731472728020058,121645.0,97.89,203264.0,
588,Random,0.4,92.9,98.08,39.798848390579224,1.6731472728020058,121645.0,97.89,203264.0,
631,Random,0.4,92.9,98.2,40.085182428359985,1.6731472728020058,121645.0,97.89,203264.0,
678,Random,0.4,92.9,98.13,39.4883668422699,1.6731472728020058,121645.0,97.89,203264.0,
744,Random,0.4,92.9,98.07,39.6571044921875,1.6731472728020058,121645.0,97.89,203264.0,
776,Random,0.4,92.9,97.67,39.89984178543091,1.6731472728020058,121645.0,97.89,203264.0,
810,Random,0.4,92.9,98.0,39.87224459648132,1.6731472728020058,121645.0,97.89,203264.0,
847,Random,0.4,92.9,98.06,39.899768114089966,1.6731472728020058,121645.0,97.89,203264.0,
295,Random,0.4,92.85,97.88,40.65696048736572,1.6731472728020058,121645.0,97.89,203264.0,
369,Random,0.4,92.85,97.93,39.80948281288147,1.6731472728020058,121645.0,97.89,203264.0,
885,Random,0.4,92.85,98.01,39.94103670120239,1.6731472728020058,121645.0,97.89,203264.0,
32,Random,0.4,92.85,98.13,39.51510787010193,1.6731472728020058,121645.0,97.89,203264.0,
125,Random,0.4,92.85,97.98,39.706997871398926,1.6731472728020058,121645.0,97.89,203264.0,
601,Random,0.4,92.85,97.76,39.909921407699585,1.6731472728020058,121645.0,97.89,203264.0,
720,Random,0.4,92.85,97.87,39.94378089904785,1.6731472728020058,121645.0,97.89,203264.0,
850,Random,0.4,92.85,97.94,39.81486535072327,1.6731472728020058,121645.0,97.89,203264.0,
166,Random,0.4,92.8,98.11,39.78977656364441,1.6731472728020058,121645.0,97.89,203264.0,
872,Random,0.4,92.85,97.96,40.41227412223816,1.6731472728020058,121645.0,97.89,203264.0,
254,Random,0.4,92.8,97.96,40.10169696807861,1.6731472728020058,121645.0,97.89,203264.0,
271,Random,0.4,92.8,98.06,39.58976411819458,1.6731472728020058,121645.0,97.89,203264.0,
347,Random,0.4,92.8,98.09,39.59881544113159,1.6731472728020058,121645.0,97.89,203264.0,
352,Random,0.4,92.8,98.01,39.7881498336792,1.6731472728020058,121645.0,97.89,203264.0,
362,Random,0.4,92.8,98.1,40.03879380226135,1.6731472728020058,121645.0,97.89,203264.0,
920,Random,0.4,92.8,97.91,39.83559465408325,1.6731472728020058,121645.0,97.89,203264.0,
946,Random,0.4,92.8,97.86,39.89426565170288,1.6731472728020058,121645.0,97.89,203264.0,
401,Random,0.4,92.8,98.07,40.54945349693298,1.6731472728020058,121645.0,97.89,203264.0,
407,Random,0.4,92.8,98.09,40.11618733406067,1.6731472728020058,121645.0,97.89,203264.0,
411,Random,0.4,92.8,97.94,39.21583652496338,1.6731472728020058,121645.0,97.89,203264.0,
49,Random,0.4,92.8,97.94,39.31762647628784,1.6731472728020058,121645.0,97.89,203264.0,
50,Random,0.4,92.8,98.06,39.89382791519165,1.6731472728020058,121645.0,97.89,203264.0,
97,Random,0.4,92.8,97.96,39.917683124542236,1.6731472728020058,121645.0,97.89,203264.0,
608,Random,0.4,92.8,97.96,39.938456296920776,1.6731472728020058,121645.0,97.89,203264.0,
635,Random,0.4,92.8,98.01,39.87991237640381,1.6731472728020058,121645.0,97.89,203264.0,
823,Random,0.4,92.8,97.79,40.192955493927,1.6731472728020058,121645.0,97.89,203264.0,
247,Random,0.4,92.75,97.83,40.02082061767578,1.6731472728020058,121645.0,97.89,203264.0,
280,Random,0.4,92.75,98.03,39.528127908706665,1.6731472728020058,121645.0,97.89,203264.0,
297,Random,0.4,92.75,98.04,39.648502588272095,1.6731472728020058,121645.0,97.89,203264.0,
366,Random,0.4,92.75,97.84,39.78659677505493,1.6731472728020058,121645.0,97.89,203264.0,
896,Random,0.4,92.75,97.84,39.82414531707764,1.6731472728020058,121645.0,97.89,203264.0,
398,Random,0.4,92.75,97.94,39.843687295913696,1.6731472728020058,121645.0,97.89,203264.0,
424,Random,0.4,92.75,97.77,39.794389963150024,1.6731472728020058,121645.0,97.89,203264.0,
449,Random,0.4,92.75,98.1,40.02350831031799,1.6731472728020058,121645.0,97.89,203264.0,
20,Random,0.4,92.75,97.88,39.970932960510254,1.6731472728020058,121645.0,97.89,203264.0,
55,Random,0.4,92.75,98.01,39.50302743911743,1.6731472728020058,121645.0,97.89,203264.0,
106,Random,0.4,92.75,97.95,39.695945501327515,1.6731472728020058,121645.0,97.89,203264.0,
594,Random,0.4,92.75,98.13,39.7610867023468,1.6731472728020058,121645.0,97.89,203264.0,
617,Random,0.4,92.75,98.02,39.76918053627014,1.6731472728020058,121645.0,97.89,203264.0,
709,Random,0.4,92.75,98.14,39.78758406639099,1.6731472728020058,121645.0,97.89,203264.0,
167,Random,0.4,92.7,98.05,39.82702851295471,1.6731472728020058,121645.0,97.89,203264.0,
178,Random,0.4,92.7,97.97,40.31082320213318,1.6731472728020058,121645.0,97.89,203264.0,
340,Random,0.4,92.7,97.93,39.85624551773071,1.6731472728020058,121645.0,97.89,203264.0,
961,Random,0.4,92.7,97.96,39.58985924720764,1.6731472728020058,121645.0,97.89,203264.0,
993,Random,0.4,92.7,97.97,40.09425210952759,1.6731472728020058,121645.0,97.89,203264.0,
1000,Random,0.4,92.7,98.11,39.84089922904968,1.6731472728020058,121645.0,97.89,203264.0,
426,Random,0.4,92.7,97.97,39.7135169506073,1.6731472728020058,121645.0,97.89,203264.0,
452,Random,0.4,92.7,97.94,39.92283821105957,1.6731472728020058,121645.0,97.89,203264.0,
64,Random,0.4,92.7,97.84,40.05415225028992,1.6731472728020058,121645.0,97.89,203264.0,
73,Random,0.4,92.7,97.91,40.6095244884491,1.6731472728020058,121645.0,97.89,203264.0,
102,Random,0.4,92.7,98.03,39.87130093574524,1.6731472728020058,121645.0,97.89,203264.0,
593,Random,0.4,92.7,97.99,39.54007911682129,1.6731472728020058,121645.0,97.89,203264.0,
600,Random,0.4,92.7,98.09,40.35367822647095,1.6731472728020058,121645.0,97.89,203264.0,
750,Random,0.4,92.7,97.99,39.86546969413757,1.6731472728020058,121645.0,97.89,203264.0,
838,Random,0.4,92.7,97.97,39.7665638923645,1.6731472728020058,121645.0,97.89,203264.0,
134,Random,0.4,92.65,97.99,39.82638716697693,1.6731472728020058,121645.0,97.89,203264.0,
156,Random,0.4,92.65,98.03,40.02914619445801,1.6731472728020058,121645.0,97.89,203264.0,
157,Random,0.4,92.65,97.91,40.727195739746094,1.6731472728020058,121645.0,97.89,203264.0,
385,Random,0.4,92.65,97.96,39.918227434158325,1.6731472728020058,121645.0,97.89,203264.0,
444,Random,0.4,92.65,97.98,39.1340548992157,1.6731472728020058,121645.0,97.89,203264.0,
480,Random,0.4,92.65,97.75,39.92010974884033,1.6731472728020058,121645.0,97.89,203264.0,
70,Random,0.4,92.65,98.07,39.86429047584534,1.6731472728020058,121645.0,97.89,203264.0,
87,Random,0.4,92.65,97.89,39.80872058868408,1.6731472728020058,121645.0,97.89,203264.0,
513,Random,0.4,92.65,97.95,39.88949251174927,1.6731472728020058,121645.0,97.89,203264.0,
616,Random,0.4,92.65,98.11,40.01548528671265,1.6731472728020058,121645.0,97.89,203264.0,
679,Random,0.4,92.65,97.94,40.4407172203064,1.6731472728020058,121645.0,97.89,203264.0,
756,Random,0.4,92.65,98.02,39.89028215408325,1.6731472728020058,121645.0,97.89,203264.0,
759,Random,0.4,92.65,97.9,39.57495975494385,1.6731472728020058,121645.0,97.89,203264.0,
771,Random,0.4,92.65,97.98,39.92046236991882,1.6731472728020058,121645.0,97.89,203264.0,
811,Random,0.4,92.65,97.86,40.01254081726074,1.6731472728020058,121645.0,97.89,203264.0,
191,Random,0.4,92.6,98.03,39.90214443206787,1.6731472728020058,121645.0,97.89,203264.0,
205,Random,0.4,92.6,98.15,39.96628260612488,1.6731472728020058,121645.0,97.89,203264.0,
927,Random,0.4,92.6,97.83,39.94184947013855,1.6731472728020058,121645.0,97.89,203264.0,
947,Random,0.4,92.6,97.85,40.01143717765808,1.6731472728020058,121645.0,97.89,203264.0,
955,Random,0.4,92.6,97.91,40.15855431556702,1.6731472728020058,121645.0,97.89,203264.0,
445,Random,0.4,92.6,98.08,39.60902500152588,1.6731472728020058,121645.0,97.89,203264.0,
8,Random,0.4,92.6,97.87,40.26520657539368,1.6731472728020058,121645.0,97.89,203264.0,
47,Random,0.4,92.6,98.15,39.71473431587219,1.6731472728020058,121645.0,97.89,203264.0,
112,Random,0.4,92.6,97.98,39.844184160232544,1.6731472728020058,121645.0,97.89,203264.0,
599,Random,0.4,92.6,98.0,40.05160975456238,1.6731472728020058,121645.0,97.89,203264.0,
614,Random,0.4,92.6,97.38,40.049001693725586,1.6731472728020058,121645.0,97.89,203264.0,
633,Random,0.4,92.6,97.74,40.85551357269287,1.6731472728020058,121645.0,97.89,203264.0,
683,Random,0.4,92.6,97.94,40.468854904174805,1.6731472728020058,121645.0,97.89,203264.0,
722,Random,0.4,92.6,98.04,39.540507078170776,1.6731472728020058,121645.0,97.89,203264.0,
762,Random,0.4,92.6,98.07,40.23603343963623,1.6731472728020058,121645.0,97.89,203264.0,
286,Random,0.4,92.55,97.79,39.444124937057495,1.6731472728020058,121645.0,97.89,203264.0,
361,Random,0.4,92.55,97.73,39.400824308395386,1.6731472728020058,121645.0,97.89,203264.0,
969,Random,0.4,92.55,97.94,40.03329873085022,1.6731472728020058,121645.0,97.89,203264.0,
41,Random,0.4,92.55,98.05,39.99434161186218,1.6731472728020058,121645.0,97.89,203264.0,
54,Random,0.4,92.55,98.16,40.15414810180664,1.6731472728020058,121645.0,97.89,203264.0,
539,Random,0.4,92.55,98.09,39.91579508781433,1.6731472728020058,121645.0,97.89,203264.0,
543,Random,0.4,92.55,98.03,39.53046703338623,1.6731472728020058,121645.0,97.89,203264.0,
644,Random,0.4,92.55,97.96,40.311259508132935,1.6731472728020058,121645.0,97.89,203264.0,
740,Random,0.4,92.55,97.89,39.48325061798096,1.6731472728020058,121645.0,97.89,203264.0,
815,Random,0.4,92.55,97.89,39.52384066581726,1.6731472728020058,121645.0,97.89,203264.0,
225,Random,0.4,92.5,97.83,39.946067571640015,1.6731472728020058,121645.0,97.89,203264.0,
240,Random,0.4,92.5,98.0,39.811525106430054,1.6731472728020058,121645.0,97.89,203264.0,
262,Random,0.4,92.5,97.99,39.94198799133301,1.6731472728020058,121645.0,97.89,203264.0,
265,Random,0.4,92.5,97.74,40.06813931465149,1.6731472728020058,121645.0,97.89,203264.0,
348,Random,0.4,92.5,97.87,39.57467603683472,1.6731472728020058,121645.0,97.89,203264.0,
436,Random,0.4,92.5,97.85,40.2645058631897,1.6731472728020058,121645.0,97.89,203264.0,
43,Random,0.4,92.5,97.72,39.73267912864685,1.6731472728020058,121645.0,97.89,203264.0,
56,Random,0.4,92.5,98.08,39.84588551521301,1.6731472728020058,121645.0,97.89,203264.0,
66,Random,0.4,92.5,98.08,39.95342946052551,1.6731472728020058,121645.0,97.89,203264.0,
79,Random,0.4,92.5,97.87,39.894835472106934,1.6731472728020058,121645.0,97.89,203264.0,
692,Random,0.4,92.5,97.99,40.55959606170654,1.6731472728020058,121645.0,97.89,203264.0,
766,Random,0.4,92.5,98.09,40.0059015750885,1.6731472728020058,121645.0,97.89,203264.0,
854,Random,0.4,92.5,97.86,39.41766285896301,1.6731472728020058,121645.0,97.89,203264.0,
224,Random,0.4,92.45,97.96,40.15211367607117,1.6731472728020058,121645.0,97.89,203264.0,
291,Random,0.4,92.45,98.14,39.56068706512451,1.6731472728020058,121645.0,97.89,203264.0,
358,Random,0.4,92.45,97.85,39.45506262779236,1.6731472728020058,121645.0,97.89,203264.0,
908,Random,0.4,92.45,97.81,39.99911308288574,1.6731472728020058,121645.0,97.89,203264.0,
910,Random,0.4,92.45,98.14,39.943174600601196,1.6731472728020058,121645.0,97.89,203264.0,
387,Random,0.4,92.45,97.99,40.138336420059204,1.6731472728020058,121645.0,97.89,203264.0,
63,Random,0.4,92.45,97.83,40.25352668762207,1.6731472728020058,121645.0,97.89,203264.0,
596,Random,0.4,92.45,97.97,39.54012632369995,1.6731472728020058,121645.0,97.89,203264.0,
795,Random,0.4,92.45,98.08,40.32695412635803,1.6731472728020058,121645.0,97.89,203264.0,
805,Random,0.4,92.45,98.03,39.869630336761475,1.6731472728020058,121645.0,97.89,203264.0,
816,Random,0.4,92.45,98.0,39.84610676765442,1.6731472728020058,121645.0,97.89,203264.0,
293,Random,0.4,92.4,97.84,39.583332777023315,1.6731472728020058,121645.0,97.89,203264.0,
321,Random,0.4,92.4,98.12,39.58646774291992,1.6731472728020058,121645.0,97.89,203264.0,
371,Random,0.4,92.4,97.94,40.13877034187317,1.6731472728020058,121645.0,97.89,203264.0,
86,Random,0.4,92.4,97.78,40.17102527618408,1.6731472728020058,121645.0,97.89,203264.0,
96,Random,0.4,92.4,97.89,39.56743121147156,1.6731472728020058,121645.0,97.89,203264.0,
675,Random,0.4,92.4,98.01,40.302062034606934,1.6731472728020058,121645.0,97.89,203264.0,
687,Random,0.4,92.4,98.05,39.87820911407471,1.6731472728020058,121645.0,97.89,203264.0,
758,Random,0.4,92.4,97.82,39.912062883377075,1.6731472728020058,121645.0,97.89,203264.0,
813,Random,0.4,92.4,97.73,39.936426401138306,1.6731472728020058,121645.0,97.89,203264.0,
866,Random,0.4,92.4,97.71,39.68315410614014,1.6731472728020058,121645.0,97.89,203264.0,
194,Random,0.4,92.35,97.93,40.18877363204956,1.6731472728020058,121645.0,97.89,203264.0,
311,Random,0.4,92.35,97.9,40.18723702430725,1.6731472728020058,121645.0,97.89,203264.0,
339,Random,0.4,92.35,97.88,39.577560901641846,1.6731472728020058,121645.0,97.89,203264.0,
370,Random,0.4,92.35,97.86,40.44791102409363,1.6731472728020058,121645.0,97.89,203264.0,
924,Random,0.4,92.35,97.87,39.94963312149048,1.6731472728020058,121645.0,97.89,203264.0,
26,Random,0.4,92.35,97.92,39.916011095047,1.6731472728020058,121645.0,97.89,203264.0,
65,Random,0.4,92.35,98.08,39.99027609825134,1.6731472728020058,121645.0,97.89,203264.0,
119,Random,0.4,92.35,97.71,39.86712455749512,1.6731472728020058,121645.0,97.89,203264.0,
564,Random,0.4,92.35,97.87,40.022571086883545,1.6731472728020058,121645.0,97.89,203264.0,
691,Random,0.4,92.35,98.07,39.455129861831665,1.6731472728020058,121645.0,97.89,203264.0,
626,Random,0.4,92.35,97.78,40.16966986656189,1.6731472728020058,121645.0,97.89,203264.0,
148,Random,0.4,92.3,98.1,40.012709856033325,1.6731472728020058,121645.0,97.89,203264.0,
256,Random,0.4,92.3,98.14,40.24891543388367,1.6731472728020058,121645.0,97.89,203264.0,
359,Random,0.4,92.3,97.96,39.86997127532959,1.6731472728020058,121645.0,97.89,203264.0,
904,Random,0.4,92.3,98.1,39.8519549369812,1.6731472728020058,121645.0,97.89,203264.0,
418,Random,0.4,92.3,97.91,39.78523278236389,1.6731472728020058,121645.0,97.89,203264.0,
573,Random,0.4,92.3,98.04,39.98357844352722,1.6731472728020058,121645.0,97.89,203264.0,
579,Random,0.4,92.3,97.84,39.440308809280396,1.6731472728020058,121645.0,97.89,203264.0,
670,Random,0.4,92.3,97.96,39.91382932662964,1.6731472728020058,121645.0,97.89,203264.0,
702,Random,0.4,92.3,98.18,39.872061252593994,1.6731472728020058,121645.0,97.89,203264.0,
812,Random,0.4,92.3,98.04,39.920275926589966,1.6731472728020058,121645.0,97.89,203264.0,
213,Random,0.4,92.25,97.85,40.033047676086426,1.6731472728020058,121645.0,97.89,203264.0,
353,Random,0.4,92.25,97.91,39.9576895236969,1.6731472728020058,121645.0,97.89,203264.0,
891,Random,0.4,92.25,97.86,39.91653060913086,1.6731472728020058,121645.0,97.89,203264.0,
986,Random,0.4,92.25,97.85,39.93251156806946,1.6731472728020058,121645.0,97.89,203264.0,
403,Random,0.4,92.25,97.92,39.395293951034546,1.6731472728020058,121645.0,97.89,203264.0,
645,Random,0.4,92.25,97.8,40.08542728424072,1.6731472728020058,121645.0,97.89,203264.0,
654,Random,0.4,92.25,98.01,39.76811981201172,1.6731472728020058,121645.0,97.89,203264.0,
829,Random,0.4,92.25,98.04,39.89527726173401,1.6731472728020058,121645.0,97.89,203264.0,
241,Random,0.4,92.2,98.0,40.03929877281189,1.6731472728020058,121645.0,97.89,203264.0,
972,Random,0.4,92.2,97.87,39.8415150642395,1.6731472728020058,121645.0,97.89,203264.0,
707,Random,0.4,92.2,97.95,39.59870624542236,1.6731472728020058,121645.0,97.89,203264.0,
149,Random,0.4,92.15,97.92,39.86283564567566,1.6731472728020058,121645.0,97.89,203264.0,
230,Random,0.4,92.15,97.95,39.44204092025757,1.6731472728020058,121645.0,97.89,203264.0,
249,Random,0.4,92.15,97.91,40.018088817596436,1.6731472728020058,121645.0,97.89,203264.0,
274,Random,0.4,92.15,98.08,40.205888509750366,1.6731472728020058,121645.0,97.89,203264.0,
935,Random,0.4,92.15,97.98,39.97800803184509,1.6731472728020058,121645.0,97.89,203264.0,
956,Random,0.4,92.15,97.87,40.02389931678772,1.6731472728020058,121645.0,97.89,203264.0,
968,Random,0.4,92.15,97.87,39.91885447502136,1.6731472728020058,121645.0,97.89,203264.0,
555,Random,0.4,92.15,97.96,39.88023519515991,1.6731472728020058,121645.0,97.89,203264.0,
615,Random,0.4,92.15,97.92,40.03253793716431,1.6731472728020058,121645.0,97.89,203264.0,
706,Random,0.4,92.15,97.96,39.413413286209106,1.6731472728020058,121645.0,97.89,203264.0,
726,Random,0.4,92.15,97.97,40.06791973114014,1.6731472728020058,121645.0,97.89,203264.0,
807,Random,0.4,92.15,97.94,40.53915500640869,1.6731472728020058,121645.0,97.89,203264.0,
309,Random,0.4,92.1,97.79,39.95127868652344,1.6731472728020058,121645.0,97.89,203264.0,
346,Random,0.4,92.1,97.97,40.089797019958496,1.6731472728020058,121645.0,97.89,203264.0,
899,Random,0.4,92.1,97.86,39.97774696350098,1.6731472728020058,121645.0,97.89,203264.0,
990,Random,0.4,92.1,98.08,39.973050355911255,1.6731472728020058,121645.0,97.89,203264.0,
475,Random,0.4,92.1,97.95,39.98638439178467,1.6731472728020058,121645.0,97.89,203264.0,
476,Random,0.4,92.1,97.94,39.448238372802734,1.6731472728020058,121645.0,97.89,203264.0,
29,Random,0.4,92.1,97.92,40.18339538574219,1.6731472728020058,121645.0,97.89,203264.0,
532,Random,0.4,92.1,98.08,40.6074538230896,1.6731472728020058,121645.0,97.89,203264.0,
630,Random,0.4,92.1,98.02,39.91824746131897,1.6731472728020058,121645.0,97.89,203264.0,
674,Random,0.4,92.1,97.94,40.00939869880676,1.6731472728020058,121645.0,97.89,203264.0,
263,Random,0.4,92.05,97.97,39.9033727645874,1.6731472728020058,121645.0,97.89,203264.0,
329,Random,0.4,92.05,98.09,40.03417086601257,1.6731472728020058,121645.0,97.89,203264.0,
84,Random,0.4,92.05,98.05,40.410277366638184,1.6731472728020058,121645.0,97.89,203264.0,
104,Random,0.4,92.05,97.91,39.554341554641724,1.6731472728020058,121645.0,97.89,203264.0,
502,Random,0.4,92.05,97.95,40.11273407936096,1.6731472728020058,121645.0,97.89,203264.0,
535,Random,0.4,92.05,97.97,40.578861713409424,1.6731472728020058,121645.0,97.89,203264.0,
699,Random,0.4,92.05,98.05,39.95526885986328,1.6731472728020058,121645.0,97.89,203264.0,
729,Random,0.4,92.05,97.77,40.01391386985779,1.6731472728020058,121645.0,97.89,203264.0,
848,Random,0.4,92.05,98.03,39.93012523651123,1.6731472728020058,121645.0,97.89,203264.0,
100,Random,0.4,92.0,97.97,39.93074083328247,1.6731472728020058,121645.0,97.89,203264.0,
118,Random,0.4,92.0,97.91,40.0722131729126,1.6731472728020058,121645.0,97.89,203264.0,
508,Random,0.4,92.0,98.07,39.37301826477051,1.6731472728020058,121645.0,97.89,203264.0,
649,Random,0.4,92.0,98.13,40.3672878742218,1.6731472728020058,121645.0,97.89,203264.0,
830,Random,0.4,92.0,97.85,39.91930365562439,1.6731472728020058,121645.0,97.89,203264.0,
708,Random,0.4,92.0,98.0,40.55253982543945,1.6731472728020058,121645.0,97.89,203264.0,
131,Random,0.4,91.95,97.99,40.02386522293091,1.6731472728020058,121645.0,97.89,203264.0,
132,Random,0.4,91.95,97.99,39.89612078666687,1.6731472728020058,121645.0,97.89,203264.0,
326,Random,0.4,91.95,97.93,39.785622358322144,1.6731472728020058,121645.0,97.89,203264.0,
890,Random,0.4,91.95,98.02,39.955137968063354,1.6731472728020058,121645.0,97.89,203264.0,
893,Random,0.4,91.95,97.98,39.361457109451294,1.6731472728020058,121645.0,97.89,203264.0,
738,Random,0.4,91.95,98.0,40.089178800582886,1.6731472728020058,121645.0,97.89,203264.0,
177,Random,0.4,91.9,97.98,39.57447624206543,1.6731472728020058,121645.0,97.89,203264.0,
331,Random,0.4,91.9,97.94,39.83251690864563,1.6731472728020058,121645.0,97.89,203264.0,
748,Random,0.4,91.95,97.95,40.628461599349976,1.6731472728020058,121645.0,97.89,203264.0,
351,Random,0.4,91.9,97.88,39.80957365036011,1.6731472728020058,121645.0,97.89,203264.0,
363,Random,0.4,91.9,98.19,39.80766224861145,1.6731472728020058,121645.0,97.89,203264.0,
886,Random,0.4,91.9,97.94,39.840686082839966,1.6731472728020058,121645.0,97.89,203264.0,
994,Random,0.4,91.9,97.93,39.45492672920227,1.6731472728020058,121645.0,97.89,203264.0,
413,Random,0.4,91.9,98.13,40.191612243652344,1.6731472728020058,121645.0,97.89,203264.0,
434,Random,0.4,91.9,98.08,40.40959692001343,1.6731472728020058,121645.0,97.89,203264.0,
450,Random,0.4,91.9,97.91,39.7090003490448,1.6731472728020058,121645.0,97.89,203264.0,
68,Random,0.4,91.9,98.03,39.81509065628052,1.6731472728020058,121645.0,97.89,203264.0,
114,Random,0.4,91.9,97.78,39.875431060791016,1.6731472728020058,121645.0,97.89,203264.0,
582,Random,0.4,91.9,97.83,39.88447856903076,1.6731472728020058,121645.0,97.89,203264.0,
646,Random,0.4,91.9,97.92,39.49756741523743,1.6731472728020058,121645.0,97.89,203264.0,
723,Random,0.4,91.9,97.96,39.4688618183136,1.6731472728020058,121645.0,97.89,203264.0,
786,Random,0.4,91.9,97.91,40.077805280685425,1.6731472728020058,121645.0,97.89,203264.0,
867,Random,0.4,91.9,98.15,39.74196672439575,1.6731472728020058,121645.0,97.89,203264.0,
819,Random,0.4,91.9,98.0,40.435691356658936,1.6731472728020058,121645.0,97.89,203264.0,
219,Random,0.4,91.85,97.97,39.9025616645813,1.6731472728020058,121645.0,97.89,203264.0,
960,Random,0.4,91.85,97.8,39.922778367996216,1.6731472728020058,121645.0,97.89,203264.0,
610,Random,0.4,91.85,98.08,39.83872056007385,1.6731472728020058,121645.0,97.89,203264.0,
713,Random,0.4,91.85,98.08,39.83165717124939,1.6731472728020058,121645.0,97.89,203264.0,
757,Random,0.4,91.85,97.93,39.729387283325195,1.6731472728020058,121645.0,97.89,203264.0,
779,Random,0.4,91.85,97.79,40.206456899642944,1.6731472728020058,121645.0,97.89,203264.0,
876,Random,0.4,91.8,98.19,39.6489839553833,1.6731472728020058,121645.0,97.89,203264.0,
892,Random,0.4,91.8,98.06,39.77303504943848,1.6731472728020058,121645.0,97.89,203264.0,
126,Random,0.4,91.8,97.93,40.53650784492493,1.6731472728020058,121645.0,97.89,203264.0,
416,Random,0.4,91.8,97.92,39.874008893966675,1.6731472728020058,121645.0,97.89,203264.0,
44,Random,0.4,91.8,97.68,39.86794090270996,1.6731472728020058,121645.0,97.89,203264.0,
501,Random,0.4,91.8,97.91,39.57322454452515,1.6731472728020058,121645.0,97.89,203264.0,
773,Random,0.4,91.8,97.94,39.76685810089111,1.6731472728020058,121645.0,97.89,203264.0,
849,Random,0.4,91.8,98.04,39.94689416885376,1.6731472728020058,121645.0,97.89,203264.0,
289,Random,0.4,91.75,97.84,40.44899773597717,1.6731472728020058,121645.0,97.89,203264.0,
936,Random,0.4,91.75,97.83,39.748653411865234,1.6731472728020058,121645.0,97.89,203264.0,
944,Random,0.4,91.75,98.02,39.76051592826843,1.6731472728020058,121645.0,97.89,203264.0,
28,Random,0.4,91.75,97.74,39.76648736000061,1.6731472728020058,121645.0,97.89,203264.0,
589,Random,0.4,91.75,97.95,39.865015506744385,1.6731472728020058,121645.0,97.89,203264.0,
717,Random,0.4,91.75,97.89,39.64035630226135,1.6731472728020058,121645.0,97.89,203264.0,
734,Random,0.4,91.75,97.94,39.808804750442505,1.6731472728020058,121645.0,97.89,203264.0,
777,Random,0.4,91.75,97.86,40.06616187095642,1.6731472728020058,121645.0,97.89,203264.0,
212,Random,0.4,91.7,97.81,39.72304368019104,1.6731472728020058,121645.0,97.89,203264.0,
864,Random,0.4,91.75,97.78,40.49047112464905,1.6731472728020058,121645.0,97.89,203264.0,
215,Random,0.4,91.7,97.83,39.784199476242065,1.6731472728020058,121645.0,97.89,203264.0,
350,Random,0.4,91.7,98.07,39.89666962623596,1.6731472728020058,121645.0,97.89,203264.0,
373,Random,0.4,91.7,97.89,39.955092668533325,1.6731472728020058,121645.0,97.89,203264.0,
988,Random,0.4,91.7,97.82,39.73417520523071,1.6731472728020058,121645.0,97.89,203264.0,
518,Random,0.4,91.7,98.07,39.792515993118286,1.6731472728020058,121645.0,97.89,203264.0,
739,Random,0.4,91.7,97.88,39.974071979522705,1.6731472728020058,121645.0,97.89,203264.0,
229,Random,0.4,91.65,97.81,39.72195625305176,1.6731472728020058,121645.0,97.89,203264.0,
325,Random,0.4,91.65,97.85,39.88084578514099,1.6731472728020058,121645.0,97.89,203264.0,
831,Random,0.4,91.7,97.98,40.647956132888794,1.6731472728020058,121645.0,97.89,203264.0,
897,Random,0.4,91.65,97.91,39.88518929481506,1.6731472728020058,121645.0,97.89,203264.0,
393,Random,0.4,91.65,97.82,39.8986177444458,1.6731472728020058,121645.0,97.89,203264.0,
488,Random,0.4,91.65,97.93,40.01176142692566,1.6731472728020058,121645.0,97.89,203264.0,
735,Random,0.4,91.65,98.03,39.4269757270813,1.6731472728020058,121645.0,97.89,203264.0,
782,Random,0.4,91.65,97.84,40.045482873916626,1.6731472728020058,121645.0,97.89,203264.0,
853,Random,0.4,91.65,97.81,39.76548719406128,1.6731472728020058,121645.0,97.89,203264.0,
858,Random,0.4,91.65,97.77,39.80729579925537,1.6731472728020058,121645.0,97.89,203264.0,
806,Random,0.4,91.65,97.97,40.521528005599976,1.6731472728020058,121645.0,97.89,203264.0,
294,Random,0.4,91.6,97.88,39.93119215965271,1.6731472728020058,121645.0,97.89,203264.0,
338,Random,0.4,91.6,97.73,39.8812313079834,1.6731472728020058,121645.0,97.89,203264.0,
887,Random,0.4,91.6,98.07,40.06888389587402,1.6731472728020058,121645.0,97.89,203264.0,
917,Random,0.4,91.6,98.1,39.748295307159424,1.6731472728020058,121645.0,97.89,203264.0,
922,Random,0.4,91.6,97.88,40.004499673843384,1.6731472728020058,121645.0,97.89,203264.0,
764,Random,0.4,91.6,97.82,39.77481651306152,1.6731472728020058,121645.0,97.89,203264.0,
130,Random,0.4,91.55,98.19,39.71564769744873,1.6731472728020058,121645.0,97.89,203264.0,
383,Random,0.4,91.6,97.92,40.57663702964783,1.6731472728020058,121645.0,97.89,203264.0,
197,Random,0.4,91.55,97.84,39.834975242614746,1.6731472728020058,121645.0,97.89,203264.0,
354,Random,0.4,91.55,98.16,39.917240381240845,1.6731472728020058,121645.0,97.89,203264.0,
379,Random,0.4,91.55,98.05,39.90621471405029,1.6731472728020058,121645.0,97.89,203264.0,
30,Random,0.4,91.55,97.97,39.73709464073181,1.6731472728020058,121645.0,97.89,203264.0,
715,Random,0.4,91.55,97.76,40.0012104511261,1.6731472728020058,121645.0,97.89,203264.0,
851,Random,0.4,91.55,97.88,39.818315267562866,1.6731472728020058,121645.0,97.89,203264.0,
865,Random,0.4,91.55,98.06,39.77562880516052,1.6731472728020058,121645.0,97.89,203264.0,
834,Random,0.4,91.55,97.98,40.632943630218506,1.6731472728020058,121645.0,97.89,203264.0,
313,Random,0.4,91.5,97.99,39.94759964942932,1.6731472728020058,121645.0,97.89,203264.0,
884,Random,0.4,91.5,98.03,39.96091032028198,1.6731472728020058,121645.0,97.89,203264.0,
938,Random,0.4,91.5,98.07,40.0625376701355,1.6731472728020058,121645.0,97.89,203264.0,
405,Random,0.4,91.5,98.06,39.71017289161682,1.6731472728020058,121645.0,97.89,203264.0,
727,Random,0.4,91.5,97.85,39.988288164138794,1.6731472728020058,121645.0,97.89,203264.0,
330,Random,0.4,91.45,97.75,39.816654205322266,1.6731472728020058,121645.0,97.89,203264.0,
431,Random,0.4,91.45,97.88,39.92514967918396,1.6731472728020058,121645.0,97.89,203264.0,
282,Random,0.4,91.45,97.95,40.57870578765869,1.6731472728020058,121645.0,97.89,203264.0,
441,Random,0.4,91.45,98.01,39.963059425354004,1.6731472728020058,121645.0,97.89,203264.0,
446,Random,0.4,91.45,98.05,39.956005573272705,1.6731472728020058,121645.0,97.89,203264.0,
459,Random,0.4,91.45,97.59,40.09797549247742,1.6731472728020058,121645.0,97.89,203264.0,
728,Random,0.4,91.45,98.09,39.72288727760315,1.6731472728020058,121645.0,97.89,203264.0,
852,Random,0.4,91.45,97.96,39.95645022392273,1.6731472728020058,121645.0,97.89,203264.0,
320,Random,0.4,91.4,97.62,39.866816997528076,1.6731472728020058,121645.0,97.89,203264.0,
971,Random,0.4,91.4,97.8,39.73703598976135,1.6731472728020058,121645.0,97.89,203264.0,
193,Random,0.4,91.4,98.16,40.54315543174744,1.6731472728020058,121645.0,97.89,203264.0,
396,Random,0.4,91.4,97.99,39.803380250930786,1.6731472728020058,121645.0,97.89,203264.0,
409,Random,0.4,91.4,97.95,40.11982560157776,1.6731472728020058,121645.0,97.89,203264.0,
469,Random,0.4,91.4,97.87,40.63168430328369,1.6731472728020058,121645.0,97.89,203264.0,
75,Random,0.4,91.4,97.93,39.79066348075867,1.6731472728020058,121645.0,97.89,203264.0,
719,Random,0.4,91.4,97.94,39.95594811439514,1.6731472728020058,121645.0,97.89,203264.0,
169,Random,0.4,91.35,97.83,39.70507049560547,1.6731472728020058,121645.0,97.89,203264.0,
195,Random,0.4,91.35,97.95,39.77599763870239,1.6731472728020058,121645.0,97.89,203264.0,
846,Random,0.4,91.4,97.99,40.720537424087524,1.6731472728020058,121645.0,97.89,203264.0,
925,Random,0.4,91.35,97.89,39.95271158218384,1.6731472728020058,121645.0,97.89,203264.0,
492,Random,0.4,91.35,97.93,39.960803270339966,1.6731472728020058,121645.0,97.89,203264.0,
557,Random,0.4,91.35,97.89,40.38684701919556,1.6731472728020058,121645.0,97.89,203264.0,
559,Random,0.4,91.35,97.95,39.73150563240051,1.6731472728020058,121645.0,97.89,203264.0,
561,Random,0.4,91.35,97.86,39.49280834197998,1.6731472728020058,121645.0,97.89,203264.0,
736,Random,0.4,91.35,97.97,39.6835994720459,1.6731472728020058,121645.0,97.89,203264.0,
663,Random,0.4,91.35,97.7,40.55328369140625,1.6731472728020058,121645.0,97.89,203264.0,
781,Random,0.4,91.35,97.93,39.92707109451294,1.6731472728020058,121645.0,97.89,203264.0,
248,Random,0.4,91.3,97.88,39.9132354259491,1.6731472728020058,121645.0,97.89,203264.0,
949,Random,0.4,91.3,97.85,39.92618441581726,1.6731472728020058,121645.0,97.89,203264.0,
378,Random,0.4,91.3,98.21,40.189172983169556,1.6731472728020058,121645.0,97.89,203264.0,
10,Random,0.4,91.3,97.77,39.75050163269043,1.6731472728020058,121645.0,97.89,203264.0,
658,Random,0.4,91.3,98.03,40.155818939208984,1.6731472728020058,121645.0,97.89,203264.0,
11,Random,0.4,91.25,98.14,39.74637961387634,1.6731472728020058,121645.0,97.89,203264.0,
429,Random,0.4,91.25,98.03,40.605645179748535,1.6731472728020058,121645.0,97.89,203264.0,
82,Random,0.4,91.25,98.0,39.88412952423096,1.6731472728020058,121645.0,97.89,203264.0,
515,Random,0.4,91.25,98.02,39.97293186187744,1.6731472728020058,121645.0,97.89,203264.0,
568,Random,0.4,91.25,97.96,39.77468013763428,1.6731472728020058,121645.0,97.89,203264.0,
586,Random,0.4,91.25,97.69,40.04588341712952,1.6731472728020058,121645.0,97.89,203264.0,
587,Random,0.4,91.25,97.83,39.680761098861694,1.6731472728020058,121645.0,97.89,203264.0,
724,Random,0.4,91.25,97.8,40.02126955986023,1.6731472728020058,121645.0,97.89,203264.0,
161,Random,0.4,91.2,97.73,39.75446796417236,1.6731472728020058,121645.0,97.89,203264.0,
182,Random,0.4,91.2,98.07,39.92131567001343,1.6731472728020058,121645.0,97.89,203264.0,
769,Random,0.4,91.25,97.99,40.619648694992065,1.6731472728020058,121645.0,97.89,203264.0,
996,Random,0.4,91.2,98.19,39.857624530792236,1.6731472728020058,121645.0,97.89,203264.0,
493,Random,0.4,91.2,97.94,39.78437638282776,1.6731472728020058,121645.0,97.89,203264.0,
560,Random,0.4,91.2,97.97,40.05691432952881,1.6731472728020058,121645.0,97.89,203264.0,
655,Random,0.4,91.2,97.68,39.813424825668335,1.6731472728020058,121645.0,97.89,203264.0,
578,Random,0.4,91.15,97.87,39.88554120063782,1.6731472728020058,121645.0,97.89,203264.0,
314,Random,0.4,91.1,97.98,39.80469632148743,1.6731472728020058,121645.0,97.89,203264.0,
985,Random,0.4,91.1,98.07,39.88844537734985,1.6731472728020058,121645.0,97.89,203264.0,
605,Random,0.4,91.15,97.93,40.65028429031372,1.6731472728020058,121645.0,97.89,203264.0,
94,Random,0.4,91.1,97.98,39.87811732292175,1.6731472728020058,121645.0,97.89,203264.0,
144,Random,0.4,91.05,97.86,39.80510854721069,1.6731472728020058,121645.0,97.89,203264.0,
184,Random,0.4,91.05,98.01,40.00037503242493,1.6731472728020058,121645.0,97.89,203264.0,
23,Random,0.4,91.05,97.92,39.82850408554077,1.6731472728020058,121645.0,97.89,203264.0,
83,Random,0.4,91.05,97.8,39.91816854476929,1.6731472728020058,121645.0,97.89,203264.0,
548,Random,0.4,91.05,97.85,39.79472041130066,1.6731472728020058,121645.0,97.89,203264.0,
567,Random,0.4,91.05,97.85,39.95046377182007,1.6731472728020058,121645.0,97.89,203264.0,
509,Random,0.4,91.05,97.97,40.88172912597656,1.6731472728020058,121645.0,97.89,203264.0,
873,Random,0.4,91.05,97.86,39.8248610496521,1.6731472728020058,121645.0,97.89,203264.0,
183,Random,0.4,91.0,97.59,39.9549777507782,1.6731472728020058,121645.0,97.89,203264.0,
317,Random,0.4,91.0,98.12,39.835803747177124,1.6731472728020058,121645.0,97.89,203264.0,
187,Random,0.4,91.0,98.0,39.93647646903992,1.6731472728020058,121645.0,97.89,203264.0,
98,Random,0.4,91.0,98.15,39.88195085525513,1.6731472728020058,121645.0,97.89,203264.0,
632,Random,0.4,91.0,97.83,39.893492221832275,1.6731472728020058,121645.0,97.89,203264.0,
665,Random,0.4,91.0,97.81,39.90691304206848,1.6731472728020058,121645.0,97.89,203264.0,
519,Random,0.4,91.0,98.05,40.7011079788208,1.6731472728020058,121645.0,97.89,203264.0,
843,Random,0.4,91.0,97.96,39.89541578292847,1.6731472728020058,121645.0,97.89,203264.0,
978,Random,0.4,90.95,97.81,39.87307691574097,1.6731472728020058,121645.0,97.89,203264.0,
437,Random,0.4,90.95,98.0,39.57278633117676,1.6731472728020058,121645.0,97.89,203264.0,
448,Random,0.4,90.95,97.77,40.25059151649475,1.6731472728020058,121645.0,97.89,203264.0,
451,Random,0.4,90.95,98.25,40.0339252948761,1.6731472728020058,121645.0,97.89,203264.0,
365,Random,0.4,90.9,97.95,39.83691668510437,1.6731472728020058,121645.0,97.89,203264.0,
485,Random,0.4,90.9,97.94,39.798423051834106,1.6731472728020058,121645.0,97.89,203264.0,
78,Random,0.4,90.9,97.8,39.87557005882263,1.6731472728020058,121645.0,97.89,203264.0,
609,Random,0.4,90.95,97.83,40.63113021850586,1.6731472728020058,121645.0,97.89,203264.0,
549,Random,0.4,90.9,97.82,39.85433101654053,1.6731472728020058,121645.0,97.89,203264.0,
666,Random,0.4,90.9,98.14,39.50965118408203,1.6731472728020058,121645.0,97.89,203264.0,
827,Random,0.4,90.9,97.83,40.2879056930542,1.6731472728020058,121645.0,97.89,203264.0,
933,Random,0.4,90.85,98.13,39.920194149017334,1.6731472728020058,121645.0,97.89,203264.0,
677,Random,0.4,90.85,97.98,39.998664140701294,1.6731472728020058,121645.0,97.89,203264.0,
438,Random,0.4,90.8,97.82,39.750779151916504,1.6731472728020058,121645.0,97.89,203264.0,
832,Random,0.4,90.85,97.89,39.964842081069946,1.6731472728020058,121645.0,97.89,203264.0,
59,Random,0.4,90.85,97.93,40.603245973587036,1.6731472728020058,121645.0,97.89,203264.0,
108,Random,0.4,90.8,98.09,39.851150035858154,1.6731472728020058,121645.0,97.89,203264.0,
598,Random,0.4,90.8,98.14,39.55670619010925,1.6731472728020058,121645.0,97.89,203264.0,
822,Random,0.4,90.8,97.89,40.24716830253601,1.6731472728020058,121645.0,97.89,203264.0,
180,Random,0.4,90.75,97.95,40.876798152923584,1.6731472728020058,121645.0,97.89,203264.0,
246,Random,0.4,90.75,97.96,39.81710624694824,1.6731472728020058,121645.0,97.89,203264.0,
268,Random,0.4,90.75,97.96,39.83600568771362,1.6731472728020058,121645.0,97.89,203264.0,
277,Random,0.4,90.75,98.0,39.80310416221619,1.6731472728020058,121645.0,97.89,203264.0,
204,Random,0.4,90.75,97.98,40.61861801147461,1.6731472728020058,121645.0,97.89,203264.0,
461,Random,0.4,90.75,97.93,39.802945375442505,1.6731472728020058,121645.0,97.89,203264.0,
16,Random,0.4,90.75,97.84,39.41870093345642,1.6731472728020058,121645.0,97.89,203264.0,
793,Random,0.4,90.75,97.77,40.15120196342468,1.6731472728020058,121645.0,97.89,203264.0,
137,Random,0.4,90.7,98.05,39.86316657066345,1.6731472728020058,121645.0,97.89,203264.0,
521,Random,0.4,90.7,98.07,39.83333468437195,1.6731472728020058,121645.0,97.89,203264.0,
522,Random,0.4,90.7,97.76,39.73031735420227,1.6731472728020058,121645.0,97.89,203264.0,
952,Random,0.4,90.7,98.12,40.54633378982544,1.6731472728020058,121645.0,97.89,203264.0,
975,Random,0.4,90.7,98.15,40.043893575668335,1.6731472728020058,121645.0,97.89,203264.0,
809,Random,0.4,90.7,97.77,39.80153703689575,1.6731472728020058,121645.0,97.89,203264.0,
825,Random,0.4,90.7,98.01,39.509196043014526,1.6731472728020058,121645.0,97.89,203264.0,
870,Random,0.4,90.7,98.05,40.31831240653992,1.6731472728020058,121645.0,97.89,203264.0,
185,Random,0.4,90.65,97.83,40.0414617061615,1.6731472728020058,121645.0,97.89,203264.0,
915,Random,0.4,90.65,98.07,39.77114295959473,1.6731472728020058,121645.0,97.89,203264.0,
392,Random,0.4,90.65,97.91,39.73607063293457,1.6731472728020058,121645.0,97.89,203264.0,
473,Random,0.4,90.65,97.82,39.80610418319702,1.6731472728020058,121645.0,97.89,203264.0,
255,Random,0.4,90.65,97.9,40.74733352661133,1.6731472728020058,121645.0,97.89,203264.0,
490,Random,0.4,90.65,98.07,39.91711091995239,1.6731472728020058,121645.0,97.89,203264.0,
507,Random,0.4,90.65,98.04,39.486818075180054,1.6731472728020058,121645.0,97.89,203264.0,
755,Random,0.4,90.65,97.87,40.16584539413452,1.6731472728020058,121645.0,97.89,203264.0,
136,Random,0.4,90.6,97.81,40.19350552558899,1.6731472728020058,121645.0,97.89,203264.0,
145,Random,0.4,90.55,98.09,39.826943159103394,1.6731472728020058,121645.0,97.89,203264.0,
201,Random,0.4,90.55,98.02,39.942660331726074,1.6731472728020058,121645.0,97.89,203264.0,
199,Random,0.4,90.6,98.02,40.57437515258789,1.6731472728020058,121645.0,97.89,203264.0,
206,Random,0.4,90.55,97.85,39.86815333366394,1.6731472728020058,121645.0,97.89,203264.0,
221,Random,0.4,90.55,98.05,39.85441470146179,1.6731472728020058,121645.0,97.89,203264.0,
303,Random,0.4,90.55,97.87,39.57299995422363,1.6731472728020058,121645.0,97.89,203264.0,
965,Random,0.4,90.55,98.0,40.31303811073303,1.6731472728020058,121645.0,97.89,203264.0,
995,Random,0.4,90.55,98.02,39.60462689399719,1.6731472728020058,121645.0,97.89,203264.0,
427,Random,0.4,90.55,97.94,39.97842574119568,1.6731472728020058,121645.0,97.89,203264.0,
77,Random,0.4,90.55,97.96,39.840741872787476,1.6731472728020058,121645.0,97.89,203264.0,
80,Random,0.4,90.5,97.97,39.89113664627075,1.6731472728020058,121645.0,97.89,203264.0,
408,Random,0.4,90.55,97.91,40.61944603919983,1.6731472728020058,121645.0,97.89,203264.0,
653,Random,0.4,90.5,97.96,39.93673539161682,1.6731472728020058,121645.0,97.89,203264.0,
664,Random,0.4,90.5,97.75,39.66357064247131,1.6731472728020058,121645.0,97.89,203264.0,
732,Random,0.4,90.5,97.91,40.19898009300232,1.6731472728020058,121645.0,97.89,203264.0,
222,Random,0.4,90.45,97.72,40.04404258728027,1.6731472728020058,121645.0,97.89,203264.0,
533,Random,0.4,90.45,98.15,39.903544902801514,1.6731472728020058,121645.0,97.89,203264.0,
581,Random,0.4,90.45,97.82,39.85010814666748,1.6731472728020058,121645.0,97.89,203264.0,
684,Random,0.4,90.45,97.82,39.83069348335266,1.6731472728020058,121645.0,97.89,203264.0,
929,Random,0.4,90.45,97.88,40.82156538963318,1.6731472728020058,121645.0,97.89,203264.0,
749,Random,0.4,90.45,97.74,39.86139106750488,1.6731472728020058,121645.0,97.89,203264.0,
283,Random,0.4,90.4,97.9,39.54131865501404,1.6731472728020058,121645.0,97.89,203264.0,
374,Random,0.4,90.4,98.03,40.23443937301636,1.6731472728020058,121645.0,97.89,203264.0,
397,Random,0.4,90.4,97.86,39.94073295593262,1.6731472728020058,121645.0,97.89,203264.0,
842,Random,0.4,90.4,98.01,39.860535860061646,1.6731472728020058,121645.0,97.89,203264.0,
575,Random,0.4,90.4,97.72,39.986276626586914,1.6731472728020058,121645.0,97.89,203264.0,
120,Random,0.4,90.4,97.98,40.629454612731934,1.6731472728020058,121645.0,97.89,203264.0,
173,Random,0.4,90.35,98.03,40.046425580978394,1.6731472728020058,121645.0,97.89,203264.0,
223,Random,0.4,90.35,97.96,39.93925166130066,1.6731472728020058,121645.0,97.89,203264.0,
926,Random,0.4,90.35,97.86,39.565701723098755,1.6731472728020058,121645.0,97.89,203264.0,
937,Random,0.4,90.35,98.09,40.26510453224182,1.6731472728020058,121645.0,97.89,203264.0,
45,Random,0.4,90.35,97.92,40.06808018684387,1.6731472728020058,121645.0,97.89,203264.0,
537,Random,0.4,90.35,98.1,39.966201066970825,1.6731472728020058,121645.0,97.89,203264.0,
115,Random,0.4,90.35,97.82,40.637593507766724,1.6731472728020058,121645.0,97.89,203264.0,
554,Random,0.4,90.35,97.96,40.043721437454224,1.6731472728020058,121645.0,97.89,203264.0,
875,Random,0.4,90.35,97.76,40.069475173950195,1.6731472728020058,121645.0,97.89,203264.0,
129,Random,0.4,90.3,97.92,39.993674755096436,1.6731472728020058,121645.0,97.89,203264.0,
176,Random,0.4,90.3,97.91,39.7168288230896,1.6731472728020058,121645.0,97.89,203264.0,
907,Random,0.4,90.3,98.04,40.329734325408936,1.6731472728020058,121645.0,97.89,203264.0,
423,Random,0.4,90.3,97.93,39.906837463378906,1.6731472728020058,121645.0,97.89,203264.0,
89,Random,0.4,90.25,97.79,39.80453562736511,1.6731472728020058,121645.0,97.89,203264.0,
517,Random,0.4,90.25,98.23,40.062758445739746,1.6731472728020058,121645.0,97.89,203264.0,
894,Random,0.4,90.25,98.13,40.66622185707092,1.6731472728020058,121645.0,97.89,203264.0,
775,Random,0.4,90.25,97.97,39.93673539161682,1.6731472728020058,121645.0,97.89,203264.0,
337,Random,0.4,90.2,97.89,40.01324152946472,1.6731472728020058,121645.0,97.89,203264.0,
489,Random,0.4,90.2,97.88,39.549410343170166,1.6731472728020058,121645.0,97.89,203264.0,
541,Random,0.4,90.2,97.78,40.23279809951782,1.6731472728020058,121645.0,97.89,203264.0,
668,Random,0.4,90.2,98.09,40.09188151359558,1.6731472728020058,121645.0,97.89,203264.0,
160,Random,0.4,90.15,97.96,39.72269797325134,1.6731472728020058,121645.0,97.89,203264.0,
200,Random,0.4,90.15,97.8,39.782920360565186,1.6731472728020058,121645.0,97.89,203264.0,
912,Random,0.4,90.15,98.09,39.95236921310425,1.6731472728020058,121645.0,97.89,203264.0,
686,Random,0.4,90.2,97.95,40.62014436721802,1.6731472728020058,121645.0,97.89,203264.0,
741,Random,0.4,90.15,97.88,40.03737545013428,1.6731472728020058,121645.0,97.89,203264.0,
837,Random,0.4,90.15,97.98,39.55751156806946,1.6731472728020058,121645.0,97.89,203264.0,
174,Random,0.4,90.1,97.99,40.51809239387512,1.6731472728020058,121645.0,97.89,203264.0,
364,Random,0.4,90.1,97.95,40.07480502128601,1.6731472728020058,121645.0,97.89,203264.0,
13,Random,0.4,90.1,98.07,39.861891746520996,1.6731472728020058,121645.0,97.89,203264.0,
51,Random,0.4,90.1,98.09,39.987831354141235,1.6731472728020058,121645.0,97.89,203264.0,
275,Random,0.4,90.05,98.05,39.77579689025879,1.6731472728020058,121645.0,97.89,203264.0,
391,Random,0.4,90.1,97.91,40.637484550476074,1.6731472728020058,121645.0,97.89,203264.0,
356,Random,0.4,90.05,97.95,40.33184814453125,1.6731472728020058,121645.0,97.89,203264.0,
454,Random,0.4,90.05,97.8,39.57558751106262,1.6731472728020058,121645.0,97.89,203264.0,
25,Random,0.4,90.05,97.98,40.707101583480835,1.6731472728020058,121645.0,97.89,203264.0,
570,Random,0.4,90.05,97.86,40.131896018981934,1.6731472728020058,121645.0,97.89,203264.0,
529,Random,0.4,90.0,97.95,39.715694427490234,1.6731472728020058,121645.0,97.89,203264.0,
911,Random,0.4,90.0,98.09,40.000105142593384,1.6731472728020058,121645.0,97.89,203264.0,
107,Random,0.4,90.0,97.87,40.011558055877686,1.6731472728020058,121645.0,97.89,203264.0,
217,Random,0.4,90.0,98.08,40.58647036552429,1.6731472728020058,121645.0,97.89,203264.0,
546,Random,0.4,90.0,98.0,39.96336793899536,1.6731472728020058,121645.0,97.89,203264.0,
603,Random,0.4,90.0,97.84,39.45982623100281,1.6731472728020058,121645.0,97.89,203264.0,
742,Random,0.4,90.0,97.79,40.6797981262207,1.6731472728020058,121645.0,97.89,203264.0,
787,Random,0.4,90.0,97.82,39.88763642311096,1.6731472728020058,121645.0,97.89,203264.0,
878,Random,0.4,89.95,97.93,39.954561710357666,1.6731472728020058,121645.0,97.89,203264.0,
394,Random,0.4,89.95,97.99,39.80108380317688,1.6731472728020058,121645.0,97.89,203264.0,
916,Random,0.4,89.95,97.94,40.04435062408447,1.6731472728020058,121645.0,97.89,203264.0,
158,Random,0.4,89.95,97.97,40.61803722381592,1.6731472728020058,121645.0,97.89,203264.0,
7,Random,0.4,89.95,97.98,39.92212128639221,1.6731472728020058,121645.0,97.89,203264.0,
857,Random,0.4,89.95,97.7,39.48124575614929,1.6731472728020058,121645.0,97.89,203264.0,
153,Random,0.4,89.9,97.91,40.523640394210815,1.6731472728020058,121645.0,97.89,203264.0,
192,Random,0.4,89.9,98.06,39.86499857902527,1.6731472728020058,121645.0,97.89,203264.0,
494,Random,0.4,89.9,97.83,39.821839570999146,1.6731472728020058,121645.0,97.89,203264.0,
124,Random,0.4,89.9,97.76,39.87434196472168,1.6731472728020058,121645.0,97.89,203264.0,
583,Random,0.4,89.9,98.03,39.75347900390625,1.6731472728020058,121645.0,97.89,203264.0,
395,Random,0.4,89.9,97.88,40.749541997909546,1.6731472728020058,121645.0,97.89,203264.0,
483,Random,0.4,89.85,97.88,39.98435974121094,1.6731472728020058,121645.0,97.89,203264.0,
253,Random,0.4,89.8,98.01,39.462352991104126,1.6731472728020058,121645.0,97.89,203264.0,
930,Random,0.4,89.8,98.03,40.368958950042725,1.6731472728020058,121645.0,97.89,203264.0,
524,Random,0.4,89.8,98.0,39.86377668380737,1.6731472728020058,121645.0,97.89,203264.0,
550,Random,0.4,89.8,98.03,39.869383096694946,1.6731472728020058,121645.0,97.89,203264.0,
284,Random,0.4,89.75,97.97,39.8370840549469,1.6731472728020058,121645.0,97.89,203264.0,
538,Random,0.4,89.8,97.76,40.622904777526855,1.6731472728020058,121645.0,97.89,203264.0,
544,Random,0.4,89.75,97.69,39.97426176071167,1.6731472728020058,121645.0,97.89,203264.0,
238,Random,0.4,89.7,97.9,39.987733125686646,1.6731472728020058,121645.0,97.89,203264.0,
435,Random,0.4,89.7,97.87,39.444055795669556,1.6731472728020058,121645.0,97.89,203264.0,
116,Random,0.4,89.7,97.91,40.44401812553406,1.6731472728020058,121645.0,97.89,203264.0,
499,Random,0.4,89.65,97.79,40.070804834365845,1.6731472728020058,121645.0,97.89,203264.0,
301,Random,0.4,89.6,97.92,39.703463315963745,1.6731472728020058,121645.0,97.89,203264.0,
900,Random,0.4,89.55,98.06,39.788904905319214,1.6731472728020058,121645.0,97.89,203264.0,
566,Random,0.4,89.65,97.91,40.68429231643677,1.6731472728020058,121645.0,97.89,203264.0,
953,Random,0.4,89.55,98.05,39.988200664520264,1.6731472728020058,121645.0,97.89,203264.0,
957,Random,0.4,89.55,98.0,40.06956601142883,1.6731472728020058,121645.0,97.89,203264.0,
590,Random,0.4,89.55,98.08,39.50047039985657,1.6731472728020058,121645.0,97.89,203264.0,
753,Random,0.4,89.55,98.01,40.488603830337524,1.6731472728020058,121645.0,97.89,203264.0,
859,Random,0.4,89.55,98.16,39.90299344062805,1.6731472728020058,121645.0,97.89,203264.0,
482,Random,0.4,89.45,97.71,39.73286151885986,1.6731472728020058,121645.0,97.89,203264.0,
496,Random,0.4,89.45,97.93,39.90656328201294,1.6731472728020058,121645.0,97.89,203264.0,
245,Random,0.4,89.45,97.88,40.54614973068237,1.6731472728020058,121645.0,97.89,203264.0,
685,Random,0.4,89.45,98.05,39.95642805099487,1.6731472728020058,121645.0,97.89,203264.0,
906,Random,0.4,89.4,97.9,40.011510610580444,1.6731472728020058,121645.0,97.89,203264.0,
552,Random,0.4,89.4,97.88,39.43561267852783,1.6731472728020058,121645.0,97.89,203264.0,
710,Random,0.4,89.4,97.83,40.403255224227905,1.6731472728020058,121645.0,97.89,203264.0,
733,Random,0.4,89.4,97.93,40.07721996307373,1.6731472728020058,121645.0,97.89,203264.0,
883,Random,0.4,89.3,97.82,39.71981883049011,1.6731472728020058,121645.0,97.89,203264.0,
226,Random,0.4,89.3,97.86,39.808799266815186,1.6731472728020058,121645.0,97.89,203264.0,
163,Random,0.4,89.35,97.87,40.62108778953552,1.6731472728020058,121645.0,97.89,203264.0,
696,Random,0.4,89.3,97.96,39.92275524139404,1.6731472728020058,121645.0,97.89,203264.0,
139,Random,0.4,89.25,98.09,39.79804563522339,1.6731472728020058,121645.0,97.89,203264.0,
902,Random,0.4,89.25,97.9,39.60285449028015,1.6731472728020058,121645.0,97.89,203264.0,
52,Random,0.4,89.25,97.8,40.241913080215454,1.6731472728020058,121645.0,97.89,203264.0,
997,Random,0.4,89.2,97.83,40.52110815048218,1.6731472728020058,121645.0,97.89,203264.0,
270,Random,0.4,89.15,97.75,40.00167798995972,1.6731472728020058,121645.0,97.89,203264.0,
954,Random,0.4,89.15,97.96,39.91296195983887,1.6731472728020058,121645.0,97.89,203264.0,
800,Random,0.4,89.15,97.92,39.960893392562866,1.6731472728020058,121645.0,97.89,203264.0,
171,Random,0.4,89.15,97.74,40.57199740409851,1.6731472728020058,121645.0,97.89,203264.0,
155,Random,0.4,89.1,97.9,39.847548484802246,1.6731472728020058,121645.0,97.89,203264.0,
287,Random,0.4,89.1,97.88,39.606687784194946,1.6731472728020058,121645.0,97.89,203264.0,
562,Random,0.4,89.1,98.06,40.30650281906128,1.6731472728020058,121645.0,97.89,203264.0,
688,Random,0.4,89.1,98.09,40.18944478034973,1.6731472728020058,121645.0,97.89,203264.0,
931,Random,0.4,89.05,98.07,39.83047652244568,1.6731472728020058,121645.0,97.89,203264.0,
511,Random,0.4,89.0,97.88,39.68646049499512,1.6731472728020058,121645.0,97.89,203264.0,
881,Random,0.4,89.0,97.83,40.04531526565552,1.6731472728020058,121645.0,97.89,203264.0,
290,Random,0.4,89.05,98.04,40.63096880912781,1.6731472728020058,121645.0,97.89,203264.0,
770,Random,0.4,88.95,97.85,39.94670867919922,1.6731472728020058,121645.0,97.89,203264.0,
467,Random,0.4,88.9,98.07,39.65639281272888,1.6731472728020058,121645.0,97.89,203264.0,
855,Random,0.4,88.9,98.0,40.35405087471008,1.6731472728020058,121645.0,97.89,203264.0,
235,Random,0.4,88.85,97.81,39.987825870513916,1.6731472728020058,121645.0,97.89,203264.0,
495,Random,0.4,88.85,97.82,39.75165629386902,1.6731472728020058,121645.0,97.89,203264.0,
784,Random,0.4,88.85,98.01,39.95812010765076,1.6731472728020058,121645.0,97.89,203264.0,
751,Random,0.4,88.8,97.93,39.7774121761322,1.6731472728020058,121645.0,97.89,203264.0,
372,Random,0.4,88.85,97.86,40.637221574783325,1.6731472728020058,121645.0,97.89,203264.0,
999,Random,0.4,88.75,98.17,39.99570107460022,1.6731472728020058,121645.0,97.89,203264.0,
680,Random,0.4,88.75,97.78,39.61720275878906,1.6731472728020058,121645.0,97.89,203264.0,
991,Random,0.4,88.7,97.59,40.34718990325928,1.6731472728020058,121645.0,97.89,203264.0,
820,Random,0.4,88.7,97.9,40.081717014312744,1.6731472728020058,121645.0,97.89,203264.0,
980,Random,0.4,88.6,97.78,39.97036075592041,1.6731472728020058,121645.0,97.89,203264.0,
272,Random,0.4,88.6,97.97,40.15868902206421,1.6731472728020058,121645.0,97.89,203264.0,
142,Random,0.4,88.65,97.85,40.64282155036926,1.6731472728020058,121645.0,97.89,203264.0,
577,Random,0.4,88.6,97.87,39.977810859680176,1.6731472728020058,121645.0,97.89,203264.0,
765,Random,0.4,88.6,98.03,40.03289008140564,1.6731472728020058,121645.0,97.89,203264.0,
796,Random,0.4,88.6,97.89,39.63180208206177,1.6731472728020058,121645.0,97.89,203264.0,
802,Random,0.4,88.6,97.99,40.333816051483154,1.6731472728020058,121645.0,97.89,203264.0,
285,Random,0.4,88.5,98.05,40.34137177467346,1.6731472728020058,121645.0,97.89,203264.0,
380,Random,0.4,88.4,97.87,39.45536184310913,1.6731472728020058,121645.0,97.89,203264.0,
471,Random,0.4,88.45,98.12,39.69154381752014,1.6731472728020058,121645.0,97.89,203264.0,
67,Random,0.4,88.4,97.71,39.51289749145508,1.6731472728020058,121645.0,97.89,203264.0,
150,Random,0.4,88.35,98.16,39.585527658462524,1.6731472728020058,121645.0,97.89,203264.0,
402,Random,0.4,88.5,98.02,40.42278456687927,1.6731472728020058,121645.0,97.89,203264.0,
430,Random,0.4,88.35,98.13,39.266119718551636,1.6731472728020058,121645.0,97.89,203264.0,
604,Random,0.4,88.35,98.02,40.24455714225769,1.6731472728020058,121645.0,97.89,203264.0,
792,Random,0.4,88.3,98.03,40.74332094192505,1.6731472728020058,121645.0,97.89,203264.0,
662,Random,0.4,88.25,97.91,39.8623526096344,1.6731472728020058,121645.0,97.89,203264.0,
470,Random,0.4,88.25,97.99,40.092692375183105,1.6731472728020058,121645.0,97.89,203264.0,
531,Random,0.4,88.2,97.96,40.020591020584106,1.6731472728020058,121645.0,97.89,203264.0,
877,Random,0.4,88.15,97.99,39.78821325302124,1.6731472728020058,121645.0,97.89,203264.0,
250,Random,0.4,88.25,97.63,40.628427028656006,1.6731472728020058,121645.0,97.89,203264.0,
966,Random,0.4,88.15,97.92,39.58822202682495,1.6731472728020058,121645.0,97.89,203264.0,
612,Random,0.4,88.0,98.0,40.207720041275024,1.6731472728020058,121645.0,97.89,203264.0,
6,Random,0.4,87.95,97.91,40.57779574394226,1.6731472728020058,121645.0,97.89,203264.0,
682,Random,0.4,87.8,97.93,39.83753228187561,1.6731472728020058,121645.0,97.89,203264.0,
121,Random,0.4,87.8,97.9,40.04075622558594,1.6731472728020058,121645.0,97.89,203264.0,
233,Random,0.4,87.75,97.97,39.861841440200806,1.6731472728020058,121645.0,97.89,203264.0,
302,Random,0.4,87.65,97.92,39.35690689086914,1.6731472728020058,121645.0,97.89,203264.0,
442,Random,0.4,87.75,98.06,39.76480984687805,1.6731472728020058,121645.0,97.89,203264.0,
298,Random,0.4,87.8,97.93,40.7212438583374,1.6731472728020058,121645.0,97.89,203264.0,
355,Random,0.4,87.65,98.12,40.240912437438965,1.6731472728020058,121645.0,97.89,203264.0,
879,Random,0.4,87.65,97.9,40.29062843322754,1.6731472728020058,121645.0,97.89,203264.0,
914,Random,0.4,87.55,97.7,39.98666453361511,1.6731472728020058,121645.0,97.89,203264.0,
27,Random,0.4,87.55,97.94,39.72985482215881,1.6731472728020058,121645.0,97.89,203264.0,
117,Random,0.4,87.5,97.83,39.2777943611145,1.6731472728020058,121645.0,97.89,203264.0,
565,Random,0.4,87.5,97.89,39.55164551734924,1.6731472728020058,121645.0,97.89,203264.0,
316,Random,0.4,87.5,98.02,39.23064708709717,1.6731472728020058,121645.0,97.89,203264.0,
181,Random,0.4,87.55,97.98,40.69911170005798,1.6731472728020058,121645.0,97.89,203264.0,
804,Random,0.4,87.5,98.04,40.272624492645264,1.6731472728020058,121645.0,97.89,203264.0,
4,Random,0.4,87.45,97.97,40.74539351463318,1.6731472728020058,121645.0,97.89,203264.0,
276,Random,0.4,87.25,97.93,39.46150469779968,1.6731472728020058,121645.0,97.89,203264.0,
491,Random,0.4,87.4,98.09,39.87236475944519,1.6731472728020058,121645.0,97.89,203264.0,
737,Random,0.4,87.45,98.0,39.94777464866638,1.6731472728020058,121645.0,97.89,203264.0,
525,Random,0.4,87.35,97.93,39.99398231506348,1.6731472728020058,121645.0,97.89,203264.0,
19,Random,0.4,87.25,97.81,39.88012647628784,1.6731472728020058,121645.0,97.89,203264.0,
111,Random,0.4,87.45,97.96,40.84429621696472,1.6731472728020058,121645.0,97.89,203264.0,
109,Random,0.4,87.25,97.95,40.39758253097534,1.6731472728020058,121645.0,97.89,203264.0,
203,Random,0.4,87.2,97.88,40.18351197242737,1.6731472728020058,121645.0,97.89,203264.0,
39,Random,0.4,87.1,97.92,39.72212767601013,1.6731472728020058,121645.0,97.89,203264.0,
584,Random,0.4,87.1,97.89,39.8798611164093,1.6731472728020058,121645.0,97.89,203264.0,
216,Random,0.4,87.05,97.83,40.21143984794617,1.6731472728020058,121645.0,97.89,203264.0,
269,Random,0.4,87.05,97.93,40.189740896224976,1.6731472728020058,121645.0,97.89,203264.0,
208,Random,0.4,87.15,97.8,40.53507423400879,1.6731472728020058,121645.0,97.89,203264.0,
162,Random,0.4,87.0,97.76,40.11544966697693,1.6731472728020058,121645.0,97.89,203264.0,
643,Random,0.4,87.0,97.88,40.2509024143219,1.6731472728020058,121645.0,97.89,203264.0,
415,Random,0.4,86.8,97.98,40.0732684135437,1.6731472728020058,121645.0,97.89,203264.0,
542,Random,0.4,86.75,97.9,39.389568567276,1.6731472728020058,121645.0,97.89,203264.0,
880,Random,0.4,86.65,97.94,39.33140254020691,1.6731472728020058,121645.0,97.89,203264.0,
14,Random,0.4,86.75,97.76,40.21194887161255,1.6731472728020058,121645.0,97.89,203264.0,
731,Random,0.4,86.75,97.76,39.48147201538086,1.6731472728020058,121645.0,97.89,203264.0,
918,Random,0.4,86.7,97.92,39.57263445854187,1.6731472728020058,121645.0,97.89,203264.0,
128,Random,0.4,86.6,97.82,39.589598417282104,1.6731472728020058,121645.0,97.89,203264.0,
335,Random,0.4,86.5,98.06,40.15191340446472,1.6731472728020058,121645.0,97.89,203264.0,
516,Random,0.4,86.5,98.05,40.27642059326172,1.6731472728020058,121645.0,97.89,203264.0,
622,Random,0.4,86.3,97.87,39.63058042526245,1.6731472728020058,121645.0,97.89,203264.0,
660,Random,0.4,86.2,97.9,39.878167152404785,1.6731472728020058,121645.0,97.89,203264.0,
334,Random,0.4,86.2,97.94,39.97271800041199,1.6731472728020058,121645.0,97.89,203264.0,
597,Random,0.4,86.15,97.96,39.95548176765442,1.6731472728020058,121645.0,97.89,203264.0,
888,Random,0.4,86.3,97.89,40.77512288093567,1.6731472728020058,121645.0,97.89,203264.0,
607,Random,0.4,86.15,97.82,40.100576877593994,1.6731472728020058,121645.0,97.89,203264.0,
862,Random,0.4,86.1,98.17,40.14441180229187,1.6731472728020058,121645.0,97.89,203264.0,
31,Random,0.4,86.05,97.93,40.04154562950134,1.6731472728020058,121645.0,97.89,203264.0,
209,Random,0.4,85.9,97.73,39.73582124710083,1.6731472728020058,121645.0,97.89,203264.0,
34,Random,0.4,85.95,97.74,39.82956075668335,1.6731472728020058,121645.0,97.89,203264.0,
88,Random,0.4,86.05,98.08,40.397430419921875,1.6731472728020058,121645.0,97.89,203264.0,
141,Random,0.4,85.85,97.89,39.80174994468689,1.6731472728020058,121645.0,97.89,203264.0,
433,Random,0.4,85.8,97.72,39.75099992752075,1.6731472728020058,121645.0,97.89,203264.0,
563,Random,0.4,85.8,98.05,40.052064180374146,1.6731472728020058,121645.0,97.89,203264.0,
640,Random,0.4,85.8,98.04,40.5007209777832,1.6731472728020058,121645.0,97.89,203264.0,
232,Random,0.4,85.7,97.97,40.35791349411011,1.6731472728020058,121645.0,97.89,203264.0,
808,Random,0.4,85.5,97.92,39.411614418029785,1.6731472728020058,121645.0,97.89,203264.0,
895,Random,0.4,85.4,97.86,39.790244340896606,1.6731472728020058,121645.0,97.89,203264.0,
463,Random,0.4,85.5,97.97,39.9441397190094,1.6731472728020058,121645.0,97.89,203264.0,
998,Random,0.4,85.4,97.97,39.840847969055176,1.6731472728020058,121645.0,97.89,203264.0,
505,Random,0.4,85.55,98.05,40.53320789337158,1.6731472728020058,121645.0,97.89,203264.0,
227,Random,0.4,85.25,97.73,40.02692747116089,1.6731472728020058,121645.0,97.89,203264.0,
421,Random,0.4,85.25,97.83,40.584065437316895,1.6731472728020058,121645.0,97.89,203264.0,
863,Random,0.4,85.2,98.12,40.589810609817505,1.6731472728020058,121645.0,97.89,203264.0,
981,Random,0.4,85.05,97.87,39.85662770271301,1.6731472728020058,121645.0,97.89,203264.0,
974,Random,0.4,84.95,97.86,39.848965644836426,1.6731472728020058,121645.0,97.89,203264.0,
497,Random,0.4,85.1,97.95,40.385677337646484,1.6731472728020058,121645.0,97.89,203264.0,
547,Random,0.4,85.1,97.72,40.11213183403015,1.6731472728020058,121645.0,97.89,203264.0,
558,Random,0.4,84.85,98.07,39.71276092529297,1.6731472728020058,121645.0,97.89,203264.0,
101,Random,0.4,84.8,97.98,39.930049896240234,1.6731472728020058,121645.0,97.89,203264.0,
211,Random,0.4,84.7,97.96,41.08804488182068,1.6731472728020058,121645.0,97.89,203264.0,
443,Random,0.4,84.65,97.68,40.16771101951599,1.6731472728020058,121645.0,97.89,203264.0,
841,Random,0.4,84.65,97.87,39.557037591934204,1.6731472728020058,121645.0,97.89,203264.0,
636,Random,0.4,84.65,98.04,39.852290630340576,1.6731472728020058,121645.0,97.89,203264.0,
650,Random,0.4,84.6,97.74,39.745707273483276,1.6731472728020058,121645.0,97.89,203264.0,
388,Random,0.4,84.6,98.06,39.9771466255188,1.6731472728020058,121645.0,97.89,203264.0,
90,Random,0.4,84.65,98.17,40.67715835571289,1.6731472728020058,121645.0,97.89,203264.0,
310,Random,0.4,84.5,98.08,39.962403774261475,1.6731472728020058,121645.0,97.89,203264.0,
439,Random,0.4,84.45,97.84,40.1699435710907,1.6731472728020058,121645.0,97.89,203264.0,
92,Random,0.4,84.3,97.54,39.82876491546631,1.6731472728020058,121645.0,97.89,203264.0,
146,Random,0.4,83.9,97.89,39.82666778564453,1.6731472728020058,121645.0,97.89,203264.0,
328,Random,0.4,83.9,98.07,39.79939556121826,1.6731472728020058,121645.0,97.89,203264.0,
977,Random,0.4,83.4,97.89,39.84352493286133,1.6731472728020058,121645.0,97.89,203264.0,
624,Random,0.4,84.25,97.87,40.39253067970276,1.6731472728020058,121645.0,97.89,203264.0,
523,Random,0.4,83.35,97.83,39.8660888671875,1.6731472728020058,121645.0,97.89,203264.0,
591,Random,0.4,83.15,97.98,39.97161030769348,1.6731472728020058,121645.0,97.89,203264.0,
901,Random,0.4,83.1,97.82,40.360817670822144,1.6731472728020058,121645.0,97.89,203264.0,
99,Random,0.4,82.95,98.09,39.854074478149414,1.6731472728020058,121645.0,97.89,203264.0,
292,Random,0.4,82.8,97.93,39.71918845176697,1.6731472728020058,121645.0,97.89,203264.0,
260,Random,0.4,81.95,97.89,39.696208000183105,1.6731472728020058,121645.0,97.89,203264.0,
307,Random,0.4,82.7,97.85,40.10049510002136,1.6731472728020058,121645.0,97.89,203264.0,
818,Random,0.4,82.95,97.83,40.712706565856934,1.6731472728020058,121645.0,97.89,203264.0,
404,Random,0.4,81.7,97.84,39.90094232559204,1.6731472728020058,121645.0,97.89,203264.0,
869,Random,0.4,80.95,97.93,39.910199880599976,1.6731472728020058,121645.0,97.89,203264.0,
794,Random,0.4,80.25,98.01,40.93633460998535,1.6731472728020058,121645.0,97.89,203264.0,
472,Random,0.4,80.2,98.06,39.9475998878479,1.6731472728020058,121645.0,97.89,203264.0,
172,Random,0.4,79.65,97.77,39.9205687046051,1.6731472728020058,121645.0,97.89,203264.0,
690,Random,0.4,79.9,98.12,40.604013442993164,1.6731472728020058,121645.0,97.89,203264.0,
803,Random,0.4,79.5,97.76,39.87914538383484,1.6731472728020058,121645.0,97.89,203264.0,
767,Random,0.4,77.35,98.01,39.94713258743286,1.6731472728020058,121645.0,97.89,203264.0,
154,Random,0.4,79.55,97.93,40.46100425720215,1.6731472728020058,121645.0,97.89,203264.0,
979,Random,0.4,76.85,97.99,39.96989154815674,1.6731472728020058,121645.0,97.89,203264.0,
592,Random,0.4,75.25,97.95,40.4249222278595,1.6731472728020058,121645.0,97.89,203264.0,
942,Random,0.4,74.65,98.18,40.04270100593567,1.6731472728020058,121645.0,97.89,203264.0,
1,Spectral,0.4,,98.02,26.05483889579773,1.6622835674616139,122440.0,97.89,203264.0,122276.0
