Iteration,Method,Prune_Ratio,Baseline_Candidate_Acc,Accuracy_After_Finetuning,Training_Time_sec,Compression_Rate,Params,Baseline_Accuracy,Baseline_FLOPs,Pruned_FLOPs
1000,Random,0.2,89.25,88.72,78.9415853023529,1.2548862445280227,162190.0,88.71,203264.0,
983,Random,0.2,89.15,88.74,78.56351208686829,1.2548862445280227,162190.0,88.71,203264.0,
628,Random,0.2,89.05,88.85,78.36234426498413,1.2548862445280227,162190.0,88.71,203264.0,
221,Random,0.2,89.15,89.22,81.26226449012756,1.2548862445280227,162190.0,88.71,203264.0,
346,Random,0.2,89.1,88.96,78.8286919593811,1.2548862445280227,162190.0,88.71,203264.0,
93,Random,0.2,89.05,88.93,79.3633599281311,1.2548862445280227,162190.0,88.71,203264.0,
334,Random,0.2,89.05,88.65,85.66351675987244,1.2548862445280227,162190.0,88.71,203264.0,
769,Random,0.2,89.05,88.61,73.7562084197998,1.2548862445280227,162190.0,88.71,203264.0,
935,Random,0.2,89.0,88.4,74.37560963630676,1.2548862445280227,162190.0,88.71,203264.0,
202,Random,0.2,89.0,89.2,73.85114550590515,1.2548862445280227,162190.0,88.71,203264.0,
530,Random,0.2,88.95,89.07,73.34062337875366,1.2548862445280227,162190.0,88.71,203264.0,
499,Random,0.2,88.95,89.28,75.04842972755432,1.2548862445280227,162190.0,88.71,203264.0,
765,Random,0.2,89.0,88.57,75.53113079071045,1.2548862445280227,162190.0,88.71,203264.0,
872,Random,0.2,88.95,89.16,71.89047980308533,1.2548862445280227,162190.0,88.71,203264.0,
901,Random,0.2,88.95,88.7,71.76240849494934,1.2548862445280227,162190.0,88.71,203264.0,
238,Random,0.2,88.95,88.57,70.71797513961792,1.2548862445280227,162190.0,88.71,203264.0,
658,Random,0.2,88.9,88.67,70.40427827835083,1.2548862445280227,162190.0,88.71,203264.0,
686,Random,0.2,88.9,88.67,79.40700483322144,1.2548862445280227,162190.0,88.71,203264.0,
359,Random,0.2,88.9,88.67,84.72181701660156,1.2548862445280227,162190.0,88.71,203264.0,
884,Random,0.2,88.9,88.71,80.33033394813538,1.2548862445280227,162190.0,88.71,203264.0,
766,Random,0.2,88.9,89.14,80.35318183898926,1.2548862445280227,162190.0,88.71,203264.0,
342,Random,0.2,88.85,88.65,71.43395400047302,1.2548862445280227,162190.0,88.71,203264.0,
889,Random,0.2,88.85,88.87,75.95641016960144,1.2548862445280227,162190.0,88.71,203264.0,
270,Random,0.2,88.85,88.69,72.5393340587616,1.2548862445280227,162190.0,88.71,203264.0,
301,Random,0.2,88.8,88.49,75.85191679000854,1.2548862445280227,162190.0,88.71,203264.0,
18,Random,0.2,88.85,88.7,80.55608296394348,1.2548862445280227,162190.0,88.71,203264.0,
723,Random,0.2,88.85,88.67,80.94300746917725,1.2548862445280227,162190.0,88.71,203264.0,
440,Random,0.2,88.8,88.32,82.94299077987671,1.2548862445280227,162190.0,88.71,203264.0,
422,Random,0.2,88.8,89.02,60.66940712928772,1.2548862445280227,162190.0,88.71,203264.0,
390,Random,0.2,88.8,89.1,70.47456645965576,1.2548862445280227,162190.0,88.71,203264.0,
164,Random,0.2,88.8,89.17,69.16677570343018,1.2548862445280227,162190.0,88.71,203264.0,
756,Random,0.2,88.8,88.53,74.61837887763977,1.2548862445280227,162190.0,88.71,203264.0,
136,Random,0.2,88.8,89.1,78.90751004219055,1.2548862445280227,162190.0,88.71,203264.0,
837,Random,0.2,88.8,88.97,75.74810433387756,1.2548862445280227,162190.0,88.71,203264.0,
474,Random,0.2,88.75,89.18,75.78205943107605,1.2548862445280227,162190.0,88.71,203264.0,
526,Random,0.2,88.75,88.96,71.66685605049133,1.2548862445280227,162190.0,88.71,203264.0,
407,Random,0.2,88.75,88.94,69.36491870880127,1.2548862445280227,162190.0,88.71,203264.0,
980,Random,0.2,88.75,89.23,68.2294933795929,1.2548862445280227,162190.0,88.71,203264.0,
801,Random,0.2,88.75,89.16,61.835734128952026,1.2548862445280227,162190.0,88.71,203264.0,
231,Random,0.2,88.75,88.77,68.34742546081543,1.2548862445280227,162190.0,88.71,203264.0,
836,Random,0.2,88.75,89.02,65.09766340255737,1.2548862445280227,162190.0,88.71,203264.0,
37,Random,0.2,88.75,88.95,73.9760205745697,1.2548862445280227,162190.0,88.71,203264.0,
442,Random,0.2,88.7,88.81,74.55952787399292,1.2548862445280227,162190.0,88.71,203264.0,
525,Random,0.2,88.7,88.78,70.73740577697754,1.2548862445280227,162190.0,88.71,203264.0,
297,Random,0.2,88.7,88.43,70.20963263511658,1.2548862445280227,162190.0,88.71,203264.0,
997,Random,0.2,88.7,87.72,70.22977042198181,1.2548862445280227,162190.0,88.71,203264.0,
613,Random,0.2,88.7,88.99,72.56317186355591,1.2548862445280227,162190.0,88.71,203264.0,
7,Random,0.2,88.7,88.91,71.34737944602966,1.2548862445280227,162190.0,88.71,203264.0,
60,Random,0.2,88.7,88.93,68.85686898231506,1.2548862445280227,162190.0,88.71,203264.0,
457,Random,0.2,88.65,88.83,71.64764976501465,1.2548862445280227,162190.0,88.71,203264.0,
818,Random,0.2,88.7,88.67,73.39311814308167,1.2548862445280227,162190.0,88.71,203264.0,
508,Random,0.2,88.65,88.64,75.68601036071777,1.2548862445280227,162190.0,88.71,203264.0,
299,Random,0.2,88.65,88.55,79.72332525253296,1.2548862445280227,162190.0,88.71,203264.0,
325,Random,0.2,88.65,88.77,80.68556427955627,1.2548862445280227,162190.0,88.71,203264.0,
418,Random,0.2,88.65,88.55,78.46341300010681,1.2548862445280227,162190.0,88.71,203264.0,
589,Random,0.2,88.65,89.14,85.32143521308899,1.2548862445280227,162190.0,88.71,203264.0,
597,Random,0.2,88.65,88.9,75.74778723716736,1.2548862445280227,162190.0,88.71,203264.0,
619,Random,0.2,88.65,88.93,77.02914094924927,1.2548862445280227,162190.0,88.71,203264.0,
625,Random,0.2,88.65,88.96,74.25338673591614,1.2548862445280227,162190.0,88.71,203264.0,
685,Random,0.2,88.65,88.97,63.384742975234985,1.2548862445280227,162190.0,88.71,203264.0,
629,Random,0.2,88.65,88.51,69.36330580711365,1.2548862445280227,162190.0,88.71,203264.0,
667,Random,0.2,88.65,88.48,66.90443301200867,1.2548862445280227,162190.0,88.71,203264.0,
861,Random,0.2,88.65,88.88,69.8065733909607,1.2548862445280227,162190.0,88.71,203264.0,
879,Random,0.2,88.65,89.28,76.38937139511108,1.2548862445280227,162190.0,88.71,203264.0,
916,Random,0.2,88.65,88.94,74.52217078208923,1.2548862445280227,162190.0,88.71,203264.0,
919,Random,0.2,88.65,88.16,74.99609422683716,1.2548862445280227,162190.0,88.71,203264.0,
999,Random,0.2,88.65,88.48,70.35232281684875,1.2548862445280227,162190.0,88.71,203264.0,
232,Random,0.2,88.65,88.62,73.72803378105164,1.2548862445280227,162190.0,88.71,203264.0,
262,Random,0.2,88.65,88.93,75.18384289741516,1.2548862445280227,162190.0,88.71,203264.0,
281,Random,0.2,88.65,89.31,77.78201007843018,1.2548862445280227,162190.0,88.71,203264.0,
282,Random,0.2,88.65,88.77,68.16295409202576,1.2548862445280227,162190.0,88.71,203264.0,
56,Random,0.2,88.65,88.79,69.18796515464783,1.2548862445280227,162190.0,88.71,203264.0,
71,Random,0.2,88.65,88.88,67.4634428024292,1.2548862445280227,162190.0,88.71,203264.0,
725,Random,0.2,88.65,88.99,62.35512161254883,1.2548862445280227,162190.0,88.71,203264.0,
745,Random,0.2,88.65,89.21,61.830519676208496,1.2548862445280227,162190.0,88.71,203264.0,
828,Random,0.2,88.65,89.05,72.40597295761108,1.2548862445280227,162190.0,88.71,203264.0,
841,Random,0.2,88.65,88.54,60.74004769325256,1.2548862445280227,162190.0,88.71,203264.0,
843,Random,0.2,88.65,88.45,56.15056037902832,1.2548862445280227,162190.0,88.71,203264.0,
520,Random,0.2,88.6,88.03,57.20978546142578,1.2548862445280227,162190.0,88.71,203264.0,
375,Random,0.2,88.6,88.67,57.360376596450806,1.2548862445280227,162190.0,88.71,203264.0,
382,Random,0.2,88.6,89.01,55.59782886505127,1.2548862445280227,162190.0,88.71,203264.0,
675,Random,0.2,88.6,88.87,58.541449546813965,1.2548862445280227,162190.0,88.71,203264.0,
968,Random,0.2,88.6,89.35,61.66612935066223,1.2548862445280227,162190.0,88.71,203264.0,
154,Random,0.2,88.6,88.67,65.01192784309387,1.2548862445280227,162190.0,88.71,203264.0,
189,Random,0.2,88.6,89.04,63.99690628051758,1.2548862445280227,162190.0,88.71,203264.0,
43,Random,0.2,88.6,88.74,63.917373180389404,1.2548862445280227,162190.0,88.71,203264.0,
118,Random,0.2,88.6,88.92,67.24655628204346,1.2548862445280227,162190.0,88.71,203264.0,
142,Random,0.2,88.6,88.62,72.29446816444397,1.2548862445280227,162190.0,88.71,203264.0,
858,Random,0.2,88.6,88.91,67.30116486549377,1.2548862445280227,162190.0,88.71,203264.0,
482,Random,0.2,88.55,89.03,67.67178273200989,1.2548862445280227,162190.0,88.71,203264.0,
561,Random,0.2,88.55,88.1,71.68034958839417,1.2548862445280227,162190.0,88.71,203264.0,
303,Random,0.2,88.55,88.9,65.93270635604858,1.2548862445280227,162190.0,88.71,203264.0,
364,Random,0.2,88.55,89.03,64.83485627174377,1.2548862445280227,162190.0,88.71,203264.0,
707,Random,0.2,88.55,88.08,65.54549622535706,1.2548862445280227,162190.0,88.71,203264.0,
864,Random,0.2,88.55,88.86,69.84919095039368,1.2548862445280227,162190.0,88.71,203264.0,
998,Random,0.2,88.55,89.02,69.20713806152344,1.2548862445280227,162190.0,88.71,203264.0,
162,Random,0.2,88.55,88.27,71.79038429260254,1.2548862445280227,162190.0,88.71,203264.0,
168,Random,0.2,88.55,88.76,74.03630423545837,1.2548862445280227,162190.0,88.71,203264.0,
227,Random,0.2,88.55,88.82,66.96295976638794,1.2548862445280227,162190.0,88.71,203264.0,
233,Random,0.2,88.55,88.78,67.75817465782166,1.2548862445280227,162190.0,88.71,203264.0,
275,Random,0.2,88.55,88.57,66.53975009918213,1.2548862445280227,162190.0,88.71,203264.0,
50,Random,0.2,88.55,88.7,64.75142359733582,1.2548862445280227,162190.0,88.71,203264.0,
24,Random,0.2,88.55,88.44,67.6739752292633,1.2548862445280227,162190.0,88.71,203264.0,
63,Random,0.2,88.55,87.76,63.68184804916382,1.2548862445280227,162190.0,88.71,203264.0,
809,Random,0.2,88.55,88.73,68.00832438468933,1.2548862445280227,162190.0,88.71,203264.0,
479,Random,0.2,88.5,88.48,68.23432922363281,1.2548862445280227,162190.0,88.71,203264.0,
494,Random,0.2,88.5,88.56,68.32118892669678,1.2548862445280227,162190.0,88.71,203264.0,
536,Random,0.2,88.5,88.99,70.36601161956787,1.2548862445280227,162190.0,88.71,203264.0,
542,Random,0.2,88.5,88.98,63.32522392272949,1.2548862445280227,162190.0,88.71,203264.0,
374,Random,0.2,88.5,88.72,75.92750358581543,1.2548862445280227,162190.0,88.71,203264.0,
394,Random,0.2,88.5,88.81,69.81786489486694,1.2548862445280227,162190.0,88.71,203264.0,
591,Random,0.2,88.5,88.98,70.15626788139343,1.2548862445280227,162190.0,88.71,203264.0,
606,Random,0.2,88.5,88.42,66.1931483745575,1.2548862445280227,162190.0,88.71,203264.0,
618,Random,0.2,88.5,88.49,65.69452476501465,1.2548862445280227,162190.0,88.71,203264.0,
654,Random,0.2,88.5,89.06,66.01635575294495,1.2548862445280227,162190.0,88.71,203264.0,
945,Random,0.2,88.5,89.38,60.11099624633789,1.2548862445280227,162190.0,88.71,203264.0,
276,Random,0.2,88.5,88.99,61.12961935997009,1.2548862445280227,162190.0,88.71,203264.0,
212,Random,0.2,88.5,88.67,69.99477338790894,1.2548862445280227,162190.0,88.71,203264.0,
278,Random,0.2,88.5,88.68,65.19046688079834,1.2548862445280227,162190.0,88.71,203264.0,
49,Random,0.2,88.5,88.93,60.40408706665039,1.2548862445280227,162190.0,88.71,203264.0,
73,Random,0.2,88.5,89.16,66.37447619438171,1.2548862445280227,162190.0,88.71,203264.0,
75,Random,0.2,88.5,88.33,62.21518659591675,1.2548862445280227,162190.0,88.71,203264.0,
89,Random,0.2,88.5,88.38,62.03819537162781,1.2548862445280227,162190.0,88.71,203264.0,
98,Random,0.2,88.5,89.18,63.4114887714386,1.2548862445280227,162190.0,88.71,203264.0,
724,Random,0.2,88.5,88.99,70.62882041931152,1.2548862445280227,162190.0,88.71,203264.0,
785,Random,0.2,88.5,88.87,66.18374466896057,1.2548862445280227,162190.0,88.71,203264.0,
509,Random,0.2,88.45,89.39,64.65645289421082,1.2548862445280227,162190.0,88.71,203264.0,
568,Random,0.2,88.45,88.78,64.35249018669128,1.2548862445280227,162190.0,88.71,203264.0,
922,Random,0.2,88.45,89.03,59.96592450141907,1.2548862445280227,162190.0,88.71,203264.0,
396,Random,0.2,88.45,88.74,66.38662815093994,1.2548862445280227,162190.0,88.71,203264.0,
923,Random,0.2,88.45,88.76,59.25463128089905,1.2548862445280227,162190.0,88.71,203264.0,
169,Random,0.2,88.45,88.19,72.30017828941345,1.2548862445280227,162190.0,88.71,203264.0,
114,Random,0.2,88.45,88.85,62.854400873184204,1.2548862445280227,162190.0,88.71,203264.0,
55,Random,0.2,88.45,88.05,65.9405837059021,1.2548862445280227,162190.0,88.71,203264.0,
722,Random,0.2,88.45,88.65,61.5909218788147,1.2548862445280227,162190.0,88.71,203264.0,
492,Random,0.2,88.4,88.49,62.085688829422,1.2548862445280227,162190.0,88.71,203264.0,
788,Random,0.2,88.45,88.54,65.39747262001038,1.2548862445280227,162190.0,88.71,203264.0,
539,Random,0.2,88.4,88.76,66.89270639419556,1.2548862445280227,162190.0,88.71,203264.0,
368,Random,0.2,88.4,88.24,63.936147689819336,1.2548862445280227,162190.0,88.71,203264.0,
429,Random,0.2,88.4,88.75,67.00395607948303,1.2548862445280227,162190.0,88.71,203264.0,
648,Random,0.2,88.4,88.3,62.84786534309387,1.2548862445280227,162190.0,88.71,203264.0,
635,Random,0.2,88.4,88.91,66.97155237197876,1.2548862445280227,162190.0,88.71,203264.0,
653,Random,0.2,88.4,88.7,63.33738088607788,1.2548862445280227,162190.0,88.71,203264.0,
677,Random,0.2,88.4,88.68,62.39329409599304,1.2548862445280227,162190.0,88.71,203264.0,
682,Random,0.2,88.4,88.68,63.01710271835327,1.2548862445280227,162190.0,88.71,203264.0,
695,Random,0.2,88.4,89.15,66.43563055992126,1.2548862445280227,162190.0,88.71,203264.0,
702,Random,0.2,88.4,88.59,65.70535349845886,1.2548862445280227,162190.0,88.71,203264.0,
704,Random,0.2,88.4,88.19,67.47119688987732,1.2548862445280227,162190.0,88.71,203264.0,
941,Random,0.2,88.4,88.87,65.0319755077362,1.2548862445280227,162190.0,88.71,203264.0,
226,Random,0.2,88.4,88.76,64.18300652503967,1.2548862445280227,162190.0,88.71,203264.0,
918,Random,0.2,88.4,88.67,68.31083726882935,1.2548862445280227,162190.0,88.71,203264.0,
228,Random,0.2,88.4,88.98,66.3918821811676,1.2548862445280227,162190.0,88.71,203264.0,
4,Random,0.2,88.4,88.77,67.47428250312805,1.2548862445280227,162190.0,88.71,203264.0,
822,Random,0.2,88.4,88.46,63.937878370285034,1.2548862445280227,162190.0,88.71,203264.0,
462,Random,0.2,88.35,88.77,62.050894260406494,1.2548862445280227,162190.0,88.71,203264.0,
111,Random,0.2,88.4,89.01,68.45951747894287,1.2548862445280227,162190.0,88.71,203264.0,
551,Random,0.2,88.35,89.04,65.23285984992981,1.2548862445280227,162190.0,88.71,203264.0,
459,Random,0.2,88.35,88.6,65.23607635498047,1.2548862445280227,162190.0,88.71,203264.0,
332,Random,0.2,88.35,88.19,66.57715725898743,1.2548862445280227,162190.0,88.71,203264.0,
610,Random,0.2,88.35,88.94,65.32113528251648,1.2548862445280227,162190.0,88.71,203264.0,
379,Random,0.2,88.35,88.66,76.61606216430664,1.2548862445280227,162190.0,88.71,203264.0,
578,Random,0.2,88.35,88.88,70.84269666671753,1.2548862445280227,162190.0,88.71,203264.0,
881,Random,0.2,88.35,88.78,66.35145735740662,1.2548862445280227,162190.0,88.71,203264.0,
992,Random,0.2,88.35,88.2,69.48124146461487,1.2548862445280227,162190.0,88.71,203264.0,
713,Random,0.2,88.35,88.68,80.22751235961914,1.2548862445280227,162190.0,88.71,203264.0,
199,Random,0.2,88.35,89.02,58.49258375167847,1.2548862445280227,162190.0,88.71,203264.0,
235,Random,0.2,88.35,88.64,61.672919511795044,1.2548862445280227,162190.0,88.71,203264.0,
32,Random,0.2,88.35,89.11,65.22841691970825,1.2548862445280227,162190.0,88.71,203264.0,
8,Random,0.2,88.35,89.21,68.7675564289093,1.2548862445280227,162190.0,88.71,203264.0,
77,Random,0.2,88.35,88.47,69.0087456703186,1.2548862445280227,162190.0,88.71,203264.0,
260,Random,0.2,88.35,88.71,77.87217378616333,1.2548862445280227,162190.0,88.71,203264.0,
78,Random,0.2,88.35,88.74,72.3548595905304,1.2548862445280227,162190.0,88.71,203264.0,
134,Random,0.2,88.35,89.02,71.0602195262909,1.2548862445280227,162190.0,88.71,203264.0,
141,Random,0.2,88.35,89.1,73.64374947547913,1.2548862445280227,162190.0,88.71,203264.0,
719,Random,0.2,88.35,88.86,79.10015320777893,1.2548862445280227,162190.0,88.71,203264.0,
743,Random,0.2,88.35,89.14,75.61594772338867,1.2548862445280227,162190.0,88.71,203264.0,
798,Random,0.2,88.35,88.64,75.88078570365906,1.2548862445280227,162190.0,88.71,203264.0,
850,Random,0.2,88.35,88.71,83.05144500732422,1.2548862445280227,162190.0,88.71,203264.0,
498,Random,0.2,88.3,88.41,81.89559626579285,1.2548862445280227,162190.0,88.71,203264.0,
288,Random,0.2,88.3,88.51,74.32200455665588,1.2548862445280227,162190.0,88.71,203264.0,
328,Random,0.2,88.3,88.79,76.38491797447205,1.2548862445280227,162190.0,88.71,203264.0,
345,Random,0.2,88.3,89.42,77.73208928108215,1.2548862445280227,162190.0,88.71,203264.0,
330,Random,0.2,88.3,88.79,78.9955723285675,1.2548862445280227,162190.0,88.71,203264.0,
360,Random,0.2,88.3,88.43,77.064453125,1.2548862445280227,162190.0,88.71,203264.0,
414,Random,0.2,88.3,88.5,81.15864300727844,1.2548862445280227,162190.0,88.71,203264.0,
604,Random,0.2,88.3,88.5,75.11212992668152,1.2548862445280227,162190.0,88.71,203264.0,
423,Random,0.2,88.3,89.06,77.44403767585754,1.2548862445280227,162190.0,88.71,203264.0,
627,Random,0.2,88.3,89.16,75.21512174606323,1.2548862445280227,162190.0,88.71,203264.0,
714,Random,0.2,88.3,88.95,74.97505927085876,1.2548862445280227,162190.0,88.71,203264.0,
867,Random,0.2,88.3,88.8,77.5351288318634,1.2548862445280227,162190.0,88.71,203264.0,
925,Random,0.2,88.3,88.95,76.79771399497986,1.2548862445280227,162190.0,88.71,203264.0,
990,Random,0.2,88.3,88.75,75.03833556175232,1.2548862445280227,162190.0,88.71,203264.0,
948,Random,0.2,88.3,89.25,83.4108636379242,1.2548862445280227,162190.0,88.71,203264.0,
188,Random,0.2,88.3,88.43,76.83549427986145,1.2548862445280227,162190.0,88.71,203264.0,
217,Random,0.2,88.3,88.48,72.44553112983704,1.2548862445280227,162190.0,88.71,203264.0,
286,Random,0.2,88.3,88.26,72.18643260002136,1.2548862445280227,162190.0,88.71,203264.0,
97,Random,0.2,88.3,89.17,70.24892258644104,1.2548862445280227,162190.0,88.71,203264.0,
39,Random,0.2,88.3,88.64,79.18566083908081,1.2548862445280227,162190.0,88.71,203264.0,
103,Random,0.2,88.3,88.17,75.44982576370239,1.2548862445280227,162190.0,88.71,203264.0,
120,Random,0.2,88.3,88.64,77.6600432395935,1.2548862445280227,162190.0,88.71,203264.0,
718,Random,0.2,88.3,88.42,76.37771391868591,1.2548862445280227,162190.0,88.71,203264.0,
456,Random,0.2,88.25,88.76,74.82824182510376,1.2548862445280227,162190.0,88.71,203264.0,
529,Random,0.2,88.25,89.12,77.37797045707703,1.2548862445280227,162190.0,88.71,203264.0,
339,Random,0.2,88.25,89.11,75.8246078491211,1.2548862445280227,162190.0,88.71,203264.0,
370,Random,0.2,88.25,88.3,74.52994799613953,1.2548862445280227,162190.0,88.71,203264.0,
371,Random,0.2,88.25,88.89,73.90330266952515,1.2548862445280227,162190.0,88.71,203264.0,
387,Random,0.2,88.25,88.96,72.78543138504028,1.2548862445280227,162190.0,88.71,203264.0,
402,Random,0.2,88.25,88.73,72.63522911071777,1.2548862445280227,162190.0,88.71,203264.0,
580,Random,0.2,88.25,88.85,69.685142993927,1.2548862445280227,162190.0,88.71,203264.0,
886,Random,0.2,88.25,89.06,61.59220504760742,1.2548862445280227,162190.0,88.71,203264.0,
690,Random,0.2,88.25,88.87,68.395028591156,1.2548862445280227,162190.0,88.71,203264.0,
651,Random,0.2,88.25,89.0,72.39198732376099,1.2548862445280227,162190.0,88.71,203264.0,
965,Random,0.2,88.25,88.77,62.59210968017578,1.2548862445280227,162190.0,88.71,203264.0,
167,Random,0.2,88.25,88.63,66.71467661857605,1.2548862445280227,162190.0,88.71,203264.0,
173,Random,0.2,88.25,89.35,66.29034686088562,1.2548862445280227,162190.0,88.71,203264.0,
237,Random,0.2,88.25,89.07,59.12339425086975,1.2548862445280227,162190.0,88.71,203264.0,
10,Random,0.2,88.25,88.86,59.71570420265198,1.2548862445280227,162190.0,88.71,203264.0,
762,Random,0.2,88.25,89.21,59.69250273704529,1.2548862445280227,162190.0,88.71,203264.0,
140,Random,0.2,88.25,89.2,70.35096335411072,1.2548862445280227,162190.0,88.71,203264.0,
65,Random,0.2,88.25,88.85,72.4654586315155,1.2548862445280227,162190.0,88.71,203264.0,
436,Random,0.2,88.2,88.9,69.00102233886719,1.2548862445280227,162190.0,88.71,203264.0,
799,Random,0.2,88.25,87.97,70.60313558578491,1.2548862445280227,162190.0,88.71,203264.0,
450,Random,0.2,88.2,88.88,65.11702990531921,1.2548862445280227,162190.0,88.71,203264.0,
487,Random,0.2,88.2,88.94,69.16139602661133,1.2548862445280227,162190.0,88.71,203264.0,
556,Random,0.2,88.2,88.9,67.01792216300964,1.2548862445280227,162190.0,88.71,203264.0,
312,Random,0.2,88.2,88.95,67.59531378746033,1.2548862445280227,162190.0,88.71,203264.0,
548,Random,0.2,88.2,89.04,68.19927883148193,1.2548862445280227,162190.0,88.71,203264.0,
318,Random,0.2,88.2,88.26,66.66396951675415,1.2548862445280227,162190.0,88.71,203264.0,
386,Random,0.2,88.2,88.76,71.78271198272705,1.2548862445280227,162190.0,88.71,203264.0,
393,Random,0.2,88.2,88.63,69.9376814365387,1.2548862445280227,162190.0,88.71,203264.0,
408,Random,0.2,88.2,89.02,76.6991331577301,1.2548862445280227,162190.0,88.71,203264.0,
611,Random,0.2,88.2,89.16,65.81042766571045,1.2548862445280227,162190.0,88.71,203264.0,
650,Random,0.2,88.2,88.91,68.9322292804718,1.2548862445280227,162190.0,88.71,203264.0,
633,Random,0.2,88.2,89.05,70.25637912750244,1.2548862445280227,162190.0,88.71,203264.0,
669,Random,0.2,88.2,88.6,64.59663653373718,1.2548862445280227,162190.0,88.71,203264.0,
683,Random,0.2,88.2,89.21,70.59467601776123,1.2548862445280227,162190.0,88.71,203264.0,
715,Random,0.2,88.2,89.1,68.6567234992981,1.2548862445280227,162190.0,88.71,203264.0,
862,Random,0.2,88.2,89.05,68.99707317352295,1.2548862445280227,162190.0,88.71,203264.0,
865,Random,0.2,88.2,89.11,70.44517707824707,1.2548862445280227,162190.0,88.71,203264.0,
887,Random,0.2,88.2,88.94,69.11153149604797,1.2548862445280227,162190.0,88.71,203264.0,
897,Random,0.2,88.2,88.78,71.2774863243103,1.2548862445280227,162190.0,88.71,203264.0,
932,Random,0.2,88.2,88.92,71.10630464553833,1.2548862445280227,162190.0,88.71,203264.0,
952,Random,0.2,88.2,88.75,74.46823358535767,1.2548862445280227,162190.0,88.71,203264.0,
47,Random,0.2,88.2,89.06,66.06804752349854,1.2548862445280227,162190.0,88.71,203264.0,
69,Random,0.2,88.2,88.93,61.11191129684448,1.2548862445280227,162190.0,88.71,203264.0,
760,Random,0.2,88.2,88.98,67.07928609848022,1.2548862445280227,162190.0,88.71,203264.0,
780,Random,0.2,88.2,88.81,61.614441871643066,1.2548862445280227,162190.0,88.71,203264.0,
435,Random,0.2,88.15,88.69,65.77143812179565,1.2548862445280227,162190.0,88.71,203264.0,
546,Random,0.2,88.15,88.96,66.82934832572937,1.2548862445280227,162190.0,88.71,203264.0,
406,Random,0.2,88.15,89.06,63.882312059402466,1.2548862445280227,162190.0,88.71,203264.0,
558,Random,0.2,88.15,88.93,72.07971239089966,1.2548862445280227,162190.0,88.71,203264.0,
415,Random,0.2,88.15,88.66,63.66569948196411,1.2548862445280227,162190.0,88.71,203264.0,
674,Random,0.2,88.15,88.97,63.343366622924805,1.2548862445280227,162190.0,88.71,203264.0,
424,Random,0.2,88.15,89.38,69.26149201393127,1.2548862445280227,162190.0,88.71,203264.0,
689,Random,0.2,88.15,87.49,67.87698864936829,1.2548862445280227,162190.0,88.71,203264.0,
693,Random,0.2,88.15,88.53,68.78964805603027,1.2548862445280227,162190.0,88.71,203264.0,
708,Random,0.2,88.15,89.0,57.732943296432495,1.2548862445280227,162190.0,88.71,203264.0,
905,Random,0.2,88.15,88.6,68.80210971832275,1.2548862445280227,162190.0,88.71,203264.0,
928,Random,0.2,88.15,88.81,60.664024353027344,1.2548862445280227,162190.0,88.71,203264.0,
977,Random,0.2,88.15,88.83,65.18421292304993,1.2548862445280227,162190.0,88.71,203264.0,
146,Random,0.2,88.15,88.75,70.1006031036377,1.2548862445280227,162190.0,88.71,203264.0,
149,Random,0.2,88.15,88.32,67.06515765190125,1.2548862445280227,162190.0,88.71,203264.0,
161,Random,0.2,88.15,88.68,65.83635997772217,1.2548862445280227,162190.0,88.71,203264.0,
200,Random,0.2,88.15,88.4,72.75957012176514,1.2548862445280227,162190.0,88.71,203264.0,
213,Random,0.2,88.15,88.81,67.71222615242004,1.2548862445280227,162190.0,88.71,203264.0,
266,Random,0.2,88.15,89.24,70.20661687850952,1.2548862445280227,162190.0,88.71,203264.0,
74,Random,0.2,88.15,88.89,61.250234842300415,1.2548862445280227,162190.0,88.71,203264.0,
1,Random,0.2,88.15,88.92,63.39266109466553,1.2548862445280227,162190.0,88.71,203264.0,
285,Random,0.2,88.15,89.14,75.37634682655334,1.2548862445280227,162190.0,88.71,203264.0,
83,Random,0.2,88.15,88.39,62.93787717819214,1.2548862445280227,162190.0,88.71,203264.0,
95,Random,0.2,88.15,88.79,70.52084684371948,1.2548862445280227,162190.0,88.71,203264.0,
99,Random,0.2,88.15,88.61,65.11064767837524,1.2548862445280227,162190.0,88.71,203264.0,
793,Random,0.2,88.15,88.41,67.1025505065918,1.2548862445280227,162190.0,88.71,203264.0,
794,Random,0.2,88.15,89.18,68.11410927772522,1.2548862445280227,162190.0,88.71,203264.0,
824,Random,0.2,88.15,88.97,66.94962739944458,1.2548862445280227,162190.0,88.71,203264.0,
830,Random,0.2,88.15,88.63,66.944655418396,1.2548862445280227,162190.0,88.71,203264.0,
434,Random,0.2,88.1,88.87,62.283912897109985,1.2548862445280227,162190.0,88.71,203264.0,
452,Random,0.2,88.1,88.16,65.78346586227417,1.2548862445280227,162190.0,88.71,203264.0,
477,Random,0.2,88.1,88.98,64.46683430671692,1.2548862445280227,162190.0,88.71,203264.0,
486,Random,0.2,88.1,88.88,72.22620582580566,1.2548862445280227,162190.0,88.71,203264.0,
317,Random,0.2,88.1,88.71,68.41530346870422,1.2548862445280227,162190.0,88.71,203264.0,
569,Random,0.2,88.1,87.91,70.82544898986816,1.2548862445280227,162190.0,88.71,203264.0,
358,Random,0.2,88.1,88.9,70.20535588264465,1.2548862445280227,162190.0,88.71,203264.0,
590,Random,0.2,88.1,88.58,66.64210653305054,1.2548862445280227,162190.0,88.71,203264.0,
642,Random,0.2,88.1,88.49,65.3946943283081,1.2548862445280227,162190.0,88.71,203264.0,
639,Random,0.2,88.1,87.89,72.71668744087219,1.2548862445280227,162190.0,88.71,203264.0,
652,Random,0.2,88.1,88.3,67.9747097492218,1.2548862445280227,162190.0,88.71,203264.0,
664,Random,0.2,88.1,88.87,67.94803476333618,1.2548862445280227,162190.0,88.71,203264.0,
875,Random,0.2,88.1,88.73,67.00009560585022,1.2548862445280227,162190.0,88.71,203264.0,
882,Random,0.2,88.1,88.83,65.02978372573853,1.2548862445280227,162190.0,88.71,203264.0,
863,Random,0.2,88.1,88.67,69.92294025421143,1.2548862445280227,162190.0,88.71,203264.0,
910,Random,0.2,88.1,88.51,62.65968370437622,1.2548862445280227,162190.0,88.71,203264.0,
883,Random,0.2,88.1,89.05,74.86622500419617,1.2548862445280227,162190.0,88.71,203264.0,
930,Random,0.2,88.1,88.88,66.53789591789246,1.2548862445280227,162190.0,88.71,203264.0,
954,Random,0.2,88.1,88.63,63.4566376209259,1.2548862445280227,162190.0,88.71,203264.0,
944,Random,0.2,88.1,89.24,67.59234976768494,1.2548862445280227,162190.0,88.71,203264.0,
172,Random,0.2,88.1,88.81,68.1714038848877,1.2548862445280227,162190.0,88.71,203264.0,
196,Random,0.2,88.1,88.88,69.70219874382019,1.2548862445280227,162190.0,88.71,203264.0,
81,Random,0.2,88.1,89.1,62.21066427230835,1.2548862445280227,162190.0,88.71,203264.0,
127,Random,0.2,88.1,89.05,65.58383107185364,1.2548862445280227,162190.0,88.71,203264.0,
748,Random,0.2,88.1,88.6,60.358506202697754,1.2548862445280227,162190.0,88.71,203264.0,
755,Random,0.2,88.1,87.6,60.385886430740356,1.2548862445280227,162190.0,88.71,203264.0,
773,Random,0.2,88.1,88.63,64.32981514930725,1.2548862445280227,162190.0,88.71,203264.0,
820,Random,0.2,88.1,88.97,65.6118791103363,1.2548862445280227,162190.0,88.71,203264.0,
797,Random,0.2,88.1,88.82,66.7225604057312,1.2548862445280227,162190.0,88.71,203264.0,
826,Random,0.2,88.1,89.2,60.717923641204834,1.2548862445280227,162190.0,88.71,203264.0,
433,Random,0.2,88.05,89.4,63.725327491760254,1.2548862445280227,162190.0,88.71,203264.0,
522,Random,0.2,88.05,89.1,57.08569598197937,1.2548862445280227,162190.0,88.71,203264.0,
524,Random,0.2,88.05,88.69,59.235750675201416,1.2548862445280227,162190.0,88.71,203264.0,
531,Random,0.2,88.05,88.94,66.72859239578247,1.2548862445280227,162190.0,88.71,203264.0,
292,Random,0.2,88.05,88.56,66.03066754341125,1.2548862445280227,162190.0,88.71,203264.0,
545,Random,0.2,88.05,88.62,66.79111361503601,1.2548862445280227,162190.0,88.71,203264.0,
307,Random,0.2,88.05,89.09,60.66568565368652,1.2548862445280227,162190.0,88.71,203264.0,
397,Random,0.2,88.05,88.26,63.5751850605011,1.2548862445280227,162190.0,88.71,203264.0,
428,Random,0.2,88.05,89.06,65.79472208023071,1.2548862445280227,162190.0,88.71,203264.0,
607,Random,0.2,88.05,89.14,68.29859972000122,1.2548862445280227,162190.0,88.71,203264.0,
655,Random,0.2,88.05,87.83,64.49998354911804,1.2548862445280227,162190.0,88.71,203264.0,
940,Random,0.2,88.05,88.82,63.810699701309204,1.2548862445280227,162190.0,88.71,203264.0,
949,Random,0.2,88.05,89.25,65.43849754333496,1.2548862445280227,162190.0,88.71,203264.0,
956,Random,0.2,88.05,88.32,69.79753017425537,1.2548862445280227,162190.0,88.71,203264.0,
148,Random,0.2,88.05,89.14,67.0656201839447,1.2548862445280227,162190.0,88.71,203264.0,
191,Random,0.2,88.05,88.41,65.7739028930664,1.2548862445280227,162190.0,88.71,203264.0,
198,Random,0.2,88.05,88.22,64.868661403656,1.2548862445280227,162190.0,88.71,203264.0,
203,Random,0.2,88.05,87.99,65.58395338058472,1.2548862445280227,162190.0,88.71,203264.0,
261,Random,0.2,88.05,89.16,64.7821831703186,1.2548862445280227,162190.0,88.71,203264.0,
284,Random,0.2,88.05,88.59,71.5927221775055,1.2548862445280227,162190.0,88.71,203264.0,
3,Random,0.2,88.05,89.26,73.38911628723145,1.2548862445280227,162190.0,88.71,203264.0,
21,Random,0.2,88.05,88.95,69.52855253219604,1.2548862445280227,162190.0,88.71,203264.0,
106,Random,0.2,88.05,88.49,69.84587526321411,1.2548862445280227,162190.0,88.71,203264.0,
123,Random,0.2,88.05,88.59,72.96408152580261,1.2548862445280227,162190.0,88.71,203264.0,
135,Random,0.2,88.05,88.69,71.79835724830627,1.2548862445280227,162190.0,88.71,203264.0,
726,Random,0.2,88.05,88.47,72.90734910964966,1.2548862445280227,162190.0,88.71,203264.0,
735,Random,0.2,88.05,88.92,73.46139287948608,1.2548862445280227,162190.0,88.71,203264.0,
761,Random,0.2,88.05,88.9,76.75914812088013,1.2548862445280227,162190.0,88.71,203264.0,
781,Random,0.2,88.05,88.75,66.43687081336975,1.2548862445280227,162190.0,88.71,203264.0,
778,Random,0.2,88.05,88.51,78.38232231140137,1.2548862445280227,162190.0,88.71,203264.0,
784,Random,0.2,88.05,88.81,68.0419807434082,1.2548862445280227,162190.0,88.71,203264.0,
802,Random,0.2,88.05,88.93,70.68835663795471,1.2548862445280227,162190.0,88.71,203264.0,
840,Random,0.2,88.05,88.61,71.8555314540863,1.2548862445280227,162190.0,88.71,203264.0,
844,Random,0.2,88.05,89.21,69.82878565788269,1.2548862445280227,162190.0,88.71,203264.0,
855,Random,0.2,88.05,88.6,69.06818580627441,1.2548862445280227,162190.0,88.71,203264.0,
444,Random,0.2,88.0,88.92,62.82288861274719,1.2548862445280227,162190.0,88.71,203264.0,
464,Random,0.2,88.0,88.18,69.96410942077637,1.2548862445280227,162190.0,88.71,203264.0,
567,Random,0.2,88.0,89.04,60.128183364868164,1.2548862445280227,162190.0,88.71,203264.0,
293,Random,0.2,88.0,88.12,71.2795820236206,1.2548862445280227,162190.0,88.71,203264.0,
343,Random,0.2,88.0,88.81,71.9734857082367,1.2548862445280227,162190.0,88.71,203264.0,
347,Random,0.2,88.0,88.75,74.9099178314209,1.2548862445280227,162190.0,88.71,203264.0,
350,Random,0.2,88.0,88.99,72.39077401161194,1.2548862445280227,162190.0,88.71,203264.0,
365,Random,0.2,88.0,88.93,69.80678391456604,1.2548862445280227,162190.0,88.71,203264.0,
416,Random,0.2,88.0,88.58,71.78197765350342,1.2548862445280227,162190.0,88.71,203264.0,
392,Random,0.2,88.0,88.92,80.15818238258362,1.2548862445280227,162190.0,88.71,203264.0,
582,Random,0.2,88.0,88.74,71.07197618484497,1.2548862445280227,162190.0,88.71,203264.0,
594,Random,0.2,88.0,88.58,71.47099781036377,1.2548862445280227,162190.0,88.71,203264.0,
595,Random,0.2,88.0,88.88,73.6346230506897,1.2548862445280227,162190.0,88.71,203264.0,
601,Random,0.2,88.0,88.95,79.81501960754395,1.2548862445280227,162190.0,88.71,203264.0,
598,Random,0.2,88.0,88.28,79.99590635299683,1.2548862445280227,162190.0,88.71,203264.0,
696,Random,0.2,88.0,88.77,79.09370064735413,1.2548862445280227,162190.0,88.71,203264.0,
620,Random,0.2,88.0,88.83,83.16869831085205,1.2548862445280227,162190.0,88.71,203264.0,
871,Random,0.2,88.0,88.95,71.96063733100891,1.2548862445280227,162190.0,88.71,203264.0,
902,Random,0.2,88.0,88.66,71.28691053390503,1.2548862445280227,162190.0,88.71,203264.0,
929,Random,0.2,88.0,89.23,73.11166620254517,1.2548862445280227,162190.0,88.71,203264.0,
170,Random,0.2,88.0,89.07,78.3530797958374,1.2548862445280227,162190.0,88.71,203264.0,
987,Random,0.2,88.0,88.93,85.08196806907654,1.2548862445280227,162190.0,88.71,203264.0,
195,Random,0.2,88.0,89.24,78.29786014556885,1.2548862445280227,162190.0,88.71,203264.0,
257,Random,0.2,88.0,89.04,75.27708888053894,1.2548862445280227,162190.0,88.71,203264.0,
53,Random,0.2,88.0,88.93,73.16147303581238,1.2548862445280227,162190.0,88.71,203264.0,
59,Random,0.2,88.0,88.87,72.67347288131714,1.2548862445280227,162190.0,88.71,203264.0,
116,Random,0.2,88.0,88.6,73.27403283119202,1.2548862445280227,162190.0,88.71,203264.0,
129,Random,0.2,88.0,88.98,77.52055716514587,1.2548862445280227,162190.0,88.71,203264.0,
734,Random,0.2,88.0,88.4,79.05973052978516,1.2548862445280227,162190.0,88.71,203264.0,
764,Random,0.2,88.0,88.87,73.39932942390442,1.2548862445280227,162190.0,88.71,203264.0,
763,Random,0.2,88.0,88.46,76.96454977989197,1.2548862445280227,162190.0,88.71,203264.0,
772,Random,0.2,88.0,88.42,78.9724109172821,1.2548862445280227,162190.0,88.71,203264.0,
779,Random,0.2,88.0,88.75,76.62605452537537,1.2548862445280227,162190.0,88.71,203264.0,
786,Random,0.2,88.0,88.73,72.11112833023071,1.2548862445280227,162190.0,88.71,203264.0,
832,Random,0.2,88.0,88.89,81.21259021759033,1.2548862445280227,162190.0,88.71,203264.0,
834,Random,0.2,88.0,89.21,82.71748304367065,1.2548862445280227,162190.0,88.71,203264.0,
463,Random,0.2,87.95,88.7,78.99222183227539,1.2548862445280227,162190.0,88.71,203264.0,
501,Random,0.2,87.95,88.91,80.55215191841125,1.2548862445280227,162190.0,88.71,203264.0,
534,Random,0.2,87.95,88.95,74.04715704917908,1.2548862445280227,162190.0,88.71,203264.0,
541,Random,0.2,87.95,88.41,73.52695155143738,1.2548862445280227,162190.0,88.71,203264.0,
550,Random,0.2,87.95,88.11,76.33255672454834,1.2548862445280227,162190.0,88.71,203264.0,
554,Random,0.2,87.95,88.39,78.14544796943665,1.2548862445280227,162190.0,88.71,203264.0,
564,Random,0.2,87.95,88.9,71.31283903121948,1.2548862445280227,162190.0,88.71,203264.0,
295,Random,0.2,87.95,88.75,72.3746829032898,1.2548862445280227,162190.0,88.71,203264.0,
341,Random,0.2,87.95,89.18,75.54838109016418,1.2548862445280227,162190.0,88.71,203264.0,
316,Random,0.2,87.95,88.47,80.98301792144775,1.2548862445280227,162190.0,88.71,203264.0,
351,Random,0.2,87.95,88.67,73.35305666923523,1.2548862445280227,162190.0,88.71,203264.0,
366,Random,0.2,87.95,89.4,71.53297638893127,1.2548862445280227,162190.0,88.71,203264.0,
381,Random,0.2,87.95,88.56,70.28543066978455,1.2548862445280227,162190.0,88.71,203264.0,
367,Random,0.2,87.95,88.84,77.28906631469727,1.2548862445280227,162190.0,88.71,203264.0,
401,Random,0.2,87.95,88.57,70.5066192150116,1.2548862445280227,162190.0,88.71,203264.0,
622,Random,0.2,87.95,88.85,66.2317442893982,1.2548862445280227,162190.0,88.71,203264.0,
711,Random,0.2,87.95,88.99,66.69822669029236,1.2548862445280227,162190.0,88.71,203264.0,
624,Random,0.2,87.95,88.99,69.29573202133179,1.2548862445280227,162190.0,88.71,203264.0,
938,Random,0.2,87.95,88.89,69.09624886512756,1.2548862445280227,162190.0,88.71,203264.0,
947,Random,0.2,87.95,88.39,69.74997043609619,1.2548862445280227,162190.0,88.71,203264.0,
970,Random,0.2,87.95,88.77,69.31343269348145,1.2548862445280227,162190.0,88.71,203264.0,
963,Random,0.2,87.95,88.75,75.29126572608948,1.2548862445280227,162190.0,88.71,203264.0,
145,Random,0.2,87.95,88.87,78.21258282661438,1.2548862445280227,162190.0,88.71,203264.0,
174,Random,0.2,87.95,88.26,76.8942973613739,1.2548862445280227,162190.0,88.71,203264.0,
181,Random,0.2,87.95,88.9,83.78127336502075,1.2548862445280227,162190.0,88.71,203264.0,
253,Random,0.2,87.95,88.56,75.65225052833557,1.2548862445280227,162190.0,88.71,203264.0,
265,Random,0.2,87.95,89.1,87.96675109863281,1.2548862445280227,162190.0,88.71,203264.0,
12,Random,0.2,87.95,88.35,82.85695147514343,1.2548862445280227,162190.0,88.71,203264.0,
54,Random,0.2,87.95,88.7,71.32355213165283,1.2548862445280227,162190.0,88.71,203264.0,
52,Random,0.2,87.95,89.09,74.66519975662231,1.2548862445280227,162190.0,88.71,203264.0,
36,Random,0.2,87.95,88.74,85.43542218208313,1.2548862445280227,162190.0,88.71,203264.0,
96,Random,0.2,87.95,88.77,83.18627333641052,1.2548862445280227,162190.0,88.71,203264.0,
125,Random,0.2,87.95,88.78,79.23266267776489,1.2548862445280227,162190.0,88.71,203264.0,
143,Random,0.2,87.95,89.08,80.52786040306091,1.2548862445280227,162190.0,88.71,203264.0,
443,Random,0.2,87.9,88.55,75.51780223846436,1.2548862445280227,162190.0,88.71,203264.0,
469,Random,0.2,87.9,88.81,77.23108458518982,1.2548862445280227,162190.0,88.71,203264.0,
131,Random,0.2,87.95,88.89,84.28216934204102,1.2548862445280227,162190.0,88.71,203264.0,
483,Random,0.2,87.9,88.34,76.35207939147949,1.2548862445280227,162190.0,88.71,203264.0,
514,Random,0.2,87.9,89.1,74.0408124923706,1.2548862445280227,162190.0,88.71,203264.0,
490,Random,0.2,87.9,88.77,79.6476354598999,1.2548862445280227,162190.0,88.71,203264.0,
528,Random,0.2,87.9,88.7,65.783771276474,1.2548862445280227,162190.0,88.71,203264.0,
560,Random,0.2,87.9,88.91,71.37397193908691,1.2548862445280227,162190.0,88.71,203264.0,
571,Random,0.2,87.9,88.81,71.11591482162476,1.2548862445280227,162190.0,88.71,203264.0,
565,Random,0.2,87.9,88.53,71.8833281993866,1.2548862445280227,162190.0,88.71,203264.0,
336,Random,0.2,87.9,89.02,70.87423968315125,1.2548862445280227,162190.0,88.71,203264.0,
384,Random,0.2,87.9,88.76,71.547856092453,1.2548862445280227,162190.0,88.71,203264.0,
409,Random,0.2,87.9,88.17,71.39390015602112,1.2548862445280227,162190.0,88.71,203264.0,
576,Random,0.2,87.9,88.54,74.59705328941345,1.2548862445280227,162190.0,88.71,203264.0,
678,Random,0.2,87.9,89.03,72.55210995674133,1.2548862445280227,162190.0,88.71,203264.0,
697,Random,0.2,87.9,88.75,73.13681077957153,1.2548862445280227,162190.0,88.71,203264.0,
694,Random,0.2,87.9,89.08,75.18705630302429,1.2548862445280227,162190.0,88.71,203264.0,
698,Random,0.2,87.9,88.89,76.13371920585632,1.2548862445280227,162190.0,88.71,203264.0,
895,Random,0.2,87.9,89.2,69.99703049659729,1.2548862445280227,162190.0,88.71,203264.0,
931,Random,0.2,87.9,88.42,69.43266248703003,1.2548862445280227,162190.0,88.71,203264.0,
964,Random,0.2,87.9,88.49,73.28909039497375,1.2548862445280227,162190.0,88.71,203264.0,
144,Random,0.2,87.9,88.57,74.21974015235901,1.2548862445280227,162190.0,88.71,203264.0,
165,Random,0.2,87.9,89.23,70.43133783340454,1.2548862445280227,162190.0,88.71,203264.0,
158,Random,0.2,87.9,88.54,73.7662103176117,1.2548862445280227,162190.0,88.71,203264.0,
193,Random,0.2,87.9,88.65,73.33253526687622,1.2548862445280227,162190.0,88.71,203264.0,
254,Random,0.2,87.9,89.22,69.16609048843384,1.2548862445280227,162190.0,88.71,203264.0,
220,Random,0.2,87.9,88.91,75.1325626373291,1.2548862445280227,162190.0,88.71,203264.0,
258,Random,0.2,87.9,88.58,75.04560613632202,1.2548862445280227,162190.0,88.71,203264.0,
264,Random,0.2,87.9,88.72,71.84344792366028,1.2548862445280227,162190.0,88.71,203264.0,
721,Random,0.2,87.9,89.09,72.80141925811768,1.2548862445280227,162190.0,88.71,203264.0,
729,Random,0.2,87.9,89.01,73.91504526138306,1.2548862445280227,162190.0,88.71,203264.0,
741,Random,0.2,87.9,88.29,75.15354895591736,1.2548862445280227,162190.0,88.71,203264.0,
777,Random,0.2,87.9,88.74,73.81187462806702,1.2548862445280227,162190.0,88.71,203264.0,
750,Random,0.2,87.9,89.05,78.12969493865967,1.2548862445280227,162190.0,88.71,203264.0,
787,Random,0.2,87.9,88.95,74.79692959785461,1.2548862445280227,162190.0,88.71,203264.0,
455,Random,0.2,87.85,88.8,72.58279943466187,1.2548862445280227,162190.0,88.71,203264.0,
547,Random,0.2,87.85,88.73,70.49736762046814,1.2548862445280227,162190.0,88.71,203264.0,
811,Random,0.2,87.9,89.24,75.98343586921692,1.2548862445280227,162190.0,88.71,203264.0,
380,Random,0.2,87.85,89.19,75.95250749588013,1.2548862445280227,162190.0,88.71,203264.0,
636,Random,0.2,87.85,88.16,70.28552865982056,1.2548862445280227,162190.0,88.71,203264.0,
399,Random,0.2,87.85,88.81,72.50066637992859,1.2548862445280227,162190.0,88.71,203264.0,
688,Random,0.2,87.85,88.77,70.51572322845459,1.2548862445280227,162190.0,88.71,203264.0,
670,Random,0.2,87.85,88.57,74.45816946029663,1.2548862445280227,162190.0,88.71,203264.0,
643,Random,0.2,87.85,88.86,79.23978662490845,1.2548862445280227,162190.0,88.71,203264.0,
656,Random,0.2,87.85,88.98,77.07972455024719,1.2548862445280227,162190.0,88.71,203264.0,
878,Random,0.2,87.85,88.86,63.38344120979309,1.2548862445280227,162190.0,88.71,203264.0,
703,Random,0.2,87.85,88.49,66.84323406219482,1.2548862445280227,162190.0,88.71,203264.0,
692,Random,0.2,87.85,88.37,76.14508938789368,1.2548862445280227,162190.0,88.71,203264.0,
890,Random,0.2,87.85,88.35,59.35367035865784,1.2548862445280227,162190.0,88.71,203264.0,
936,Random,0.2,87.85,87.89,66.05161881446838,1.2548862445280227,162190.0,88.71,203264.0,
995,Random,0.2,87.85,88.64,66.714191198349,1.2548862445280227,162190.0,88.71,203264.0,
942,Random,0.2,87.85,88.86,73.73408651351929,1.2548862445280227,162190.0,88.71,203264.0,
982,Random,0.2,87.85,88.95,73.43027114868164,1.2548862445280227,162190.0,88.71,203264.0,
218,Random,0.2,87.85,89.25,75.19222259521484,1.2548862445280227,162190.0,88.71,203264.0,
223,Random,0.2,87.85,89.05,73.68419027328491,1.2548862445280227,162190.0,88.71,203264.0,
25,Random,0.2,87.85,88.66,54.42019295692444,1.2548862445280227,162190.0,88.71,203264.0,
68,Random,0.2,87.85,89.23,50.32741451263428,1.2548862445280227,162190.0,88.71,203264.0,
76,Random,0.2,87.85,88.69,49.42000603675842,1.2548862445280227,162190.0,88.71,203264.0,
102,Random,0.2,87.85,88.93,67.7379195690155,1.2548862445280227,162190.0,88.71,203264.0,
104,Random,0.2,87.85,88.88,67.63105773925781,1.2548862445280227,162190.0,88.71,203264.0,
122,Random,0.2,87.85,88.68,72.54699444770813,1.2548862445280227,162190.0,88.71,203264.0,
746,Random,0.2,87.85,88.86,46.78145170211792,1.2548862445280227,162190.0,88.71,203264.0,
739,Random,0.2,87.85,88.69,74.72420334815979,1.2548862445280227,162190.0,88.71,203264.0,
749,Random,0.2,87.85,88.81,47.93123936653137,1.2548862445280227,162190.0,88.71,203264.0,
808,Random,0.2,87.85,88.79,49.871681451797485,1.2548862445280227,162190.0,88.71,203264.0,
453,Random,0.2,87.8,88.32,69.02685403823853,1.2548862445280227,162190.0,88.71,203264.0,
471,Random,0.2,87.8,88.86,69.8271222114563,1.2548862445280227,162190.0,88.71,203264.0,
493,Random,0.2,87.8,89.06,55.621583700180054,1.2548862445280227,162190.0,88.71,203264.0,
511,Random,0.2,87.8,88.86,59.24667263031006,1.2548862445280227,162190.0,88.71,203264.0,
475,Random,0.2,87.8,88.96,74.7173068523407,1.2548862445280227,162190.0,88.71,203264.0,
287,Random,0.2,87.8,88.82,62.94458222389221,1.2548862445280227,162190.0,88.71,203264.0,
505,Random,0.2,87.8,88.66,71.3549427986145,1.2548862445280227,162190.0,88.71,203264.0,
616,Random,0.2,87.8,89.28,53.63686537742615,1.2548862445280227,162190.0,88.71,203264.0,
344,Random,0.2,87.8,89.15,65.61140060424805,1.2548862445280227,162190.0,88.71,203264.0,
356,Random,0.2,87.8,88.7,68.2891058921814,1.2548862445280227,162190.0,88.71,203264.0,
621,Random,0.2,87.8,88.33,62.44126629829407,1.2548862445280227,162190.0,88.71,203264.0,
679,Random,0.2,87.8,88.55,61.86891961097717,1.2548862445280227,162190.0,88.71,203264.0,
646,Random,0.2,87.8,88.69,68.53923511505127,1.2548862445280227,162190.0,88.71,203264.0,
860,Random,0.2,87.8,89.03,69.6999740600586,1.2548862445280227,162190.0,88.71,203264.0,
866,Random,0.2,87.8,89.12,66.0828628540039,1.2548862445280227,162190.0,88.71,203264.0,
880,Random,0.2,87.8,88.76,60.30377793312073,1.2548862445280227,162190.0,88.71,203264.0,
877,Random,0.2,87.8,88.87,64.8997483253479,1.2548862445280227,162190.0,88.71,203264.0,
885,Random,0.2,87.8,88.93,64.99037909507751,1.2548862445280227,162190.0,88.71,203264.0,
912,Random,0.2,87.8,88.69,56.77480697631836,1.2548862445280227,162190.0,88.71,203264.0,
926,Random,0.2,87.8,88.71,59.25861430168152,1.2548862445280227,162190.0,88.71,203264.0,
939,Random,0.2,87.8,88.78,71.7304208278656,1.2548862445280227,162190.0,88.71,203264.0,
994,Random,0.2,87.8,88.72,48.74820137023926,1.2548862445280227,162190.0,88.71,203264.0,
192,Random,0.2,87.8,88.85,44.89141082763672,1.2548862445280227,162190.0,88.71,203264.0,
243,Random,0.2,87.8,88.93,46.326711654663086,1.2548862445280227,162190.0,88.71,203264.0,
171,Random,0.2,87.8,89.0,67.1261248588562,1.2548862445280227,162190.0,88.71,203264.0,
176,Random,0.2,87.8,88.52,75.60686707496643,1.2548862445280227,162190.0,88.71,203264.0,
269,Random,0.2,87.8,89.28,70.51517033576965,1.2548862445280227,162190.0,88.71,203264.0,
31,Random,0.2,87.8,89.2,48.56658625602722,1.2548862445280227,162190.0,88.71,203264.0,
35,Random,0.2,87.8,88.94,47.71792674064636,1.2548862445280227,162190.0,88.71,203264.0,
29,Random,0.2,87.8,88.84,72.84094381332397,1.2548862445280227,162190.0,88.71,203264.0,
42,Random,0.2,87.8,88.96,46.916099548339844,1.2548862445280227,162190.0,88.71,203264.0,
133,Random,0.2,87.8,88.95,45.79727506637573,1.2548862445280227,162190.0,88.71,203264.0,
44,Random,0.2,87.8,88.35,70.99618601799011,1.2548862445280227,162190.0,88.71,203264.0,
732,Random,0.2,87.8,88.76,45.79060697555542,1.2548862445280227,162190.0,88.71,203264.0,
79,Random,0.2,87.8,88.27,75.63098001480103,1.2548862445280227,162190.0,88.71,203264.0,
806,Random,0.2,87.8,88.67,45.694512367248535,1.2548862445280227,162190.0,88.71,203264.0,
108,Random,0.2,87.8,88.39,68.29142785072327,1.2548862445280227,162190.0,88.71,203264.0,
791,Random,0.2,87.8,88.83,69.82171869277954,1.2548862445280227,162190.0,88.71,203264.0,
812,Random,0.2,87.8,89.04,47.06963539123535,1.2548862445280227,162190.0,88.71,203264.0,
829,Random,0.2,87.8,88.79,49.28828024864197,1.2548862445280227,162190.0,88.71,203264.0,
816,Random,0.2,87.8,88.8,71.55035877227783,1.2548862445280227,162190.0,88.71,203264.0,
852,Random,0.2,87.8,88.59,57.68549704551697,1.2548862445280227,162190.0,88.71,203264.0,
854,Random,0.2,87.8,88.45,62.66624450683594,1.2548862445280227,162190.0,88.71,203264.0,
842,Random,0.2,87.8,88.96,72.86452865600586,1.2548862445280227,162190.0,88.71,203264.0,
449,Random,0.2,87.75,88.76,63.26398730278015,1.2548862445280227,162190.0,88.71,203264.0,
431,Random,0.2,87.75,88.41,70.63984513282776,1.2548862445280227,162190.0,88.71,203264.0,
472,Random,0.2,87.75,88.96,68.51913952827454,1.2548862445280227,162190.0,88.71,203264.0,
473,Random,0.2,87.75,88.68,71.48426055908203,1.2548862445280227,162190.0,88.71,203264.0,
503,Random,0.2,87.75,88.65,73.09776282310486,1.2548862445280227,162190.0,88.71,203264.0,
507,Random,0.2,87.75,88.89,68.6923611164093,1.2548862445280227,162190.0,88.71,203264.0,
543,Random,0.2,87.75,89.49,72.6290135383606,1.2548862445280227,162190.0,88.71,203264.0,
425,Random,0.2,87.75,88.65,59.86929154396057,1.2548862445280227,162190.0,88.71,203264.0,
573,Random,0.2,87.75,88.59,75.27922630310059,1.2548862445280227,162190.0,88.71,203264.0,
592,Random,0.2,87.75,88.63,58.65378403663635,1.2548862445280227,162190.0,88.71,203264.0,
894,Random,0.2,87.75,88.77,60.63717842102051,1.2548862445280227,162190.0,88.71,203264.0,
710,Random,0.2,87.75,88.55,72.2471969127655,1.2548862445280227,162190.0,88.71,203264.0,
903,Random,0.2,87.75,88.79,67.15925645828247,1.2548862445280227,162190.0,88.71,203264.0,
962,Random,0.2,87.75,89.15,61.647727966308594,1.2548862445280227,162190.0,88.71,203264.0,
915,Random,0.2,87.75,88.96,72.5845685005188,1.2548862445280227,162190.0,88.71,203264.0,
973,Random,0.2,87.75,88.49,71.96566653251648,1.2548862445280227,162190.0,88.71,203264.0,
989,Random,0.2,87.75,88.64,69.47988200187683,1.2548862445280227,162190.0,88.71,203264.0,
166,Random,0.2,87.75,89.3,63.55640268325806,1.2548862445280227,162190.0,88.71,203264.0,
205,Random,0.2,87.75,88.46,58.01411557197571,1.2548862445280227,162190.0,88.71,203264.0,
179,Random,0.2,87.75,88.33,68.9521415233612,1.2548862445280227,162190.0,88.71,203264.0,
222,Random,0.2,87.75,89.08,56.38337182998657,1.2548862445280227,162190.0,88.71,203264.0,
234,Random,0.2,87.75,88.83,69.51701998710632,1.2548862445280227,162190.0,88.71,203264.0,
5,Random,0.2,87.75,88.08,45.61819887161255,1.2548862445280227,162190.0,88.71,203264.0,
64,Random,0.2,87.75,88.35,47.419206619262695,1.2548862445280227,162190.0,88.71,203264.0,
86,Random,0.2,87.75,89.02,54.26765847206116,1.2548862445280227,162190.0,88.71,203264.0,
126,Random,0.2,87.75,89.04,47.836665630340576,1.2548862445280227,162190.0,88.71,203264.0,
2,Random,0.2,87.75,88.32,76.95013284683228,1.2548862445280227,162190.0,88.71,203264.0,
733,Random,0.2,87.75,88.75,45.90475249290466,1.2548862445280227,162190.0,88.71,203264.0,
110,Random,0.2,87.75,88.67,75.9440336227417,1.2548862445280227,162190.0,88.71,203264.0,
738,Random,0.2,87.75,89.32,47.78470206260681,1.2548862445280227,162190.0,88.71,203264.0,
759,Random,0.2,87.75,88.94,45.8714656829834,1.2548862445280227,162190.0,88.71,203264.0,
132,Random,0.2,87.75,88.91,74.32600402832031,1.2548862445280227,162190.0,88.71,203264.0,
776,Random,0.2,87.75,88.58,52.76975178718567,1.2548862445280227,162190.0,88.71,203264.0,
782,Random,0.2,87.75,88.61,73.570809841156,1.2548862445280227,162190.0,88.71,203264.0,
807,Random,0.2,87.75,88.97,57.9228732585907,1.2548862445280227,162190.0,88.71,203264.0,
849,Random,0.2,87.75,88.26,62.2937171459198,1.2548862445280227,162190.0,88.71,203264.0,
572,Random,0.2,87.7,89.24,53.544602155685425,1.2548862445280227,162190.0,88.71,203264.0,
439,Random,0.2,87.7,89.21,69.13543438911438,1.2548862445280227,162190.0,88.71,203264.0,
513,Random,0.2,87.7,88.81,68.54033875465393,1.2548862445280227,162190.0,88.71,203264.0,
353,Random,0.2,87.7,89.15,60.84538221359253,1.2548862445280227,162190.0,88.71,203264.0,
355,Random,0.2,87.7,88.57,43.22076487541199,1.2548862445280227,162190.0,88.71,203264.0,
369,Random,0.2,87.7,88.23,43.54463601112366,1.2548862445280227,162190.0,88.71,203264.0,
575,Random,0.2,87.7,88.93,43.48716163635254,1.2548862445280227,162190.0,88.71,203264.0,
361,Random,0.2,87.7,88.99,67.4371702671051,1.2548862445280227,162190.0,88.71,203264.0,
662,Random,0.2,87.7,88.84,43.943586111068726,1.2548862445280227,162190.0,88.71,203264.0,
612,Random,0.2,87.7,88.3,46.390079975128174,1.2548862445280227,162190.0,88.71,203264.0,
593,Random,0.2,87.7,88.96,64.78626203536987,1.2548862445280227,162190.0,88.71,203264.0,
605,Random,0.2,87.7,89.02,59.740801095962524,1.2548862445280227,162190.0,88.71,203264.0,
709,Random,0.2,87.7,89.1,41.48838019371033,1.2548862445280227,162190.0,88.71,203264.0,
869,Random,0.2,87.7,89.14,41.0649356842041,1.2548862445280227,162190.0,88.71,203264.0,
958,Random,0.2,87.7,89.11,47.36950898170471,1.2548862445280227,162190.0,88.71,203264.0,
955,Random,0.2,87.7,88.98,68.87062621116638,1.2548862445280227,162190.0,88.71,203264.0,
993,Random,0.2,87.7,88.64,50.93017911911011,1.2548862445280227,162190.0,88.71,203264.0,
175,Random,0.2,87.7,88.8,59.09406137466431,1.2548862445280227,162190.0,88.71,203264.0,
180,Random,0.2,87.7,88.49,54.29227876663208,1.2548862445280227,162190.0,88.71,203264.0,
178,Random,0.2,87.7,88.77,64.37845039367676,1.2548862445280227,162190.0,88.71,203264.0,
190,Random,0.2,87.7,88.61,56.49377369880676,1.2548862445280227,162190.0,88.71,203264.0,
211,Random,0.2,87.7,88.65,63.19906210899353,1.2548862445280227,162190.0,88.71,203264.0,
236,Random,0.2,87.7,87.29,64.69151020050049,1.2548862445280227,162190.0,88.71,203264.0,
239,Random,0.2,87.7,88.9,66.36708927154541,1.2548862445280227,162190.0,88.71,203264.0,
14,Random,0.2,87.7,89.04,70.13724112510681,1.2548862445280227,162190.0,88.71,203264.0,
34,Random,0.2,87.7,88.51,72.78714776039124,1.2548862445280227,162190.0,88.71,203264.0,
66,Random,0.2,87.7,88.26,72.40462613105774,1.2548862445280227,162190.0,88.71,203264.0,
751,Random,0.2,87.7,88.75,72.52057123184204,1.2548862445280227,162190.0,88.71,203264.0,
770,Random,0.2,87.7,89.02,59.491313219070435,1.2548862445280227,162190.0,88.71,203264.0,
768,Random,0.2,87.7,89.03,72.18466806411743,1.2548862445280227,162190.0,88.71,203264.0,
856,Random,0.2,87.7,89.01,71.50310802459717,1.2548862445280227,162190.0,88.71,203264.0,
447,Random,0.2,87.65,88.63,53.6419723033905,1.2548862445280227,162190.0,88.71,203264.0,
540,Random,0.2,87.65,88.69,50.7612202167511,1.2548862445280227,162190.0,88.71,203264.0,
523,Random,0.2,87.65,88.58,73.02865314483643,1.2548862445280227,162190.0,88.71,203264.0,
555,Random,0.2,87.65,88.59,72.7845106124878,1.2548862445280227,162190.0,88.71,203264.0,
298,Random,0.2,87.65,88.26,62.378073930740356,1.2548862445280227,162190.0,88.71,203264.0,
314,Random,0.2,87.65,88.44,64.67966771125793,1.2548862445280227,162190.0,88.71,203264.0,
302,Random,0.2,87.65,88.69,73.32631707191467,1.2548862445280227,162190.0,88.71,203264.0,
306,Random,0.2,87.65,88.68,73.53972554206848,1.2548862445280227,162190.0,88.71,203264.0,
363,Random,0.2,87.65,88.65,70.63542532920837,1.2548862445280227,162190.0,88.71,203264.0,
413,Random,0.2,87.65,88.63,71.04278039932251,1.2548862445280227,162190.0,88.71,203264.0,
421,Random,0.2,87.65,89.32,72.45571994781494,1.2548862445280227,162190.0,88.71,203264.0,
614,Random,0.2,87.65,88.27,65.10591197013855,1.2548862445280227,162190.0,88.71,203264.0,
640,Random,0.2,87.65,89.2,62.74611949920654,1.2548862445280227,162190.0,88.71,203264.0,
681,Random,0.2,87.65,88.46,59.107181549072266,1.2548862445280227,162190.0,88.71,203264.0,
661,Random,0.2,87.65,88.96,72.1408338546753,1.2548862445280227,162190.0,88.71,203264.0,
673,Random,0.2,87.65,88.28,71.883052110672,1.2548862445280227,162190.0,88.71,203264.0,
896,Random,0.2,87.65,89.02,52.92632722854614,1.2548862445280227,162190.0,88.71,203264.0,
937,Random,0.2,87.65,88.6,46.53208780288696,1.2548862445280227,162190.0,88.71,203264.0,
953,Random,0.2,87.65,88.39,51.4606351852417,1.2548862445280227,162190.0,88.71,203264.0,
904,Random,0.2,87.65,88.97,73.98969101905823,1.2548862445280227,162190.0,88.71,203264.0,
974,Random,0.2,87.65,88.53,50.303306102752686,1.2548862445280227,162190.0,88.71,203264.0,
216,Random,0.2,87.65,88.88,51.24030613899231,1.2548862445280227,162190.0,88.71,203264.0,
244,Random,0.2,87.65,88.13,50.61295485496521,1.2548862445280227,162190.0,88.71,203264.0,
160,Random,0.2,87.65,88.75,75.35483574867249,1.2548862445280227,162190.0,88.71,203264.0,
209,Random,0.2,87.65,88.89,74.45080280303955,1.2548862445280227,162190.0,88.71,203264.0,
249,Random,0.2,87.65,88.75,61.885436058044434,1.2548862445280227,162190.0,88.71,203264.0,
90,Random,0.2,87.65,88.23,59.524542808532715,1.2548862445280227,162190.0,88.71,203264.0,
58,Random,0.2,87.65,88.93,74.16071033477783,1.2548862445280227,162190.0,88.71,203264.0,
113,Random,0.2,87.65,88.78,66.36275458335876,1.2548862445280227,162190.0,88.71,203264.0,
731,Random,0.2,87.65,89.13,66.1916561126709,1.2548862445280227,162190.0,88.71,203264.0,
740,Random,0.2,87.65,88.9,76.6941409111023,1.2548862445280227,162190.0,88.71,203264.0,
742,Random,0.2,87.65,88.94,72.77708601951599,1.2548862445280227,162190.0,88.71,203264.0,
795,Random,0.2,87.65,88.5,58.244253635406494,1.2548862445280227,162190.0,88.71,203264.0,
796,Random,0.2,87.65,88.67,56.529885053634644,1.2548862445280227,162190.0,88.71,203264.0,
825,Random,0.2,87.65,89.06,47.44841551780701,1.2548862445280227,162190.0,88.71,203264.0,
438,Random,0.2,87.6,88.7,49.15737462043762,1.2548862445280227,162190.0,88.71,203264.0,
803,Random,0.2,87.65,88.69,75.16394233703613,1.2548862445280227,162190.0,88.71,203264.0,
290,Random,0.2,87.6,89.11,50.16607093811035,1.2548862445280227,162190.0,88.71,203264.0,
326,Random,0.2,87.6,88.67,49.10381364822388,1.2548862445280227,162190.0,88.71,203264.0,
357,Random,0.2,87.6,88.91,53.946869134902954,1.2548862445280227,162190.0,88.71,203264.0,
445,Random,0.2,87.6,88.85,79.1489315032959,1.2548862445280227,162190.0,88.71,203264.0,
488,Random,0.2,87.6,88.91,76.37457251548767,1.2548862445280227,162190.0,88.71,203264.0,
373,Random,0.2,87.6,89.09,57.82574486732483,1.2548862445280227,162190.0,88.71,203264.0,
395,Random,0.2,87.6,88.56,72.23830342292786,1.2548862445280227,162190.0,88.71,203264.0,
586,Random,0.2,87.6,88.86,56.30833172798157,1.2548862445280227,162190.0,88.71,203264.0,
584,Random,0.2,87.6,88.83,60.97229981422424,1.2548862445280227,162190.0,88.71,203264.0,
617,Random,0.2,87.6,87.95,54.98400068283081,1.2548862445280227,162190.0,88.71,203264.0,
668,Random,0.2,87.6,88.47,52.98740077018738,1.2548862445280227,162190.0,88.71,203264.0,
663,Random,0.2,87.6,88.86,74.5057315826416,1.2548862445280227,162190.0,88.71,203264.0,
649,Random,0.2,87.6,88.68,77.94803524017334,1.2548862445280227,162190.0,88.71,203264.0,
706,Random,0.2,87.6,88.85,60.6817901134491,1.2548862445280227,162190.0,88.71,203264.0,
893,Random,0.2,87.6,88.77,59.75054979324341,1.2548862445280227,162190.0,88.71,203264.0,
701,Random,0.2,87.6,88.86,74.16875958442688,1.2548862445280227,162190.0,88.71,203264.0,
909,Random,0.2,87.6,88.19,58.02792811393738,1.2548862445280227,162190.0,88.71,203264.0,
951,Random,0.2,87.6,88.83,52.987688064575195,1.2548862445280227,162190.0,88.71,203264.0,
155,Random,0.2,87.6,88.81,46.004040479660034,1.2548862445280227,162190.0,88.71,203264.0,
197,Random,0.2,87.6,88.81,48.075170278549194,1.2548862445280227,162190.0,88.71,203264.0,
969,Random,0.2,87.6,88.94,74.3469557762146,1.2548862445280227,162190.0,88.71,203264.0,
979,Random,0.2,87.6,89.02,72.87233400344849,1.2548862445280227,162190.0,88.71,203264.0,
251,Random,0.2,87.6,88.63,46.858763456344604,1.2548862445280227,162190.0,88.71,203264.0,
271,Random,0.2,87.6,88.63,48.07838225364685,1.2548862445280227,162190.0,88.71,203264.0,
214,Random,0.2,87.6,89.01,74.08935904502869,1.2548862445280227,162190.0,88.71,203264.0,
272,Random,0.2,87.6,88.72,50.079275608062744,1.2548862445280227,162190.0,88.71,203264.0,
13,Random,0.2,87.6,88.7,52.889888763427734,1.2548862445280227,162190.0,88.71,203264.0,
88,Random,0.2,87.6,88.38,55.76953148841858,1.2548862445280227,162190.0,88.71,203264.0,
30,Random,0.2,87.6,88.76,75.20729470252991,1.2548862445280227,162190.0,88.71,203264.0,
38,Random,0.2,87.6,89.27,79.73913478851318,1.2548862445280227,162190.0,88.71,203264.0,
130,Random,0.2,87.6,88.3,59.769127368927,1.2548862445280227,162190.0,88.71,203264.0,
846,Random,0.2,87.6,88.7,58.38156223297119,1.2548862445280227,162190.0,88.71,203264.0,
736,Random,0.2,87.6,89.37,72.98812937736511,1.2548862445280227,162190.0,88.71,203264.0,
466,Random,0.2,87.55,88.52,57.36913514137268,1.2548862445280227,162190.0,88.71,203264.0,
467,Random,0.2,87.55,88.83,51.09199333190918,1.2548862445280227,162190.0,88.71,203264.0,
562,Random,0.2,87.55,88.27,44.65482544898987,1.2548862445280227,162190.0,88.71,203264.0,
476,Random,0.2,87.55,88.85,54.09827518463135,1.2548862445280227,162190.0,88.71,203264.0,
327,Random,0.2,87.55,88.97,54.272377729415894,1.2548862445280227,162190.0,88.71,203264.0,
489,Random,0.2,87.55,89.18,78.55440974235535,1.2548862445280227,162190.0,88.71,203264.0,
362,Random,0.2,87.55,88.34,58.79684638977051,1.2548862445280227,162190.0,88.71,203264.0,
398,Random,0.2,87.55,89.12,61.54805064201355,1.2548862445280227,162190.0,88.71,203264.0,
340,Random,0.2,87.55,89.04,75.2466037273407,1.2548862445280227,162190.0,88.71,203264.0,
419,Random,0.2,87.55,88.81,62.16233706474304,1.2548862445280227,162190.0,88.71,203264.0,
426,Random,0.2,87.55,88.49,62.64407300949097,1.2548862445280227,162190.0,88.71,203264.0,
585,Random,0.2,87.55,88.77,53.823115825653076,1.2548862445280227,162190.0,88.71,203264.0,
630,Random,0.2,87.55,88.83,52.55868983268738,1.2548862445280227,162190.0,88.71,203264.0,
631,Random,0.2,87.55,88.51,50.30384540557861,1.2548862445280227,162190.0,88.71,203264.0,
603,Random,0.2,87.55,88.82,76.04107165336609,1.2548862445280227,162190.0,88.71,203264.0,
921,Random,0.2,87.55,88.65,53.93076419830322,1.2548862445280227,162190.0,88.71,203264.0,
151,Random,0.2,87.55,88.45,58.430095195770264,1.2548862445280227,162190.0,88.71,203264.0,
874,Random,0.2,87.55,89.18,73.33003211021423,1.2548862445280227,162190.0,88.71,203264.0,
240,Random,0.2,87.55,88.92,58.545459032058716,1.2548862445280227,162190.0,88.71,203264.0,
17,Random,0.2,87.55,88.65,58.004658699035645,1.2548862445280227,162190.0,88.71,203264.0,
717,Random,0.2,87.55,89.03,55.22154712677002,1.2548862445280227,162190.0,88.71,203264.0,
814,Random,0.2,87.55,88.36,49.160789251327515,1.2548862445280227,162190.0,88.71,203264.0,
817,Random,0.2,87.55,88.64,47.50835061073303,1.2548862445280227,162190.0,88.71,203264.0,
744,Random,0.2,87.55,88.51,73.5512580871582,1.2548862445280227,162190.0,88.71,203264.0,
512,Random,0.2,87.5,88.99,49.20579957962036,1.2548862445280227,162190.0,88.71,203264.0,
448,Random,0.2,87.5,88.18,73.8073399066925,1.2548862445280227,162190.0,88.71,203264.0,
518,Random,0.2,87.5,88.92,51.189311027526855,1.2548862445280227,162190.0,88.71,203264.0,
296,Random,0.2,87.5,88.99,50.48910856246948,1.2548862445280227,162190.0,88.71,203264.0,
309,Random,0.2,87.5,88.45,53.013808727264404,1.2548862445280227,162190.0,88.71,203264.0,
315,Random,0.2,87.5,88.5,51.68295955657959,1.2548862445280227,162190.0,88.71,203264.0,
335,Random,0.2,87.5,88.51,55.33544397354126,1.2548862445280227,162190.0,88.71,203264.0,
329,Random,0.2,87.5,88.97,76.31833720207214,1.2548862445280227,162190.0,88.71,203264.0,
626,Random,0.2,87.5,89.14,61.68317890167236,1.2548862445280227,162190.0,88.71,203264.0,
647,Random,0.2,87.5,88.72,61.37787985801697,1.2548862445280227,162190.0,88.71,203264.0,
599,Random,0.2,87.5,89.15,71.35206842422485,1.2548862445280227,162190.0,88.71,203264.0,
665,Random,0.2,87.5,88.88,59.09845852851868,1.2548862445280227,162190.0,88.71,203264.0,
700,Random,0.2,87.5,88.9,57.67239451408386,1.2548862445280227,162190.0,88.71,203264.0,
712,Random,0.2,87.5,88.26,49.586591720581055,1.2548862445280227,162190.0,88.71,203264.0,
966,Random,0.2,87.5,88.53,46.85201048851013,1.2548862445280227,162190.0,88.71,203264.0,
156,Random,0.2,87.5,88.72,46.98721885681152,1.2548862445280227,162190.0,88.71,203264.0,
210,Random,0.2,87.5,89.13,45.14265513420105,1.2548862445280227,162190.0,88.71,203264.0,
246,Random,0.2,87.5,88.87,49.00395321846008,1.2548862445280227,162190.0,88.71,203264.0,
911,Random,0.2,87.5,88.52,74.49997019767761,1.2548862445280227,162190.0,88.71,203264.0,
208,Random,0.2,87.5,88.59,75.82246899604797,1.2548862445280227,162190.0,88.71,203264.0,
255,Random,0.2,87.5,88.1,51.5354220867157,1.2548862445280227,162190.0,88.71,203264.0,
11,Random,0.2,87.5,88.93,52.92928862571716,1.2548862445280227,162190.0,88.71,203264.0,
40,Random,0.2,87.5,88.77,51.643094301223755,1.2548862445280227,162190.0,88.71,203264.0,
45,Random,0.2,87.5,88.7,52.7511887550354,1.2548862445280227,162190.0,88.71,203264.0,
48,Random,0.2,87.5,88.3,49.55416941642761,1.2548862445280227,162190.0,88.71,203264.0,
105,Random,0.2,87.5,89.16,47.322840452194214,1.2548862445280227,162190.0,88.71,203264.0,
80,Random,0.2,87.5,88.89,71.9011287689209,1.2548862445280227,162190.0,88.71,203264.0,
138,Random,0.2,87.5,88.57,47.702351570129395,1.2548862445280227,162190.0,88.71,203264.0,
754,Random,0.2,87.5,88.94,45.420037031173706,1.2548862445280227,162190.0,88.71,203264.0,
823,Random,0.2,87.5,89.05,45.25430655479431,1.2548862445280227,162190.0,88.71,203264.0,
101,Random,0.2,87.5,88.47,72.54716515541077,1.2548862445280227,162190.0,88.71,203264.0,
458,Random,0.2,87.45,89.05,45.07234263420105,1.2548862445280227,162190.0,88.71,203264.0,
460,Random,0.2,87.45,88.85,46.9754683971405,1.2548862445280227,162190.0,88.71,203264.0,
305,Random,0.2,87.45,88.99,47.459861755371094,1.2548862445280227,162190.0,88.71,203264.0,
517,Random,0.2,87.45,88.31,50.0863995552063,1.2548862445280227,162190.0,88.71,203264.0,
308,Random,0.2,87.45,88.57,48.67059516906738,1.2548862445280227,162190.0,88.71,203264.0,
588,Random,0.2,87.45,88.08,48.884573459625244,1.2548862445280227,162190.0,88.71,203264.0,
496,Random,0.2,87.45,89.33,71.51842164993286,1.2548862445280227,162190.0,88.71,203264.0,
313,Random,0.2,87.45,88.96,66.06084704399109,1.2548862445280227,162190.0,88.71,203264.0,
623,Random,0.2,87.45,88.97,47.95232844352722,1.2548862445280227,162190.0,88.71,203264.0,
891,Random,0.2,87.45,89.25,48.15533518791199,1.2548862445280227,162190.0,88.71,203264.0,
927,Random,0.2,87.45,88.81,49.215667724609375,1.2548862445280227,162190.0,88.71,203264.0,
967,Random,0.2,87.45,87.77,48.50176405906677,1.2548862445280227,162190.0,88.71,203264.0,
976,Random,0.2,87.45,88.58,47.15451455116272,1.2548862445280227,162190.0,88.71,203264.0,
186,Random,0.2,87.45,88.79,50.25380539894104,1.2548862445280227,162190.0,88.71,203264.0,
984,Random,0.2,87.45,88.3,75.28053641319275,1.2548862445280227,162190.0,88.71,203264.0,
183,Random,0.2,87.45,88.69,77.01509642601013,1.2548862445280227,162190.0,88.71,203264.0,
206,Random,0.2,87.45,88.49,57.74890446662903,1.2548862445280227,162190.0,88.71,203264.0,
225,Random,0.2,87.45,89.16,64.26540422439575,1.2548862445280227,162190.0,88.71,203264.0,
229,Random,0.2,87.45,88.39,65.7323796749115,1.2548862445280227,162190.0,88.71,203264.0,
252,Random,0.2,87.45,88.78,63.24268126487732,1.2548862445280227,162190.0,88.71,203264.0,
283,Random,0.2,87.45,88.74,68.85550570487976,1.2548862445280227,162190.0,88.71,203264.0,
82,Random,0.2,87.45,88.74,71.92958736419678,1.2548862445280227,162190.0,88.71,203264.0,
752,Random,0.2,87.45,89.09,55.50816321372986,1.2548862445280227,162190.0,88.71,203264.0,
775,Random,0.2,87.45,88.83,53.67556118965149,1.2548862445280227,162190.0,88.71,203264.0,
839,Random,0.2,87.45,88.52,49.61994981765747,1.2548862445280227,162190.0,88.71,203264.0,
804,Random,0.2,87.45,88.67,51.80866241455078,1.2548862445280227,162190.0,88.71,203264.0,
109,Random,0.2,87.45,89.04,72.5619466304779,1.2548862445280227,162190.0,88.71,203264.0,
470,Random,0.2,87.4,88.6,45.29841899871826,1.2548862445280227,162190.0,88.71,203264.0,
847,Random,0.2,87.45,89.15,65.81176614761353,1.2548862445280227,162190.0,88.71,203264.0,
552,Random,0.2,87.4,88.74,47.729453325271606,1.2548862445280227,162190.0,88.71,203264.0,
566,Random,0.2,87.4,88.78,45.90605425834656,1.2548862445280227,162190.0,88.71,203264.0,
391,Random,0.2,87.4,89.14,47.32233452796936,1.2548862445280227,162190.0,88.71,203264.0,
432,Random,0.2,87.4,88.83,75.7717342376709,1.2548862445280227,162190.0,88.71,203264.0,
602,Random,0.2,87.4,88.35,73.44171094894409,1.2548862445280227,162190.0,88.71,203264.0,
637,Random,0.2,87.4,89.06,43.89336943626404,1.2548862445280227,162190.0,88.71,203264.0,
870,Random,0.2,87.4,87.65,44.41994023323059,1.2548862445280227,162190.0,88.71,203264.0,
946,Random,0.2,87.4,88.38,43.92693638801575,1.2548862445280227,162190.0,88.71,203264.0,
892,Random,0.2,87.4,89.16,50.064796686172485,1.2548862445280227,162190.0,88.71,203264.0,
957,Random,0.2,87.4,88.47,51.742929220199585,1.2548862445280227,162190.0,88.71,203264.0,
153,Random,0.2,87.4,88.66,72.3431396484375,1.2548862445280227,162190.0,88.71,203264.0,
201,Random,0.2,87.4,88.81,65.75370812416077,1.2548862445280227,162190.0,88.71,203264.0,
194,Random,0.2,87.4,88.32,74.11118984222412,1.2548862445280227,162190.0,88.71,203264.0,
259,Random,0.2,87.4,88.9,67.66019368171692,1.2548862445280227,162190.0,88.71,203264.0,
207,Random,0.2,87.4,88.67,69.19134759902954,1.2548862445280227,162190.0,88.71,203264.0,
20,Random,0.2,87.4,89.21,65.60087370872498,1.2548862445280227,162190.0,88.71,203264.0,
26,Random,0.2,87.4,88.84,67.54841709136963,1.2548862445280227,162190.0,88.71,203264.0,
85,Random,0.2,87.4,88.46,73.93127012252808,1.2548862445280227,162190.0,88.71,203264.0,
128,Random,0.2,87.4,89.2,70.06978797912598,1.2548862445280227,162190.0,88.71,203264.0,
757,Random,0.2,87.4,89.06,73.10190343856812,1.2548862445280227,162190.0,88.71,203264.0,
783,Random,0.2,87.4,88.3,70.71076154708862,1.2548862445280227,162190.0,88.71,203264.0,
833,Random,0.2,87.4,88.69,70.96463060379028,1.2548862445280227,162190.0,88.71,203264.0,
454,Random,0.2,87.35,88.98,70.85538625717163,1.2548862445280227,162190.0,88.71,203264.0,
485,Random,0.2,87.35,89.03,71.57838559150696,1.2548862445280227,162190.0,88.71,203264.0,
535,Random,0.2,87.35,88.28,63.363877296447754,1.2548862445280227,162190.0,88.71,203264.0,
533,Random,0.2,87.35,88.93,74.03798532485962,1.2548862445280227,162190.0,88.71,203264.0,
304,Random,0.2,87.35,89.02,63.693952560424805,1.2548862445280227,162190.0,88.71,203264.0,
412,Random,0.2,87.35,89.07,64.38446164131165,1.2548862445280227,162190.0,88.71,203264.0,
632,Random,0.2,87.35,88.89,62.567203521728516,1.2548862445280227,162190.0,88.71,203264.0,
699,Random,0.2,87.35,89.11,57.51610088348389,1.2548862445280227,162190.0,88.71,203264.0,
559,Random,0.2,87.35,89.23,76.50691175460815,1.2548862445280227,162190.0,88.71,203264.0,
859,Random,0.2,87.35,88.7,62.19710326194763,1.2548862445280227,162190.0,88.71,203264.0,
900,Random,0.2,87.35,89.04,74.249032497406,1.2548862445280227,162190.0,88.71,203264.0,
268,Random,0.2,87.35,88.89,68.60444617271423,1.2548862445280227,162190.0,88.71,203264.0,
971,Random,0.2,87.35,88.99,74.1379132270813,1.2548862445280227,162190.0,88.71,203264.0,
27,Random,0.2,87.35,88.56,70.08544898033142,1.2548862445280227,162190.0,88.71,203264.0,
72,Random,0.2,87.35,89.13,71.14020490646362,1.2548862445280227,162190.0,88.71,203264.0,
716,Random,0.2,87.35,88.32,70.8313057422638,1.2548862445280227,162190.0,88.71,203264.0,
730,Random,0.2,87.35,88.68,77.9794089794159,1.2548862445280227,162190.0,88.71,203264.0,
790,Random,0.2,87.35,89.06,70.63989734649658,1.2548862445280227,162190.0,88.71,203264.0,
771,Random,0.2,87.35,88.84,72.62677669525146,1.2548862445280227,162190.0,88.71,203264.0,
835,Random,0.2,87.35,88.71,71.95505166053772,1.2548862445280227,162190.0,88.71,203264.0,
348,Random,0.2,87.3,89.28,67.63927364349365,1.2548862445280227,162190.0,88.71,203264.0,
495,Random,0.2,87.3,88.5,73.00927829742432,1.2548862445280227,162190.0,88.71,203264.0,
519,Random,0.2,87.3,88.43,72.83941745758057,1.2548862445280227,162190.0,88.71,203264.0,
372,Random,0.2,87.3,88.59,56.49173331260681,1.2548862445280227,162190.0,88.71,203264.0,
383,Random,0.2,87.3,88.67,49.534428119659424,1.2548862445280227,162190.0,88.71,203264.0,
596,Random,0.2,87.3,88.2,47.271307945251465,1.2548862445280227,162190.0,88.71,203264.0,
907,Random,0.2,87.3,88.83,45.779836654663086,1.2548862445280227,162190.0,88.71,203264.0,
687,Random,0.2,87.3,89.11,51.034666538238525,1.2548862445280227,162190.0,88.71,203264.0,
574,Random,0.2,87.3,88.57,72.81118941307068,1.2548862445280227,162190.0,88.71,203264.0,
672,Random,0.2,87.3,88.07,68.44261741638184,1.2548862445280227,162190.0,88.71,203264.0,
150,Random,0.2,87.3,88.61,45.59416222572327,1.2548862445280227,162190.0,88.71,203264.0,
230,Random,0.2,87.3,88.97,44.70560026168823,1.2548862445280227,162190.0,88.71,203264.0,
241,Random,0.2,87.3,88.88,45.514209270477295,1.2548862445280227,162190.0,88.71,203264.0,
242,Random,0.2,87.3,88.75,45.16981625556946,1.2548862445280227,162190.0,88.71,203264.0,
279,Random,0.2,87.3,88.48,48.16998505592346,1.2548862445280227,162190.0,88.71,203264.0,
61,Random,0.2,87.3,88.8,45.06408667564392,1.2548862445280227,162190.0,88.71,203264.0,
430,Random,0.2,87.25,89.01,44.226043701171875,1.2548862445280227,162190.0,88.71,203264.0,
516,Random,0.2,87.25,88.81,44.74469041824341,1.2548862445280227,162190.0,88.71,203264.0,
294,Random,0.2,87.25,88.98,44.60954999923706,1.2548862445280227,162190.0,88.71,203264.0,
33,Random,0.2,87.3,88.23,75.50867128372192,1.2548862445280227,162190.0,88.71,203264.0,
349,Random,0.2,87.25,88.52,45.71201252937317,1.2548862445280227,162190.0,88.71,203264.0,
46,Random,0.2,87.3,88.71,79.20152878761292,1.2548862445280227,162190.0,88.71,203264.0,
385,Random,0.2,87.25,88.87,44.37028884887695,1.2548862445280227,162190.0,88.71,203264.0,
427,Random,0.2,87.25,88.87,43.07301735877991,1.2548862445280227,162190.0,88.71,203264.0,
615,Random,0.2,87.25,89.18,42.85531497001648,1.2548862445280227,162190.0,88.71,203264.0,
676,Random,0.2,87.25,88.32,44.30369687080383,1.2548862445280227,162190.0,88.71,203264.0,
147,Random,0.2,87.25,88.48,50.277825593948364,1.2548862445280227,162190.0,88.71,203264.0,
913,Random,0.2,87.25,88.73,73.45356559753418,1.2548862445280227,162190.0,88.71,203264.0,
247,Random,0.2,87.25,88.79,71.60258746147156,1.2548862445280227,162190.0,88.71,203264.0,
9,Random,0.2,87.25,88.59,66.29248666763306,1.2548862445280227,162190.0,88.71,203264.0,
70,Random,0.2,87.25,88.32,67.92312502861023,1.2548862445280227,162190.0,88.71,203264.0,
119,Random,0.2,87.25,89.18,71.51516938209534,1.2548862445280227,162190.0,88.71,203264.0,
737,Random,0.2,87.25,89.1,67.98049330711365,1.2548862445280227,162190.0,88.71,203264.0,
827,Random,0.2,87.25,88.66,70.57869815826416,1.2548862445280227,162190.0,88.71,203264.0,
544,Random,0.2,87.2,89.07,66.79700231552124,1.2548862445280227,162190.0,88.71,203264.0,
532,Random,0.2,87.2,88.43,70.92403984069824,1.2548862445280227,162190.0,88.71,203264.0,
549,Random,0.2,87.2,88.81,61.584261417388916,1.2548862445280227,162190.0,88.71,203264.0,
337,Random,0.2,87.2,88.4,60.97422242164612,1.2548862445280227,162190.0,88.71,203264.0,
577,Random,0.2,87.2,88.8,58.62386417388916,1.2548862445280227,162190.0,88.71,203264.0,
417,Random,0.2,87.2,89.02,61.670814037323,1.2548862445280227,162190.0,88.71,203264.0,
583,Random,0.2,87.2,88.03,53.23068833351135,1.2548862445280227,162190.0,88.71,203264.0,
774,Random,0.2,87.2,88.81,44.802215814590454,1.2548862445280227,162190.0,88.71,203264.0,
789,Random,0.2,87.2,88.8,47.9346559047699,1.2548862445280227,162190.0,88.71,203264.0,
159,Random,0.2,87.2,88.63,72.90703177452087,1.2548862445280227,162190.0,88.71,203264.0,
908,Random,0.2,87.2,88.87,74.94939994812012,1.2548862445280227,162190.0,88.71,203264.0,
815,Random,0.2,87.2,88.89,52.98518180847168,1.2548862445280227,162190.0,88.71,203264.0,
461,Random,0.2,87.15,88.98,57.67124009132385,1.2548862445280227,162190.0,88.71,203264.0,
465,Random,0.2,87.15,89.03,59.41417574882507,1.2548862445280227,162190.0,88.71,203264.0,
320,Random,0.2,87.15,88.64,70.0847864151001,1.2548862445280227,162190.0,88.71,203264.0,
538,Random,0.2,87.15,87.97,77.49311351776123,1.2548862445280227,162190.0,88.71,203264.0,
403,Random,0.2,87.15,89.13,65.10428166389465,1.2548862445280227,162190.0,88.71,203264.0,
376,Random,0.2,87.15,88.73,72.29959630966187,1.2548862445280227,162190.0,88.71,203264.0,
641,Random,0.2,87.15,89.03,72.06031584739685,1.2548862445280227,162190.0,88.71,203264.0,
876,Random,0.2,87.15,88.86,70.82092809677124,1.2548862445280227,162190.0,88.71,203264.0,
981,Random,0.2,87.15,88.52,71.16788578033447,1.2548862445280227,162190.0,88.71,203264.0,
468,Random,0.2,87.1,88.67,58.693867683410645,1.2548862445280227,162190.0,88.71,203264.0,
831,Random,0.2,87.15,88.79,70.67645359039307,1.2548862445280227,162190.0,88.71,203264.0,
446,Random,0.2,87.1,88.7,70.99405097961426,1.2548862445280227,162190.0,88.71,203264.0,
321,Random,0.2,87.1,88.96,63.47740864753723,1.2548862445280227,162190.0,88.71,203264.0,
333,Random,0.2,87.1,88.39,71.20394730567932,1.2548862445280227,162190.0,88.71,203264.0,
657,Random,0.2,87.1,88.31,72.13499093055725,1.2548862445280227,162190.0,88.71,203264.0,
671,Random,0.2,87.1,89.08,70.70975375175476,1.2548862445280227,162190.0,88.71,203264.0,
691,Random,0.2,87.1,89.05,58.744078159332275,1.2548862445280227,162190.0,88.71,203264.0,
991,Random,0.2,87.1,89.02,70.52126955986023,1.2548862445280227,162190.0,88.71,203264.0,
899,Random,0.2,87.1,88.74,73.52235817909241,1.2548862445280227,162190.0,88.71,203264.0,
917,Random,0.2,87.1,89.05,73.08515357971191,1.2548862445280227,162190.0,88.71,203264.0,
163,Random,0.2,87.1,88.58,70.27690005302429,1.2548862445280227,162190.0,88.71,203264.0,
185,Random,0.2,87.1,88.9,71.43666863441467,1.2548862445280227,162190.0,88.71,203264.0,
215,Random,0.2,87.1,88.79,68.38510370254517,1.2548862445280227,162190.0,88.71,203264.0,
267,Random,0.2,87.1,88.82,76.65430665016174,1.2548862445280227,162190.0,88.71,203264.0,
813,Random,0.2,87.1,89.25,70.24253225326538,1.2548862445280227,162190.0,88.71,203264.0,
291,Random,0.2,87.05,89.0,70.52939677238464,1.2548862445280227,162190.0,88.71,203264.0,
277,Random,0.2,87.1,88.64,73.3627417087555,1.2548862445280227,162190.0,88.71,203264.0,
323,Random,0.2,87.05,88.34,68.3049201965332,1.2548862445280227,162190.0,88.71,203264.0,
354,Random,0.2,87.05,88.55,70.274169921875,1.2548862445280227,162190.0,88.71,203264.0,
705,Random,0.2,87.05,88.38,70.44353437423706,1.2548862445280227,162190.0,88.71,203264.0,
898,Random,0.2,87.05,89.18,71.6653184890747,1.2548862445280227,162190.0,88.71,203264.0,
152,Random,0.2,87.05,89.08,68.52975630760193,1.2548862445280227,162190.0,88.71,203264.0,
972,Random,0.2,87.05,88.38,70.59396815299988,1.2548862445280227,162190.0,88.71,203264.0,
256,Random,0.2,87.05,88.58,67.04631280899048,1.2548862445280227,162190.0,88.71,203264.0,
187,Random,0.2,87.05,88.57,78.47888731956482,1.2548862445280227,162190.0,88.71,203264.0,
280,Random,0.2,87.05,88.64,70.51808667182922,1.2548862445280227,162190.0,88.71,203264.0,
747,Random,0.2,87.05,88.41,70.86506962776184,1.2548862445280227,162190.0,88.71,203264.0,
851,Random,0.2,87.05,88.43,73.52918934822083,1.2548862445280227,162190.0,88.71,203264.0,
857,Random,0.2,87.05,88.73,68.19835495948792,1.2548862445280227,162190.0,88.71,203264.0,
502,Random,0.2,87.0,88.8,69.30659508705139,1.2548862445280227,162190.0,88.71,203264.0,
527,Random,0.2,87.0,88.69,67.3627941608429,1.2548862445280227,162190.0,88.71,203264.0,
388,Random,0.2,87.0,88.85,73.52893996238708,1.2548862445280227,162190.0,88.71,203264.0,
400,Random,0.2,87.0,88.43,65.40498995780945,1.2548862445280227,162190.0,88.71,203264.0,
410,Random,0.2,87.0,88.82,61.9638671875,1.2548862445280227,162190.0,88.71,203264.0,
934,Random,0.2,87.0,88.57,55.10182166099548,1.2548862445280227,162190.0,88.71,203264.0,
961,Random,0.2,87.0,89.02,56.086108684539795,1.2548862445280227,162190.0,88.71,203264.0,
996,Random,0.2,87.0,87.49,55.5109760761261,1.2548862445280227,162190.0,88.71,203264.0,
680,Random,0.2,87.0,88.85,70.84103965759277,1.2548862445280227,162190.0,88.71,203264.0,
41,Random,0.2,87.0,88.91,51.6690309047699,1.2548862445280227,162190.0,88.71,203264.0,
23,Random,0.2,87.0,89.08,53.47024965286255,1.2548862445280227,162190.0,88.71,203264.0,
15,Random,0.2,87.0,88.59,76.41617274284363,1.2548862445280227,162190.0,88.71,203264.0,
91,Random,0.2,87.0,88.58,48.75381946563721,1.2548862445280227,162190.0,88.71,203264.0,
115,Random,0.2,87.0,88.43,47.45361566543579,1.2548862445280227,162190.0,88.71,203264.0,
720,Random,0.2,87.0,88.44,46.465474367141724,1.2548862445280227,162190.0,88.71,203264.0,
441,Random,0.2,86.95,88.96,47.82122755050659,1.2548862445280227,162190.0,88.71,203264.0,
300,Random,0.2,86.95,88.26,47.35847067832947,1.2548862445280227,162190.0,88.71,203264.0,
819,Random,0.2,87.0,88.81,76.14951276779175,1.2548862445280227,162190.0,88.71,203264.0,
581,Random,0.2,86.95,89.06,45.13286209106445,1.2548862445280227,162190.0,88.71,203264.0,
609,Random,0.2,86.95,89.22,46.30335831642151,1.2548862445280227,162190.0,88.71,203264.0,
659,Random,0.2,86.95,88.01,44.99527668952942,1.2548862445280227,162190.0,88.71,203264.0,
389,Random,0.2,86.95,87.9,75.2089216709137,1.2548862445280227,162190.0,88.71,203264.0,
182,Random,0.2,86.95,88.92,52.5055935382843,1.2548862445280227,162190.0,88.71,203264.0,
975,Random,0.2,86.95,88.77,56.31744432449341,1.2548862445280227,162190.0,88.71,203264.0,
224,Random,0.2,86.95,88.89,58.69480562210083,1.2548862445280227,162190.0,88.71,203264.0,
273,Random,0.2,86.95,89.07,58.66604781150818,1.2548862445280227,162190.0,88.71,203264.0,
184,Random,0.2,86.95,88.73,71.53415036201477,1.2548862445280227,162190.0,88.71,203264.0,
6,Random,0.2,86.95,88.7,58.6041784286499,1.2548862445280227,162190.0,88.71,203264.0,
484,Random,0.2,86.9,89.18,51.155906200408936,1.2548862445280227,162190.0,88.71,203264.0,
504,Random,0.2,86.9,88.79,50.72902822494507,1.2548862445280227,162190.0,88.71,203264.0,
139,Random,0.2,86.95,89.28,74.8908462524414,1.2548862445280227,162190.0,88.71,203264.0,
563,Random,0.2,86.9,88.98,48.61211800575256,1.2548862445280227,162190.0,88.71,203264.0,
600,Random,0.2,86.9,88.47,52.101409673690796,1.2548862445280227,162190.0,88.71,203264.0,
914,Random,0.2,86.9,87.99,53.68221616744995,1.2548862445280227,162190.0,88.71,203264.0,
16,Random,0.2,86.9,88.81,57.819886207580566,1.2548862445280227,162190.0,88.71,203264.0,
684,Random,0.2,86.9,88.97,71.42730593681335,1.2548862445280227,162190.0,88.71,203264.0,
100,Random,0.2,86.9,88.59,60.48622226715088,1.2548862445280227,162190.0,88.71,203264.0,
848,Random,0.2,86.9,88.82,55.100046157836914,1.2548862445280227,162190.0,88.71,203264.0,
510,Random,0.2,86.85,88.53,52.24841070175171,1.2548862445280227,162190.0,88.71,203264.0,
521,Random,0.2,86.85,88.65,49.60624623298645,1.2548862445280227,162190.0,88.71,203264.0,
805,Random,0.2,86.9,88.49,78.27291345596313,1.2548862445280227,162190.0,88.71,203264.0,
322,Random,0.2,86.85,88.8,47.040138721466064,1.2548862445280227,162190.0,88.71,203264.0,
117,Random,0.2,86.85,89.09,50.23672914505005,1.2548862445280227,162190.0,88.71,203264.0,
728,Random,0.2,86.85,88.34,46.26241421699524,1.2548862445280227,162190.0,88.71,203264.0,
950,Random,0.2,86.85,89.11,73.55245351791382,1.2548862445280227,162190.0,88.71,203264.0,
553,Random,0.2,86.8,88.8,46.556530237197876,1.2548862445280227,162190.0,88.71,203264.0,
310,Random,0.2,86.8,88.71,45.417415142059326,1.2548862445280227,162190.0,88.71,203264.0,
411,Random,0.2,86.8,88.76,46.510839223861694,1.2548862445280227,162190.0,88.71,203264.0,
587,Random,0.2,86.8,88.46,49.60589575767517,1.2548862445280227,162190.0,88.71,203264.0,
377,Random,0.2,86.8,89.06,69.00150656700134,1.2548862445280227,162190.0,88.71,203264.0,
634,Random,0.2,86.8,88.78,49.86683964729309,1.2548862445280227,162190.0,88.71,203264.0,
978,Random,0.2,86.8,88.98,49.545905113220215,1.2548862445280227,162190.0,88.71,203264.0,
906,Random,0.2,86.8,88.82,52.345407009124756,1.2548862445280227,162190.0,88.71,203264.0,
666,Random,0.2,86.8,89.07,72.39647436141968,1.2548862445280227,162190.0,88.71,203264.0,
248,Random,0.2,86.8,89.25,54.178471088409424,1.2548862445280227,162190.0,88.71,203264.0,
121,Random,0.2,86.8,88.66,56.72374677658081,1.2548862445280227,162190.0,88.71,203264.0,
324,Random,0.2,86.75,89.24,54.13318729400635,1.2548862445280227,162190.0,88.71,203264.0,
480,Random,0.2,86.75,88.64,73.51996970176697,1.2548862445280227,162190.0,88.71,203264.0,
943,Random,0.2,86.75,88.98,54.43824505805969,1.2548862445280227,162190.0,88.71,203264.0,
959,Random,0.2,86.75,89.2,58.019960165023804,1.2548862445280227,162190.0,88.71,203264.0,
219,Random,0.2,86.75,89.28,65.79345154762268,1.2548862445280227,162190.0,88.71,203264.0,
986,Random,0.2,86.75,88.88,76.06760907173157,1.2548862445280227,162190.0,88.71,203264.0,
107,Random,0.2,86.75,88.38,62.27840495109558,1.2548862445280227,162190.0,88.71,203264.0,
579,Random,0.2,86.7,89.24,60.376184940338135,1.2548862445280227,162190.0,88.71,203264.0,
644,Random,0.2,86.7,88.98,59.27025103569031,1.2548862445280227,162190.0,88.71,203264.0,
873,Random,0.2,86.7,88.53,62.25429558753967,1.2548862445280227,162190.0,88.71,203264.0,
608,Random,0.2,86.7,88.18,71.03629493713379,1.2548862445280227,162190.0,88.71,203264.0,
888,Random,0.2,86.7,88.58,57.994858741760254,1.2548862445280227,162190.0,88.71,203264.0,
57,Random,0.2,86.7,88.04,49.081467628479004,1.2548862445280227,162190.0,88.71,203264.0,
960,Random,0.2,86.7,88.76,70.6847915649414,1.2548862445280227,162190.0,88.71,203264.0,
767,Random,0.2,86.7,88.71,53.36498403549194,1.2548862445280227,162190.0,88.71,203264.0,
557,Random,0.2,86.65,88.57,56.53188896179199,1.2548862445280227,162190.0,88.71,203264.0,
289,Random,0.2,86.65,88.87,64.68418550491333,1.2548862445280227,162190.0,88.71,203264.0,
331,Random,0.2,86.65,88.27,63.533101081848145,1.2548862445280227,162190.0,88.71,203264.0,
405,Random,0.2,86.65,88.36,64.66170144081116,1.2548862445280227,162190.0,88.71,203264.0,
868,Random,0.2,86.65,88.97,65.08737277984619,1.2548862445280227,162190.0,88.71,203264.0,
67,Random,0.2,86.65,87.45,60.879916191101074,1.2548862445280227,162190.0,88.71,203264.0,
800,Random,0.2,86.65,89.07,56.54912185668945,1.2548862445280227,162190.0,88.71,203264.0,
250,Random,0.2,86.65,88.55,66.64552426338196,1.2548862445280227,162190.0,88.71,203264.0,
451,Random,0.2,86.6,88.68,56.4497344493866,1.2548862445280227,162190.0,88.71,203264.0,
491,Random,0.2,86.6,88.36,69.93989324569702,1.2548862445280227,162190.0,88.71,203264.0,
985,Random,0.2,86.6,88.56,52.89658451080322,1.2548862445280227,162190.0,88.71,203264.0,
204,Random,0.2,86.6,88.58,53.73895049095154,1.2548862445280227,162190.0,88.71,203264.0,
274,Random,0.2,86.6,88.73,52.82761597633362,1.2548862445280227,162190.0,88.71,203264.0,
51,Random,0.2,86.6,89.33,54.42495059967041,1.2548862445280227,162190.0,88.71,203264.0,
506,Random,0.2,86.55,88.41,60.31969380378723,1.2548862445280227,162190.0,88.71,203264.0,
92,Random,0.2,86.6,88.74,74.65394258499146,1.2548862445280227,162190.0,88.71,203264.0,
537,Random,0.2,86.55,88.82,66.64780950546265,1.2548862445280227,162190.0,88.71,203264.0,
645,Random,0.2,86.55,89.0,64.35927557945251,1.2548862445280227,162190.0,88.71,203264.0,
515,Random,0.2,86.55,88.81,69.76612377166748,1.2548862445280227,162190.0,88.71,203264.0,
924,Random,0.2,86.55,88.71,70.75567269325256,1.2548862445280227,162190.0,88.71,203264.0,
177,Random,0.2,86.55,88.6,70.69685745239258,1.2548862445280227,162190.0,88.71,203264.0,
792,Random,0.2,86.55,88.71,60.05250263214111,1.2548862445280227,162190.0,88.71,203264.0,
245,Random,0.2,86.55,88.44,69.1282730102539,1.2548862445280227,162190.0,88.71,203264.0,
124,Random,0.2,86.5,88.81,58.64307355880737,1.2548862445280227,162190.0,88.71,203264.0,
420,Random,0.2,86.5,88.93,61.86997675895691,1.2548862445280227,162190.0,88.71,203264.0,
311,Random,0.2,86.5,87.98,66.4527657032013,1.2548862445280227,162190.0,88.71,203264.0,
338,Random,0.2,86.45,88.86,59.95901870727539,1.2548862445280227,162190.0,88.71,203264.0,
660,Random,0.2,86.45,88.7,61.95115256309509,1.2548862445280227,162190.0,88.71,203264.0,
62,Random,0.2,86.45,89.24,60.63226509094238,1.2548862445280227,162190.0,88.71,203264.0,
84,Random,0.2,86.45,88.93,64.05870056152344,1.2548862445280227,162190.0,88.71,203264.0,
727,Random,0.2,86.45,88.93,49.84794878959656,1.2548862445280227,162190.0,88.71,203264.0,
570,Random,0.2,86.4,88.71,57.22567653656006,1.2548862445280227,162190.0,88.71,203264.0,
497,Random,0.2,86.4,88.94,72.31566405296326,1.2548862445280227,162190.0,88.71,203264.0,
638,Random,0.2,86.4,88.69,69.88892245292664,1.2548862445280227,162190.0,88.71,203264.0,
157,Random,0.2,86.4,89.27,66.17898797988892,1.2548862445280227,162190.0,88.71,203264.0,
112,Random,0.2,86.4,88.13,58.191526651382446,1.2548862445280227,162190.0,88.71,203264.0,
753,Random,0.2,86.35,88.54,56.71661686897278,1.2548862445280227,162190.0,88.71,203264.0,
838,Random,0.2,86.4,88.86,58.48113775253296,1.2548862445280227,162190.0,88.71,203264.0,
478,Random,0.2,86.3,88.8,53.20914936065674,1.2548862445280227,162190.0,88.71,203264.0,
481,Random,0.2,86.3,88.59,50.078519344329834,1.2548862445280227,162190.0,88.71,203264.0,
263,Random,0.2,86.3,88.79,44.64250063896179,1.2548862445280227,162190.0,88.71,203264.0,
94,Random,0.2,86.3,89.26,45.04683256149292,1.2548862445280227,162190.0,88.71,203264.0,
137,Random,0.2,86.3,88.23,45.67184114456177,1.2548862445280227,162190.0,88.71,203264.0,
404,Random,0.2,86.25,88.54,44.0574951171875,1.2548862445280227,162190.0,88.71,203264.0,
19,Random,0.2,86.25,88.79,45.68143439292908,1.2548862445280227,162190.0,88.71,203264.0,
28,Random,0.2,86.25,88.58,44.80720639228821,1.2548862445280227,162190.0,88.71,203264.0,
500,Random,0.2,86.2,88.71,46.969029903411865,1.2548862445280227,162190.0,88.71,203264.0,
87,Random,0.2,86.1,88.88,44.75937342643738,1.2548862445280227,162190.0,88.71,203264.0,
853,Random,0.2,86.0,88.28,44.78905272483826,1.2548862445280227,162190.0,88.71,203264.0,
821,Random,0.2,85.95,88.76,44.41332149505615,1.2548862445280227,162190.0,88.71,203264.0,
319,Random,0.2,85.9,88.43,43.29888439178467,1.2548862445280227,162190.0,88.71,203264.0,
920,Random,0.2,85.9,89.21,44.66593384742737,1.2548862445280227,162190.0,88.71,203264.0,
810,Random,0.2,85.9,88.86,44.957772731781006,1.2548862445280227,162190.0,88.71,203264.0,
437,Random,0.2,85.85,88.59,46.60284686088562,1.2548862445280227,162190.0,88.71,203264.0,
378,Random,0.2,85.8,88.85,44.851572036743164,1.2548862445280227,162190.0,88.71,203264.0,
352,Random,0.2,85.7,88.4,44.2169349193573,1.2548862445280227,162190.0,88.71,203264.0,
758,Random,0.2,85.7,88.98,45.332942962646484,1.2548862445280227,162190.0,88.71,203264.0,
845,Random,0.2,85.7,88.48,43.76096749305725,1.2548862445280227,162190.0,88.71,203264.0,
22,Random,0.2,85.6,89.02,43.304203033447266,1.2548862445280227,162190.0,88.71,203264.0,
988,Random,0.2,85.25,88.72,44.095470666885376,1.2548862445280227,162190.0,88.71,203264.0,
933,Random,0.2,85.1,88.76,44.38558387756348,1.2548862445280227,162190.0,88.71,203264.0,
1,Spectral,0.2,,88.12,29.539665460586548,1.2487652237936007,162985.0,88.71,203264.0,162770.0
532,Random,0.3,88.75,88.86,42.712698459625244,1.4301373713241752,142315.0,88.71,203264.0,
523,Random,0.3,88.55,88.79,42.131996870040894,1.4301373713241752,142315.0,88.71,203264.0,
492,Random,0.3,88.75,88.89,43.233978033065796,1.4301373713241752,142315.0,88.71,203264.0,
635,Random,0.3,88.55,88.88,43.10672307014465,1.4301373713241752,142315.0,88.71,203264.0,
962,Random,0.3,88.95,89.1,44.23110818862915,1.4301373713241752,142315.0,88.71,203264.0,
364,Random,0.3,88.55,88.78,44.447896003723145,1.4301373713241752,142315.0,88.71,203264.0,
87,Random,0.3,88.8,88.57,45.105706214904785,1.4301373713241752,142315.0,88.71,203264.0,
260,Random,0.3,88.45,88.8,41.46385192871094,1.4301373713241752,142315.0,88.71,203264.0,
623,Random,0.3,88.4,89.21,41.45509433746338,1.4301373713241752,142315.0,88.71,203264.0,
464,Random,0.3,88.4,89.35,42.09930419921875,1.4301373713241752,142315.0,88.71,203264.0,
392,Random,0.3,88.3,89.02,42.480255365371704,1.4301373713241752,142315.0,88.71,203264.0,
195,Random,0.3,88.3,88.79,43.24937343597412,1.4301373713241752,142315.0,88.71,203264.0,
562,Random,0.3,88.3,89.12,43.29893970489502,1.4301373713241752,142315.0,88.71,203264.0,
984,Random,0.3,88.3,88.5,44.34395384788513,1.4301373713241752,142315.0,88.71,203264.0,
790,Random,0.3,88.3,88.64,41.90200352668762,1.4301373713241752,142315.0,88.71,203264.0,
340,Random,0.3,88.25,88.69,41.98954176902771,1.4301373713241752,142315.0,88.71,203264.0,
245,Random,0.3,88.25,89.11,42.050729513168335,1.4301373713241752,142315.0,88.71,203264.0,
389,Random,0.3,88.25,88.8,43.358701944351196,1.4301373713241752,142315.0,88.71,203264.0,
638,Random,0.3,88.25,88.63,43.40614295005798,1.4301373713241752,142315.0,88.71,203264.0,
764,Random,0.3,88.25,88.58,43.08801078796387,1.4301373713241752,142315.0,88.71,203264.0,
776,Random,0.3,88.25,88.29,45.35019659996033,1.4301373713241752,142315.0,88.71,203264.0,
855,Random,0.3,88.25,88.22,41.90972352027893,1.4301373713241752,142315.0,88.71,203264.0,
114,Random,0.3,88.25,89.09,42.091792821884155,1.4301373713241752,142315.0,88.71,203264.0,
390,Random,0.3,88.2,88.94,41.90167760848999,1.4301373713241752,142315.0,88.71,203264.0,
437,Random,0.3,88.2,88.86,42.95735025405884,1.4301373713241752,142315.0,88.71,203264.0,
487,Random,0.3,88.2,88.67,42.98765850067139,1.4301373713241752,142315.0,88.71,203264.0,
898,Random,0.3,88.2,88.96,42.54965853691101,1.4301373713241752,142315.0,88.71,203264.0,
738,Random,0.3,88.2,88.02,43.701902866363525,1.4301373713241752,142315.0,88.71,203264.0,
193,Random,0.3,88.15,88.58,41.84697508811951,1.4301373713241752,142315.0,88.71,203264.0,
510,Random,0.3,88.15,89.03,42.57568430900574,1.4301373713241752,142315.0,88.71,203264.0,
526,Random,0.3,88.15,88.97,42.091062784194946,1.4301373713241752,142315.0,88.71,203264.0,
608,Random,0.3,88.15,88.51,43.27466559410095,1.4301373713241752,142315.0,88.71,203264.0,
698,Random,0.3,88.15,88.7,42.77385473251343,1.4301373713241752,142315.0,88.71,203264.0,
914,Random,0.3,88.15,88.6,42.93332767486572,1.4301373713241752,142315.0,88.71,203264.0,
977,Random,0.3,88.15,88.27,43.04303169250488,1.4301373713241752,142315.0,88.71,203264.0,
982,Random,0.3,88.15,88.68,42.14395308494568,1.4301373713241752,142315.0,88.71,203264.0,
748,Random,0.3,88.15,89.0,42.45290279388428,1.4301373713241752,142315.0,88.71,203264.0,
384,Random,0.3,88.1,88.7,41.85228681564331,1.4301373713241752,142315.0,88.71,203264.0,
671,Random,0.3,88.1,88.59,42.279072523117065,1.4301373713241752,142315.0,88.71,203264.0,
99,Random,0.3,88.1,88.66,42.0529522895813,1.4301373713241752,142315.0,88.71,203264.0,
936,Random,0.3,88.1,89.04,43.39199137687683,1.4301373713241752,142315.0,88.71,203264.0,
322,Random,0.3,88.05,89.11,43.16632676124573,1.4301373713241752,142315.0,88.71,203264.0,
339,Random,0.3,88.05,88.72,41.20522975921631,1.4301373713241752,142315.0,88.71,203264.0,
369,Random,0.3,88.05,88.58,41.78099966049194,1.4301373713241752,142315.0,88.71,203264.0,
405,Random,0.3,88.05,88.7,40.479656457901,1.4301373713241752,142315.0,88.71,203264.0,
188,Random,0.3,88.05,88.83,41.534188985824585,1.4301373713241752,142315.0,88.71,203264.0,
204,Random,0.3,88.05,88.64,41.25860381126404,1.4301373713241752,142315.0,88.71,203264.0,
528,Random,0.3,88.05,89.24,44.37146210670471,1.4301373713241752,142315.0,88.71,203264.0,
626,Random,0.3,88.05,88.77,44.851806640625,1.4301373713241752,142315.0,88.71,203264.0,
997,Random,0.3,88.05,88.71,41.72233295440674,1.4301373713241752,142315.0,88.71,203264.0,
33,Random,0.3,88.05,88.58,40.54986095428467,1.4301373713241752,142315.0,88.71,203264.0,
834,Random,0.3,88.05,88.18,41.399789571762085,1.4301373713241752,142315.0,88.71,203264.0,
118,Random,0.3,88.05,88.38,41.0867977142334,1.4301373713241752,142315.0,88.71,203264.0,
74,Random,0.3,88.05,89.17,41.80553865432739,1.4301373713241752,142315.0,88.71,203264.0,
326,Random,0.3,88.0,88.8,44.943822383880615,1.4301373713241752,142315.0,88.71,203264.0,
353,Random,0.3,88.0,88.82,43.124895095825195,1.4301373713241752,142315.0,88.71,203264.0,
471,Random,0.3,88.0,89.39,40.632543087005615,1.4301373713241752,142315.0,88.71,203264.0,
610,Random,0.3,88.0,89.08,40.77281188964844,1.4301373713241752,142315.0,88.71,203264.0,
965,Random,0.3,88.0,88.29,41.075889348983765,1.4301373713241752,142315.0,88.71,203264.0,
812,Random,0.3,88.0,88.83,41.554091453552246,1.4301373713241752,142315.0,88.71,203264.0,
38,Random,0.3,88.0,88.55,43.15378189086914,1.4301373713241752,142315.0,88.71,203264.0,
325,Random,0.3,87.95,88.53,44.09693121910095,1.4301373713241752,142315.0,88.71,203264.0,
258,Random,0.3,87.95,88.79,43.9107460975647,1.4301373713241752,142315.0,88.71,203264.0,
259,Random,0.3,87.95,89.28,41.64618110656738,1.4301373713241752,142315.0,88.71,203264.0,
498,Random,0.3,87.95,88.68,41.298084020614624,1.4301373713241752,142315.0,88.71,203264.0,
540,Random,0.3,87.95,88.76,41.68907403945923,1.4301373713241752,142315.0,88.71,203264.0,
600,Random,0.3,87.95,89.18,41.244603872299194,1.4301373713241752,142315.0,88.71,203264.0,
646,Random,0.3,87.95,89.24,42.71557641029358,1.4301373713241752,142315.0,88.71,203264.0,
725,Random,0.3,87.95,89.42,43.43984270095825,1.4301373713241752,142315.0,88.71,203264.0,
355,Random,0.3,87.9,89.01,44.0780987739563,1.4301373713241752,142315.0,88.71,203264.0,
367,Random,0.3,87.9,88.88,41.804009437561035,1.4301373713241752,142315.0,88.71,203264.0,
414,Random,0.3,87.9,88.37,41.08582019805908,1.4301373713241752,142315.0,88.71,203264.0,
168,Random,0.3,87.9,88.93,41.471423625946045,1.4301373713241752,142315.0,88.71,203264.0,
275,Random,0.3,87.9,89.04,42.98061156272888,1.4301373713241752,142315.0,88.71,203264.0,
560,Random,0.3,87.9,88.62,41.79468822479248,1.4301373713241752,142315.0,88.71,203264.0,
713,Random,0.3,87.9,88.88,43.90297555923462,1.4301373713241752,142315.0,88.71,203264.0,
926,Random,0.3,87.9,88.81,44.25471234321594,1.4301373713241752,142315.0,88.71,203264.0,
783,Random,0.3,87.9,88.88,41.444969177246094,1.4301373713241752,142315.0,88.71,203264.0,
785,Random,0.3,87.9,88.23,40.86671829223633,1.4301373713241752,142315.0,88.71,203264.0,
795,Random,0.3,87.9,88.79,41.869991064071655,1.4301373713241752,142315.0,88.71,203264.0,
819,Random,0.3,87.9,88.67,42.29352045059204,1.4301373713241752,142315.0,88.71,203264.0,
20,Random,0.3,87.9,88.97,40.910659074783325,1.4301373713241752,142315.0,88.71,203264.0,
27,Random,0.3,87.9,89.03,43.76505398750305,1.4301373713241752,142315.0,88.71,203264.0,
75,Random,0.3,87.9,89.09,44.46250319480896,1.4301373713241752,142315.0,88.71,203264.0,
116,Random,0.3,87.9,89.16,41.3733925819397,1.4301373713241752,142315.0,88.71,203264.0,
178,Random,0.3,87.85,88.57,40.80129361152649,1.4301373713241752,142315.0,88.71,203264.0,
276,Random,0.3,87.85,88.76,41.02742314338684,1.4301373713241752,142315.0,88.71,203264.0,
450,Random,0.3,87.85,88.62,41.665926456451416,1.4301373713241752,142315.0,88.71,203264.0,
566,Random,0.3,87.85,88.43,42.34294390678406,1.4301373713241752,142315.0,88.71,203264.0,
637,Random,0.3,87.85,87.79,43.44760227203369,1.4301373713241752,142315.0,88.71,203264.0,
959,Random,0.3,87.85,89.0,44.03465175628662,1.4301373713241752,142315.0,88.71,203264.0,
813,Random,0.3,87.85,88.43,41.89653158187866,1.4301373713241752,142315.0,88.71,203264.0,
967,Random,0.3,87.85,89.02,42.07140874862671,1.4301373713241752,142315.0,88.71,203264.0,
84,Random,0.3,87.85,88.91,41.2877254486084,1.4301373713241752,142315.0,88.71,203264.0,
120,Random,0.3,87.85,89.01,41.81384515762329,1.4301373713241752,142315.0,88.71,203264.0,
190,Random,0.3,87.8,88.77,41.30060887336731,1.4301373713241752,142315.0,88.71,203264.0,
217,Random,0.3,87.8,88.68,43.57779121398926,1.4301373713241752,142315.0,88.71,203264.0,
488,Random,0.3,87.8,88.67,43.93008589744568,1.4301373713241752,142315.0,88.71,203264.0,
616,Random,0.3,87.8,89.05,41.425238609313965,1.4301373713241752,142315.0,88.71,203264.0,
770,Random,0.3,87.8,88.54,41.69982409477234,1.4301373713241752,142315.0,88.71,203264.0,
128,Random,0.3,87.8,88.91,41.182995319366455,1.4301373713241752,142315.0,88.71,203264.0,
429,Random,0.3,87.75,88.98,41.15420317649841,1.4301373713241752,142315.0,88.71,203264.0,
351,Random,0.3,87.75,88.9,42.51140117645264,1.4301373713241752,142315.0,88.71,203264.0,
154,Random,0.3,87.75,88.72,43.42440390586853,1.4301373713241752,142315.0,88.71,203264.0,
212,Random,0.3,87.75,88.95,43.78256940841675,1.4301373713241752,142315.0,88.71,203264.0,
238,Random,0.3,87.75,88.68,41.3609254360199,1.4301373713241752,142315.0,88.71,203264.0,
631,Random,0.3,87.75,88.89,41.813520669937134,1.4301373713241752,142315.0,88.71,203264.0,
497,Random,0.3,87.75,89.16,42.53442096710205,1.4301373713241752,142315.0,88.71,203264.0,
701,Random,0.3,87.75,88.51,42.888357639312744,1.4301373713241752,142315.0,88.71,203264.0,
674,Random,0.3,87.75,88.11,43.58243536949158,1.4301373713241752,142315.0,88.71,203264.0,
861,Random,0.3,87.75,89.01,42.695164918899536,1.4301373713241752,142315.0,88.71,203264.0,
835,Random,0.3,87.75,88.8,43.11613607406616,1.4301373713241752,142315.0,88.71,203264.0,
385,Random,0.3,87.7,88.97,41.28555107116699,1.4301373713241752,142315.0,88.71,203264.0,
393,Random,0.3,87.7,88.98,43.058154344558716,1.4301373713241752,142315.0,88.71,203264.0,
422,Random,0.3,87.7,88.58,42.26657748222351,1.4301373713241752,142315.0,88.71,203264.0,
179,Random,0.3,87.7,88.62,41.841803312301636,1.4301373713241752,142315.0,88.71,203264.0,
247,Random,0.3,87.7,88.96,42.45463991165161,1.4301373713241752,142315.0,88.71,203264.0,
598,Random,0.3,87.7,89.22,42.690215826034546,1.4301373713241752,142315.0,88.71,203264.0,
607,Random,0.3,87.7,88.85,42.61055946350098,1.4301373713241752,142315.0,88.71,203264.0,
693,Random,0.3,87.7,88.97,41.89589834213257,1.4301373713241752,142315.0,88.71,203264.0,
883,Random,0.3,87.7,89.02,42.16570544242859,1.4301373713241752,142315.0,88.71,203264.0,
710,Random,0.3,87.7,88.58,42.797616720199585,1.4301373713241752,142315.0,88.71,203264.0,
989,Random,0.3,87.7,88.55,41.16651892662048,1.4301373713241752,142315.0,88.71,203264.0,
939,Random,0.3,87.7,88.61,42.19602584838867,1.4301373713241752,142315.0,88.71,203264.0,
727,Random,0.3,87.7,88.78,42.723668813705444,1.4301373713241752,142315.0,88.71,203264.0,
751,Random,0.3,87.7,88.41,42.820061683654785,1.4301373713241752,142315.0,88.71,203264.0,
778,Random,0.3,87.7,88.71,42.349451303482056,1.4301373713241752,142315.0,88.71,203264.0,
832,Random,0.3,87.7,89.2,42.253671169281006,1.4301373713241752,142315.0,88.71,203264.0,
49,Random,0.3,87.7,88.83,42.508357763290405,1.4301373713241752,142315.0,88.71,203264.0,
94,Random,0.3,87.7,88.94,41.72248601913452,1.4301373713241752,142315.0,88.71,203264.0,
328,Random,0.3,87.65,88.07,41.5099675655365,1.4301373713241752,142315.0,88.71,203264.0,
361,Random,0.3,87.65,88.76,42.75677752494812,1.4301373713241752,142315.0,88.71,203264.0,
214,Random,0.3,87.65,88.89,42.65533185005188,1.4301373713241752,142315.0,88.71,203264.0,
433,Random,0.3,87.65,88.95,41.3325560092926,1.4301373713241752,142315.0,88.71,203264.0,
453,Random,0.3,87.65,88.46,42.64372134208679,1.4301373713241752,142315.0,88.71,203264.0,
496,Random,0.3,87.65,88.9,42.3000545501709,1.4301373713241752,142315.0,88.71,203264.0,
542,Random,0.3,87.65,88.54,41.8140606880188,1.4301373713241752,142315.0,88.71,203264.0,
556,Random,0.3,87.65,88.96,41.83822536468506,1.4301373713241752,142315.0,88.71,203264.0,
579,Random,0.3,87.65,88.35,42.73842167854309,1.4301373713241752,142315.0,88.71,203264.0,
948,Random,0.3,87.65,88.77,41.97763156890869,1.4301373713241752,142315.0,88.71,203264.0,
897,Random,0.3,87.65,88.74,42.89032435417175,1.4301373713241752,142315.0,88.71,203264.0,
733,Random,0.3,87.65,88.91,42.1002471446991,1.4301373713241752,142315.0,88.71,203264.0,
964,Random,0.3,87.65,88.34,42.61894083023071,1.4301373713241752,142315.0,88.71,203264.0,
786,Random,0.3,87.65,88.41,41.75054311752319,1.4301373713241752,142315.0,88.71,203264.0,
83,Random,0.3,87.65,88.67,42.753987550735474,1.4301373713241752,142315.0,88.71,203264.0,
92,Random,0.3,87.65,89.3,42.904521465301514,1.4301373713241752,142315.0,88.71,203264.0,
127,Random,0.3,87.65,88.59,41.88764572143555,1.4301373713241752,142315.0,88.71,203264.0,
292,Random,0.3,87.6,88.75,43.176607847213745,1.4301373713241752,142315.0,88.71,203264.0,
348,Random,0.3,87.6,88.88,41.96400713920593,1.4301373713241752,142315.0,88.71,203264.0,
354,Random,0.3,87.6,88.8,42.962300062179565,1.4301373713241752,142315.0,88.71,203264.0,
383,Random,0.3,87.6,88.52,41.39251089096069,1.4301373713241752,142315.0,88.71,203264.0,
404,Random,0.3,87.6,88.44,41.94169807434082,1.4301373713241752,142315.0,88.71,203264.0,
151,Random,0.3,87.6,88.46,42.884159564971924,1.4301373713241752,142315.0,88.71,203264.0,
166,Random,0.3,87.6,88.25,41.17443656921387,1.4301373713241752,142315.0,88.71,203264.0,
209,Random,0.3,87.6,88.84,42.84684705734253,1.4301373713241752,142315.0,88.71,203264.0,
285,Random,0.3,87.6,89.13,41.88031458854675,1.4301373713241752,142315.0,88.71,203264.0,
709,Random,0.3,87.6,88.75,42.31937026977539,1.4301373713241752,142315.0,88.71,203264.0,
908,Random,0.3,87.6,89.2,41.550599098205566,1.4301373713241752,142315.0,88.71,203264.0,
917,Random,0.3,87.6,88.52,40.97073245048523,1.4301373713241752,142315.0,88.71,203264.0,
932,Random,0.3,87.6,88.2,42.88900661468506,1.4301373713241752,142315.0,88.71,203264.0,
830,Random,0.3,87.6,89.14,41.14791250228882,1.4301373713241752,142315.0,88.71,203264.0,
8,Random,0.3,87.6,88.07,42.855061531066895,1.4301373713241752,142315.0,88.71,203264.0,
22,Random,0.3,87.6,89.15,41.17366409301758,1.4301373713241752,142315.0,88.71,203264.0,
31,Random,0.3,87.6,88.48,41.69633889198303,1.4301373713241752,142315.0,88.71,203264.0,
71,Random,0.3,87.6,87.83,42.01320242881775,1.4301373713241752,142315.0,88.71,203264.0,
105,Random,0.3,87.6,88.49,41.10381627082825,1.4301373713241752,142315.0,88.71,203264.0,
415,Random,0.3,87.55,88.96,42.66158413887024,1.4301373713241752,142315.0,88.71,203264.0,
272,Random,0.3,87.55,89.08,41.62243103981018,1.4301373713241752,142315.0,88.71,203264.0,
503,Random,0.3,87.55,88.92,41.98918175697327,1.4301373713241752,142315.0,88.71,203264.0,
481,Random,0.3,87.55,88.81,42.808963775634766,1.4301373713241752,142315.0,88.71,203264.0,
554,Random,0.3,87.55,88.68,42.14479446411133,1.4301373713241752,142315.0,88.71,203264.0,
632,Random,0.3,87.55,88.22,41.00209021568298,1.4301373713241752,142315.0,88.71,203264.0,
615,Random,0.3,87.55,88.51,41.576425075531006,1.4301373713241752,142315.0,88.71,203264.0,
679,Random,0.3,87.55,88.99,42.29168677330017,1.4301373713241752,142315.0,88.71,203264.0,
682,Random,0.3,87.55,88.07,42.14875912666321,1.4301373713241752,142315.0,88.71,203264.0,
697,Random,0.3,87.55,88.59,42.30298733711243,1.4301373713241752,142315.0,88.71,203264.0,
860,Random,0.3,87.55,88.66,43.267497062683105,1.4301373713241752,142315.0,88.71,203264.0,
903,Random,0.3,87.55,88.86,42.34935712814331,1.4301373713241752,142315.0,88.71,203264.0,
929,Random,0.3,87.55,89.11,40.88891816139221,1.4301373713241752,142315.0,88.71,203264.0,
978,Random,0.3,87.55,88.41,41.60327649116516,1.4301373713241752,142315.0,88.71,203264.0,
107,Random,0.3,87.55,88.73,42.23804497718811,1.4301373713241752,142315.0,88.71,203264.0,
304,Random,0.3,87.5,88.72,41.68426513671875,1.4301373713241752,142315.0,88.71,203264.0,
318,Random,0.3,87.5,88.84,41.83905363082886,1.4301373713241752,142315.0,88.71,203264.0,
370,Random,0.3,87.5,88.74,43.15170979499817,1.4301373713241752,142315.0,88.71,203264.0,
371,Random,0.3,87.5,88.85,41.83306932449341,1.4301373713241752,142315.0,88.71,203264.0,
194,Random,0.3,87.5,88.9,41.489965200424194,1.4301373713241752,142315.0,88.71,203264.0,
203,Random,0.3,87.5,88.87,41.98284411430359,1.4301373713241752,142315.0,88.71,203264.0,
501,Random,0.3,87.5,88.93,42.65108871459961,1.4301373713241752,142315.0,88.71,203264.0,
518,Random,0.3,87.5,88.53,41.873512744903564,1.4301373713241752,142315.0,88.71,203264.0,
648,Random,0.3,87.5,88.52,42.01874375343323,1.4301373713241752,142315.0,88.71,203264.0,
714,Random,0.3,87.5,88.79,42.78351426124573,1.4301373713241752,142315.0,88.71,203264.0,
662,Random,0.3,87.5,89.04,43.15421438217163,1.4301373713241752,142315.0,88.71,203264.0,
730,Random,0.3,87.5,88.69,41.75729179382324,1.4301373713241752,142315.0,88.71,203264.0,
752,Random,0.3,87.5,89.21,41.5629608631134,1.4301373713241752,142315.0,88.71,203264.0,
25,Random,0.3,87.5,88.65,40.90863347053528,1.4301373713241752,142315.0,88.71,203264.0,
23,Random,0.3,87.5,89.01,42.38296413421631,1.4301373713241752,142315.0,88.71,203264.0,
65,Random,0.3,87.5,88.79,42.111217737197876,1.4301373713241752,142315.0,88.71,203264.0,
143,Random,0.3,87.5,88.86,41.45588803291321,1.4301373713241752,142315.0,88.71,203264.0,
96,Random,0.3,87.5,88.46,42.353336334228516,1.4301373713241752,142315.0,88.71,203264.0,
287,Random,0.3,87.45,88.92,42.011101484298706,1.4301373713241752,142315.0,88.71,203264.0,
100,Random,0.3,87.5,88.94,43.15702939033508,1.4301373713241752,142315.0,88.71,203264.0,
310,Random,0.3,87.45,88.33,41.65662384033203,1.4301373713241752,142315.0,88.71,203264.0,
346,Random,0.3,87.45,89.06,42.777087688446045,1.4301373713241752,142315.0,88.71,203264.0,
425,Random,0.3,87.45,88.71,42.1963996887207,1.4301373713241752,142315.0,88.71,203264.0,
150,Random,0.3,87.45,88.83,41.645949602127075,1.4301373713241752,142315.0,88.71,203264.0,
226,Random,0.3,87.45,88.68,42.11283206939697,1.4301373713241752,142315.0,88.71,203264.0,
270,Random,0.3,87.45,88.39,42.0555579662323,1.4301373713241752,142315.0,88.71,203264.0,
504,Random,0.3,87.45,88.44,42.91256856918335,1.4301373713241752,142315.0,88.71,203264.0,
519,Random,0.3,87.45,88.03,40.94741082191467,1.4301373713241752,142315.0,88.71,203264.0,
535,Random,0.3,87.45,88.27,42.74512481689453,1.4301373713241752,142315.0,88.71,203264.0,
573,Random,0.3,87.45,88.56,41.89988136291504,1.4301373713241752,142315.0,88.71,203264.0,
575,Random,0.3,87.45,88.96,41.6828351020813,1.4301373713241752,142315.0,88.71,203264.0,
667,Random,0.3,87.45,88.93,41.79585838317871,1.4301373713241752,142315.0,88.71,203264.0,
873,Random,0.3,87.45,88.77,42.09106254577637,1.4301373713241752,142315.0,88.71,203264.0,
963,Random,0.3,87.45,88.54,42.8546986579895,1.4301373713241752,142315.0,88.71,203264.0,
724,Random,0.3,87.45,89.25,41.56384825706482,1.4301373713241752,142315.0,88.71,203264.0,
747,Random,0.3,87.45,88.91,42.60514831542969,1.4301373713241752,142315.0,88.71,203264.0,
766,Random,0.3,87.45,88.15,43.16312074661255,1.4301373713241752,142315.0,88.71,203264.0,
777,Random,0.3,87.45,88.75,41.615256547927856,1.4301373713241752,142315.0,88.71,203264.0,
773,Random,0.3,87.45,88.78,41.955846071243286,1.4301373713241752,142315.0,88.71,203264.0,
838,Random,0.3,87.45,88.86,43.37928128242493,1.4301373713241752,142315.0,88.71,203264.0,
850,Random,0.3,87.45,88.23,42.78359413146973,1.4301373713241752,142315.0,88.71,203264.0,
332,Random,0.3,87.4,88.22,41.54048776626587,1.4301373713241752,142315.0,88.71,203264.0,
347,Random,0.3,87.4,88.52,42.836631536483765,1.4301373713241752,142315.0,88.71,203264.0,
398,Random,0.3,87.4,88.72,42.240920066833496,1.4301373713241752,142315.0,88.71,203264.0,
197,Random,0.3,87.4,88.8,41.23211908340454,1.4301373713241752,142315.0,88.71,203264.0,
401,Random,0.3,87.4,88.48,42.18819284439087,1.4301373713241752,142315.0,88.71,203264.0,
219,Random,0.3,87.4,88.59,42.6641743183136,1.4301373713241752,142315.0,88.71,203264.0,
230,Random,0.3,87.4,88.69,42.85300064086914,1.4301373713241752,142315.0,88.71,203264.0,
237,Random,0.3,87.4,89.19,41.18033504486084,1.4301373713241752,142315.0,88.71,203264.0,
277,Random,0.3,87.4,88.77,42.6746289730072,1.4301373713241752,142315.0,88.71,203264.0,
445,Random,0.3,87.4,88.88,42.132012128829956,1.4301373713241752,142315.0,88.71,203264.0,
449,Random,0.3,87.4,88.85,41.49369549751282,1.4301373713241752,142315.0,88.71,203264.0,
473,Random,0.3,87.4,88.76,41.467867374420166,1.4301373713241752,142315.0,88.71,203264.0,
522,Random,0.3,87.4,87.65,42.22294592857361,1.4301373713241752,142315.0,88.71,203264.0,
557,Random,0.3,87.4,88.78,42.70049333572388,1.4301373713241752,142315.0,88.71,203264.0,
580,Random,0.3,87.4,88.81,42.79205846786499,1.4301373713241752,142315.0,88.71,203264.0,
599,Random,0.3,87.4,88.45,42.52738618850708,1.4301373713241752,142315.0,88.71,203264.0,
620,Random,0.3,87.4,88.92,41.89226460456848,1.4301373713241752,142315.0,88.71,203264.0,
605,Random,0.3,87.4,88.57,42.0235812664032,1.4301373713241752,142315.0,88.71,203264.0,
899,Random,0.3,87.4,88.76,41.769728899002075,1.4301373713241752,142315.0,88.71,203264.0,
994,Random,0.3,87.4,88.85,42.00543665885925,1.4301373713241752,142315.0,88.71,203264.0,
718,Random,0.3,87.4,88.78,42.67062544822693,1.4301373713241752,142315.0,88.71,203264.0,
731,Random,0.3,87.4,88.33,41.99267339706421,1.4301373713241752,142315.0,88.71,203264.0,
757,Random,0.3,87.4,89.41,42.621962785720825,1.4301373713241752,142315.0,88.71,203264.0,
110,Random,0.3,87.4,88.81,41.63620638847351,1.4301373713241752,142315.0,88.71,203264.0,
806,Random,0.3,87.4,88.54,41.60245132446289,1.4301373713241752,142315.0,88.71,203264.0,
53,Random,0.3,87.4,88.53,42.086310386657715,1.4301373713241752,142315.0,88.71,203264.0,
139,Random,0.3,87.4,88.16,43.1466109752655,1.4301373713241752,142315.0,88.71,203264.0,
329,Random,0.3,87.35,88.89,42.91686797142029,1.4301373713241752,142315.0,88.71,203264.0,
377,Random,0.3,87.35,88.61,42.53677225112915,1.4301373713241752,142315.0,88.71,203264.0,
406,Random,0.3,87.35,88.98,42.81117129325867,1.4301373713241752,142315.0,88.71,203264.0,
148,Random,0.3,87.35,89.08,41.9871621131897,1.4301373713241752,142315.0,88.71,203264.0,
173,Random,0.3,87.35,89.17,42.17756009101868,1.4301373713241752,142315.0,88.71,203264.0,
223,Random,0.3,87.35,88.35,42.10162901878357,1.4301373713241752,142315.0,88.71,203264.0,
243,Random,0.3,87.35,88.68,42.910473346710205,1.4301373713241752,142315.0,88.71,203264.0,
262,Random,0.3,87.35,88.63,43.044437408447266,1.4301373713241752,142315.0,88.71,203264.0,
436,Random,0.3,87.35,88.62,40.83551502227783,1.4301373713241752,142315.0,88.71,203264.0,
467,Random,0.3,87.35,87.64,42.67377948760986,1.4301373713241752,142315.0,88.71,203264.0,
916,Random,0.3,87.35,88.74,41.20859980583191,1.4301373713241752,142315.0,88.71,203264.0,
572,Random,0.3,87.35,89.05,41.46743297576904,1.4301373713241752,142315.0,88.71,203264.0,
564,Random,0.3,87.35,88.52,41.784618854522705,1.4301373713241752,142315.0,88.71,203264.0,
972,Random,0.3,87.35,88.75,41.54394006729126,1.4301373713241752,142315.0,88.71,203264.0,
981,Random,0.3,87.35,89.06,42.90737986564636,1.4301373713241752,142315.0,88.71,203264.0,
986,Random,0.3,87.35,88.7,40.7447247505188,1.4301373713241752,142315.0,88.71,203264.0,
753,Random,0.3,87.35,88.47,41.55199193954468,1.4301373713241752,142315.0,88.71,203264.0,
717,Random,0.3,87.35,89.21,42.696449756622314,1.4301373713241752,142315.0,88.71,203264.0,
19,Random,0.3,87.35,89.04,41.74721717834473,1.4301373713241752,142315.0,88.71,203264.0,
839,Random,0.3,87.35,88.1,42.02963709831238,1.4301373713241752,142315.0,88.71,203264.0,
58,Random,0.3,87.35,88.99,41.73140859603882,1.4301373713241752,142315.0,88.71,203264.0,
134,Random,0.3,87.35,88.71,42.757633686065674,1.4301373713241752,142315.0,88.71,203264.0,
301,Random,0.3,87.3,88.87,41.38722634315491,1.4301373713241752,142315.0,88.71,203264.0,
344,Random,0.3,87.3,88.35,41.54011154174805,1.4301373713241752,142315.0,88.71,203264.0,
165,Random,0.3,87.3,89.0,41.801650047302246,1.4301373713241752,142315.0,88.71,203264.0,
174,Random,0.3,87.3,88.83,41.64234471321106,1.4301373713241752,142315.0,88.71,203264.0,
360,Random,0.3,87.3,88.3,42.701035022735596,1.4301373713241752,142315.0,88.71,203264.0,
187,Random,0.3,87.3,88.52,41.05477809906006,1.4301373713241752,142315.0,88.71,203264.0,
199,Random,0.3,87.3,88.8,42.87461495399475,1.4301373713241752,142315.0,88.71,203264.0,
242,Random,0.3,87.3,88.53,42.00081753730774,1.4301373713241752,142315.0,88.71,203264.0,
569,Random,0.3,87.3,88.33,41.55947709083557,1.4301373713241752,142315.0,88.71,203264.0,
278,Random,0.3,87.3,88.83,42.31614065170288,1.4301373713241752,142315.0,88.71,203264.0,
454,Random,0.3,87.3,88.59,42.276931047439575,1.4301373713241752,142315.0,88.71,203264.0,
574,Random,0.3,87.3,88.91,42.760233640670776,1.4301373713241752,142315.0,88.71,203264.0,
619,Random,0.3,87.3,88.16,42.1170814037323,1.4301373713241752,142315.0,88.71,203264.0,
680,Random,0.3,87.3,88.81,42.83060145378113,1.4301373713241752,142315.0,88.71,203264.0,
700,Random,0.3,87.3,88.84,41.86734628677368,1.4301373713241752,142315.0,88.71,203264.0,
909,Random,0.3,87.3,89.03,42.08403825759888,1.4301373713241752,142315.0,88.71,203264.0,
940,Random,0.3,87.3,88.94,42.577619791030884,1.4301373713241752,142315.0,88.71,203264.0,
910,Random,0.3,87.3,88.4,42.90181279182434,1.4301373713241752,142315.0,88.71,203264.0,
946,Random,0.3,87.3,88.88,42.937328815460205,1.4301373713241752,142315.0,88.71,203264.0,
758,Random,0.3,87.3,88.42,41.24251961708069,1.4301373713241752,142315.0,88.71,203264.0,
800,Random,0.3,87.3,88.48,42.79202365875244,1.4301373713241752,142315.0,88.71,203264.0,
802,Random,0.3,87.3,89.18,41.683862924575806,1.4301373713241752,142315.0,88.71,203264.0,
829,Random,0.3,87.3,88.18,42.768611669540405,1.4301373713241752,142315.0,88.71,203264.0,
2,Random,0.3,87.3,88.67,44.13477873802185,1.4301373713241752,142315.0,88.71,203264.0,
313,Random,0.3,87.25,88.68,45.49986934661865,1.4301373713241752,142315.0,88.71,203264.0,
280,Random,0.3,87.25,88.58,45.10711169242859,1.4301373713241752,142315.0,88.71,203264.0,
378,Random,0.3,87.25,88.66,61.94174337387085,1.4301373713241752,142315.0,88.71,203264.0,
430,Random,0.3,87.25,88.9,68.29559254646301,1.4301373713241752,142315.0,88.71,203264.0,
533,Random,0.3,87.25,88.79,59.65240550041199,1.4301373713241752,142315.0,88.71,203264.0,
561,Random,0.3,87.25,88.15,53.516398429870605,1.4301373713241752,142315.0,88.71,203264.0,
583,Random,0.3,87.25,88.85,51.956058979034424,1.4301373713241752,142315.0,88.71,203264.0,
634,Random,0.3,87.25,88.96,54.722878217697144,1.4301373713241752,142315.0,88.71,203264.0,
675,Random,0.3,87.25,88.72,50.283761978149414,1.4301373713241752,142315.0,88.71,203264.0,
696,Random,0.3,87.25,88.27,48.87312960624695,1.4301373713241752,142315.0,88.71,203264.0,
715,Random,0.3,87.25,88.87,42.392327070236206,1.4301373713241752,142315.0,88.71,203264.0,
881,Random,0.3,87.25,88.63,43.360058069229126,1.4301373713241752,142315.0,88.71,203264.0,
918,Random,0.3,87.25,88.66,41.928022146224976,1.4301373713241752,142315.0,88.71,203264.0,
934,Random,0.3,87.25,88.5,42.130021810531616,1.4301373713241752,142315.0,88.71,203264.0,
975,Random,0.3,87.25,88.86,42.42736458778381,1.4301373713241752,142315.0,88.71,203264.0,
742,Random,0.3,87.25,88.64,41.651708126068115,1.4301373713241752,142315.0,88.71,203264.0,
817,Random,0.3,87.25,89.08,42.58264994621277,1.4301373713241752,142315.0,88.71,203264.0,
93,Random,0.3,87.25,88.89,42.69135570526123,1.4301373713241752,142315.0,88.71,203264.0,
330,Random,0.3,87.2,88.76,44.296502113342285,1.4301373713241752,142315.0,88.71,203264.0,
338,Random,0.3,87.2,89.14,41.57212495803833,1.4301373713241752,142315.0,88.71,203264.0,
345,Random,0.3,87.2,88.4,42.50682520866394,1.4301373713241752,142315.0,88.71,203264.0,
227,Random,0.3,87.2,87.53,42.00135540962219,1.4301373713241752,142315.0,88.71,203264.0,
191,Random,0.3,87.2,89.06,42.353275299072266,1.4301373713241752,142315.0,88.71,203264.0,
482,Random,0.3,87.2,88.92,42.67582106590271,1.4301373713241752,142315.0,88.71,203264.0,
527,Random,0.3,87.2,88.71,42.71198773384094,1.4301373713241752,142315.0,88.71,203264.0,
630,Random,0.3,87.2,88.95,42.13061833381653,1.4301373713241752,142315.0,88.71,203264.0,
887,Random,0.3,87.2,88.32,41.720895767211914,1.4301373713241752,142315.0,88.71,203264.0,
894,Random,0.3,87.2,88.78,42.14582586288452,1.4301373713241752,142315.0,88.71,203264.0,
955,Random,0.3,87.2,88.6,41.64767026901245,1.4301373713241752,142315.0,88.71,203264.0,
928,Random,0.3,87.2,88.7,42.94942021369934,1.4301373713241752,142315.0,88.71,203264.0,
966,Random,0.3,87.2,88.63,42.650790214538574,1.4301373713241752,142315.0,88.71,203264.0,
781,Random,0.3,87.2,88.86,42.686994791030884,1.4301373713241752,142315.0,88.71,203264.0,
789,Random,0.3,87.2,88.73,41.91529679298401,1.4301373713241752,142315.0,88.71,203264.0,
807,Random,0.3,87.2,89.38,41.48131251335144,1.4301373713241752,142315.0,88.71,203264.0,
809,Random,0.3,87.2,88.43,42.06558132171631,1.4301373713241752,142315.0,88.71,203264.0,
14,Random,0.3,87.2,87.88,42.016072511672974,1.4301373713241752,142315.0,88.71,203264.0,
70,Random,0.3,87.2,88.9,43.50470590591431,1.4301373713241752,142315.0,88.71,203264.0,
119,Random,0.3,87.2,88.67,42.641735553741455,1.4301373713241752,142315.0,88.71,203264.0,
136,Random,0.3,87.2,87.86,42.74006915092468,1.4301373713241752,142315.0,88.71,203264.0,
138,Random,0.3,87.2,89.14,42.53934645652771,1.4301373713241752,142315.0,88.71,203264.0,
362,Random,0.3,87.15,88.19,41.09484314918518,1.4301373713241752,142315.0,88.71,203264.0,
221,Random,0.3,87.15,88.65,41.71024298667908,1.4301373713241752,142315.0,88.71,203264.0,
265,Random,0.3,87.15,88.65,41.92447471618652,1.4301373713241752,142315.0,88.71,203264.0,
459,Random,0.3,87.15,88.58,41.005043029785156,1.4301373713241752,142315.0,88.71,203264.0,
509,Random,0.3,87.15,88.71,42.672983169555664,1.4301373713241752,142315.0,88.71,203264.0,
537,Random,0.3,87.15,89.08,42.787121295928955,1.4301373713241752,142315.0,88.71,203264.0,
541,Random,0.3,87.15,88.88,41.63345956802368,1.4301373713241752,142315.0,88.71,203264.0,
563,Random,0.3,87.15,88.84,41.49659276008606,1.4301373713241752,142315.0,88.71,203264.0,
565,Random,0.3,87.15,88.99,42.052417039871216,1.4301373713241752,142315.0,88.71,203264.0,
633,Random,0.3,87.15,89.18,42.13754630088806,1.4301373713241752,142315.0,88.71,203264.0,
677,Random,0.3,87.15,88.68,40.957441568374634,1.4301373713241752,142315.0,88.71,203264.0,
683,Random,0.3,87.15,88.82,42.589298486709595,1.4301373713241752,142315.0,88.71,203264.0,
872,Random,0.3,87.15,88.63,42.72894620895386,1.4301373713241752,142315.0,88.71,203264.0,
719,Random,0.3,87.15,88.81,42.26129174232483,1.4301373713241752,142315.0,88.71,203264.0,
746,Random,0.3,87.15,88.92,42.19286036491394,1.4301373713241752,142315.0,88.71,203264.0,
779,Random,0.3,87.15,88.58,42.862058877944946,1.4301373713241752,142315.0,88.71,203264.0,
823,Random,0.3,87.15,88.63,42.14770746231079,1.4301373713241752,142315.0,88.71,203264.0,
7,Random,0.3,87.15,88.44,43.10277009010315,1.4301373713241752,142315.0,88.71,203264.0,
30,Random,0.3,87.15,88.58,42.65756130218506,1.4301373713241752,142315.0,88.71,203264.0,
68,Random,0.3,87.15,88.85,42.753697872161865,1.4301373713241752,142315.0,88.71,203264.0,
78,Random,0.3,87.15,89.13,41.95521521568298,1.4301373713241752,142315.0,88.71,203264.0,
90,Random,0.3,87.15,88.93,41.88884520530701,1.4301373713241752,142315.0,88.71,203264.0,
91,Random,0.3,87.15,88.55,42.53039908409119,1.4301373713241752,142315.0,88.71,203264.0,
142,Random,0.3,87.15,88.2,41.98148155212402,1.4301373713241752,142315.0,88.71,203264.0,
312,Random,0.3,87.1,88.99,41.22856163978577,1.4301373713241752,142315.0,88.71,203264.0,
146,Random,0.3,87.1,88.85,42.581583738327026,1.4301373713241752,142315.0,88.71,203264.0,
218,Random,0.3,87.1,88.51,42.84588027000427,1.4301373713241752,142315.0,88.71,203264.0,
431,Random,0.3,87.1,88.14,42.107654094696045,1.4301373713241752,142315.0,88.71,203264.0,
475,Random,0.3,87.1,88.59,42.51275086402893,1.4301373713241752,142315.0,88.71,203264.0,
494,Random,0.3,87.1,88.66,42.205249309539795,1.4301373713241752,142315.0,88.71,203264.0,
529,Random,0.3,87.1,88.68,41.70023727416992,1.4301373713241752,142315.0,88.71,203264.0,
531,Random,0.3,87.1,88.83,41.06635236740112,1.4301373713241752,142315.0,88.71,203264.0,
546,Random,0.3,87.1,88.44,42.57424306869507,1.4301373713241752,142315.0,88.71,203264.0,
594,Random,0.3,87.1,88.59,42.798261404037476,1.4301373713241752,142315.0,88.71,203264.0,
617,Random,0.3,87.1,88.62,42.08482646942139,1.4301373713241752,142315.0,88.71,203264.0,
665,Random,0.3,87.1,88.96,43.09722948074341,1.4301373713241752,142315.0,88.71,203264.0,
672,Random,0.3,87.1,88.96,42.20137667655945,1.4301373713241752,142315.0,88.71,203264.0,
907,Random,0.3,87.1,88.43,41.74008083343506,1.4301373713241752,142315.0,88.71,203264.0,
703,Random,0.3,87.1,89.04,42.14608931541443,1.4301373713241752,142315.0,88.71,203264.0,
954,Random,0.3,87.1,88.44,42.64283514022827,1.4301373713241752,142315.0,88.71,203264.0,
988,Random,0.3,87.1,88.72,42.71345496177673,1.4301373713241752,142315.0,88.71,203264.0,
734,Random,0.3,87.1,88.92,42.27091884613037,1.4301373713241752,142315.0,88.71,203264.0,
737,Random,0.3,87.1,88.54,42.167415142059326,1.4301373713241752,142315.0,88.71,203264.0,
744,Random,0.3,87.1,89.08,41.932926416397095,1.4301373713241752,142315.0,88.71,203264.0,
816,Random,0.3,87.1,88.74,41.25277400016785,1.4301373713241752,142315.0,88.71,203264.0,
822,Random,0.3,87.1,89.04,41.94548153877258,1.4301373713241752,142315.0,88.71,203264.0,
844,Random,0.3,87.1,88.48,42.62277030944824,1.4301373713241752,142315.0,88.71,203264.0,
44,Random,0.3,87.1,88.4,42.6566367149353,1.4301373713241752,142315.0,88.71,203264.0,
56,Random,0.3,87.1,88.95,41.9038770198822,1.4301373713241752,142315.0,88.71,203264.0,
98,Random,0.3,87.1,88.25,42.32953858375549,1.4301373713241752,142315.0,88.71,203264.0,
133,Random,0.3,87.1,88.83,41.57175350189209,1.4301373713241752,142315.0,88.71,203264.0,
298,Random,0.3,87.05,88.26,41.32094478607178,1.4301373713241752,142315.0,88.71,203264.0,
288,Random,0.3,87.05,89.02,42.19730234146118,1.4301373713241752,142315.0,88.71,203264.0,
412,Random,0.3,87.05,88.94,42.737730503082275,1.4301373713241752,142315.0,88.71,203264.0,
421,Random,0.3,87.05,88.86,42.83731126785278,1.4301373713241752,142315.0,88.71,203264.0,
213,Random,0.3,87.05,88.61,42.174139976501465,1.4301373713241752,142315.0,88.71,203264.0,
458,Random,0.3,87.05,88.7,42.33608436584473,1.4301373713241752,142315.0,88.71,203264.0,
490,Random,0.3,87.05,88.8,42.4657986164093,1.4301373713241752,142315.0,88.71,203264.0,
506,Random,0.3,87.05,88.57,42.355557441711426,1.4301373713241752,142315.0,88.71,203264.0,
530,Random,0.3,87.05,89.03,42.258488178253174,1.4301373713241752,142315.0,88.71,203264.0,
559,Random,0.3,87.05,88.9,42.694488763809204,1.4301373713241752,142315.0,88.71,203264.0,
618,Random,0.3,87.05,88.68,42.74459767341614,1.4301373713241752,142315.0,88.71,203264.0,
652,Random,0.3,87.05,88.7,42.23462724685669,1.4301373713241752,142315.0,88.71,203264.0,
692,Random,0.3,87.05,88.62,42.39768433570862,1.4301373713241752,142315.0,88.71,203264.0,
900,Random,0.3,87.05,88.85,43.07111644744873,1.4301373713241752,142315.0,88.71,203264.0,
906,Random,0.3,87.05,89.05,41.62229633331299,1.4301373713241752,142315.0,88.71,203264.0,
919,Random,0.3,87.05,88.94,41.52190160751343,1.4301373713241752,142315.0,88.71,203264.0,
933,Random,0.3,87.05,88.24,42.545785665512085,1.4301373713241752,142315.0,88.71,203264.0,
944,Random,0.3,87.05,88.97,42.784334897994995,1.4301373713241752,142315.0,88.71,203264.0,
736,Random,0.3,87.05,88.27,41.78727054595947,1.4301373713241752,142315.0,88.71,203264.0,
780,Random,0.3,87.05,88.83,41.50001811981201,1.4301373713241752,142315.0,88.71,203264.0,
811,Random,0.3,87.05,88.75,42.3587601184845,1.4301373713241752,142315.0,88.71,203264.0,
848,Random,0.3,87.05,88.24,41.444292306900024,1.4301373713241752,142315.0,88.71,203264.0,
815,Random,0.3,87.05,88.94,41.606024742126465,1.4301373713241752,142315.0,88.71,203264.0,
6,Random,0.3,87.05,87.98,42.82438087463379,1.4301373713241752,142315.0,88.71,203264.0,
297,Random,0.3,87.0,88.84,42.456125020980835,1.4301373713241752,142315.0,88.71,203264.0,
69,Random,0.3,87.05,89.1,42.8970263004303,1.4301373713241752,142315.0,88.71,203264.0,
308,Random,0.3,87.0,88.33,41.375126123428345,1.4301373713241752,142315.0,88.71,203264.0,
316,Random,0.3,87.0,88.77,42.37450671195984,1.4301373713241752,142315.0,88.71,203264.0,
327,Random,0.3,87.0,89.21,41.74736833572388,1.4301373713241752,142315.0,88.71,203264.0,
320,Random,0.3,87.0,88.6,42.31043457984924,1.4301373713241752,142315.0,88.71,203264.0,
352,Random,0.3,87.0,89.08,42.94485521316528,1.4301373713241752,142315.0,88.71,203264.0,
185,Random,0.3,87.0,88.05,40.9814670085907,1.4301373713241752,142315.0,88.71,203264.0,
388,Random,0.3,87.0,88.87,42.25157904624939,1.4301373713241752,142315.0,88.71,203264.0,
155,Random,0.3,87.0,89.09,43.556211948394775,1.4301373713241752,142315.0,88.71,203264.0,
215,Random,0.3,87.0,88.8,41.09408450126648,1.4301373713241752,142315.0,88.71,203264.0,
198,Random,0.3,87.0,88.03,41.45294666290283,1.4301373713241752,142315.0,88.71,203264.0,
234,Random,0.3,87.0,89.07,40.72780632972717,1.4301373713241752,142315.0,88.71,203264.0,
239,Random,0.3,87.0,88.51,42.88677644729614,1.4301373713241752,142315.0,88.71,203264.0,
470,Random,0.3,87.0,88.66,42.033230781555176,1.4301373713241752,142315.0,88.71,203264.0,
591,Random,0.3,87.0,88.78,41.52570390701294,1.4301373713241752,142315.0,88.71,203264.0,
597,Random,0.3,87.0,88.71,43.246864795684814,1.4301373713241752,142315.0,88.71,203264.0,
685,Random,0.3,87.0,88.86,41.77476501464844,1.4301373713241752,142315.0,88.71,203264.0,
649,Random,0.3,87.0,88.56,42.75900483131409,1.4301373713241752,142315.0,88.71,203264.0,
645,Random,0.3,87.0,88.7,42.95113444328308,1.4301373713241752,142315.0,88.71,203264.0,
876,Random,0.3,87.0,89.01,42.848013162612915,1.4301373713241752,142315.0,88.71,203264.0,
924,Random,0.3,87.0,89.17,41.04418468475342,1.4301373713241752,142315.0,88.71,203264.0,
941,Random,0.3,87.0,88.42,41.89417910575867,1.4301373713241752,142315.0,88.71,203264.0,
750,Random,0.3,87.0,89.0,43.96286702156067,1.4301373713241752,142315.0,88.71,203264.0,
826,Random,0.3,87.0,88.73,42.14162874221802,1.4301373713241752,142315.0,88.71,203264.0,
842,Random,0.3,87.0,89.1,43.10009288787842,1.4301373713241752,142315.0,88.71,203264.0,
827,Random,0.3,87.0,88.94,43.60399007797241,1.4301373713241752,142315.0,88.71,203264.0,
35,Random,0.3,87.0,88.32,43.20262432098389,1.4301373713241752,142315.0,88.71,203264.0,
54,Random,0.3,87.0,88.26,43.65919327735901,1.4301373713241752,142315.0,88.71,203264.0,
67,Random,0.3,87.0,89.16,42.13168954849243,1.4301373713241752,142315.0,88.71,203264.0,
73,Random,0.3,87.0,89.45,42.74811506271362,1.4301373713241752,142315.0,88.71,203264.0,
76,Random,0.3,87.0,88.43,42.13691306114197,1.4301373713241752,142315.0,88.71,203264.0,
104,Random,0.3,87.0,89.11,43.44396924972534,1.4301373713241752,142315.0,88.71,203264.0,
103,Random,0.3,87.0,88.93,44.6990692615509,1.4301373713241752,142315.0,88.71,203264.0,
124,Random,0.3,87.0,89.11,42.79846906661987,1.4301373713241752,142315.0,88.71,203264.0,
350,Random,0.3,86.95,88.94,42.2825083732605,1.4301373713241752,142315.0,88.71,203264.0,
335,Random,0.3,86.95,88.83,42.91815495491028,1.4301373713241752,142315.0,88.71,203264.0,
426,Random,0.3,86.95,89.36,41.60953760147095,1.4301373713241752,142315.0,88.71,203264.0,
400,Random,0.3,86.95,88.15,42.69028186798096,1.4301373713241752,142315.0,88.71,203264.0,
240,Random,0.3,86.95,88.36,43.18244242668152,1.4301373713241752,142315.0,88.71,203264.0,
282,Random,0.3,86.95,88.71,42.30591154098511,1.4301373713241752,142315.0,88.71,203264.0,
558,Random,0.3,86.95,88.63,42.97395873069763,1.4301373713241752,142315.0,88.71,203264.0,
576,Random,0.3,86.95,87.9,41.929635524749756,1.4301373713241752,142315.0,88.71,203264.0,
581,Random,0.3,86.95,88.86,45.56860947608948,1.4301373713241752,142315.0,88.71,203264.0,
686,Random,0.3,86.95,88.94,42.721760272979736,1.4301373713241752,142315.0,88.71,203264.0,
595,Random,0.3,86.95,88.7,44.56355166435242,1.4301373713241752,142315.0,88.71,203264.0,
890,Random,0.3,86.95,87.6,42.026952505111694,1.4301373713241752,142315.0,88.71,203264.0,
699,Random,0.3,86.95,88.75,42.7992639541626,1.4301373713241752,142315.0,88.71,203264.0,
956,Random,0.3,86.95,88.8,42.857404708862305,1.4301373713241752,142315.0,88.71,203264.0,
960,Random,0.3,86.95,88.8,42.25808763504028,1.4301373713241752,142315.0,88.71,203264.0,
735,Random,0.3,86.95,88.75,45.006200313568115,1.4301373713241752,142315.0,88.71,203264.0,
756,Random,0.3,86.95,88.78,43.08500027656555,1.4301373713241752,142315.0,88.71,203264.0,
804,Random,0.3,86.95,88.99,43.97214341163635,1.4301373713241752,142315.0,88.71,203264.0,
42,Random,0.3,86.95,88.56,42.365063190460205,1.4301373713241752,142315.0,88.71,203264.0,
810,Random,0.3,86.95,88.48,42.99992084503174,1.4301373713241752,142315.0,88.71,203264.0,
43,Random,0.3,86.95,89.05,42.72656869888306,1.4301373713241752,142315.0,88.71,203264.0,
413,Random,0.3,86.9,89.05,42.181633949279785,1.4301373713241752,142315.0,88.71,203264.0,
420,Random,0.3,86.9,88.83,42.600991010665894,1.4301373713241752,142315.0,88.71,203264.0,
156,Random,0.3,86.9,88.74,42.36484169960022,1.4301373713241752,142315.0,88.71,203264.0,
871,Random,0.3,86.9,88.47,41.08224606513977,1.4301373713241752,142315.0,88.71,203264.0,
863,Random,0.3,86.9,88.97,41.59883403778076,1.4301373713241752,142315.0,88.71,203264.0,
611,Random,0.3,86.9,88.8,45.50156497955322,1.4301373713241752,142315.0,88.71,203264.0,
912,Random,0.3,86.9,88.99,42.61490440368652,1.4301373713241752,142315.0,88.71,203264.0,
951,Random,0.3,86.9,88.19,43.505218267440796,1.4301373713241752,142315.0,88.71,203264.0,
843,Random,0.3,86.9,88.54,42.79293513298035,1.4301373713241752,142315.0,88.71,203264.0,
135,Random,0.3,86.9,88.4,42.18081068992615,1.4301373713241752,142315.0,88.71,203264.0,
303,Random,0.3,86.85,89.03,41.5396089553833,1.4301373713241752,142315.0,88.71,203264.0,
349,Random,0.3,86.85,88.61,41.36391353607178,1.4301373713241752,142315.0,88.71,203264.0,
380,Random,0.3,86.85,88.59,45.94287824630737,1.4301373713241752,142315.0,88.71,203264.0,
394,Random,0.3,86.85,89.2,42.698081254959106,1.4301373713241752,142315.0,88.71,203264.0,
176,Random,0.3,86.85,88.53,42.40494751930237,1.4301373713241752,142315.0,88.71,203264.0,
192,Random,0.3,86.85,88.46,42.504533529281616,1.4301373713241752,142315.0,88.71,203264.0,
232,Random,0.3,86.85,88.4,42.76598119735718,1.4301373713241752,142315.0,88.71,203264.0,
264,Random,0.3,86.85,88.86,41.45051407814026,1.4301373713241752,142315.0,88.71,203264.0,
440,Random,0.3,86.85,88.64,41.39351940155029,1.4301373713241752,142315.0,88.71,203264.0,
460,Random,0.3,86.85,89.04,44.66654968261719,1.4301373713241752,142315.0,88.71,203264.0,
469,Random,0.3,86.85,89.04,42.66079759597778,1.4301373713241752,142315.0,88.71,203264.0,
472,Random,0.3,86.85,88.8,42.193461179733276,1.4301373713241752,142315.0,88.71,203264.0,
577,Random,0.3,86.85,88.74,41.75454640388489,1.4301373713241752,142315.0,88.71,203264.0,
582,Random,0.3,86.85,88.46,41.933053493499756,1.4301373713241752,142315.0,88.71,203264.0,
570,Random,0.3,86.85,88.6,42.75930571556091,1.4301373713241752,142315.0,88.71,203264.0,
525,Random,0.3,86.85,88.66,43.022385597229004,1.4301373713241752,142315.0,88.71,203264.0,
584,Random,0.3,86.85,88.8,47.62675976753235,1.4301373713241752,142315.0,88.71,203264.0,
592,Random,0.3,86.85,89.07,42.64957404136658,1.4301373713241752,142315.0,88.71,203264.0,
654,Random,0.3,86.85,88.88,42.88717579841614,1.4301373713241752,142315.0,88.71,203264.0,
886,Random,0.3,86.85,88.63,42.270206451416016,1.4301373713241752,142315.0,88.71,203264.0,
913,Random,0.3,86.85,89.11,41.97281503677368,1.4301373713241752,142315.0,88.71,203264.0,
973,Random,0.3,86.85,88.82,43.015289068222046,1.4301373713241752,142315.0,88.71,203264.0,
739,Random,0.3,86.85,88.81,44.03809356689453,1.4301373713241752,142315.0,88.71,203264.0,
763,Random,0.3,86.85,88.73,47.76673197746277,1.4301373713241752,142315.0,88.71,203264.0,
772,Random,0.3,86.85,88.55,42.647387981414795,1.4301373713241752,142315.0,88.71,203264.0,
791,Random,0.3,86.85,88.73,42.19390940666199,1.4301373713241752,142315.0,88.71,203264.0,
792,Random,0.3,86.85,88.69,42.05154013633728,1.4301373713241752,142315.0,88.71,203264.0,
794,Random,0.3,86.85,89.09,42.153684854507446,1.4301373713241752,142315.0,88.71,203264.0,
3,Random,0.3,86.85,88.73,43.00191354751587,1.4301373713241752,142315.0,88.71,203264.0,
10,Random,0.3,86.85,88.7,43.795578956604004,1.4301373713241752,142315.0,88.71,203264.0,
36,Random,0.3,86.85,88.75,47.63853907585144,1.4301373713241752,142315.0,88.71,203264.0,
45,Random,0.3,86.85,89.12,42.473464012145996,1.4301373713241752,142315.0,88.71,203264.0,
126,Random,0.3,86.85,88.43,42.792299032211304,1.4301373713241752,142315.0,88.71,203264.0,
137,Random,0.3,86.85,88.9,42.675057888031006,1.4301373713241752,142315.0,88.71,203264.0,
302,Random,0.3,86.8,88.78,42.73962044715881,1.4301373713241752,142315.0,88.71,203264.0,
358,Random,0.3,86.8,88.81,43.159719705581665,1.4301373713241752,142315.0,88.71,203264.0,
368,Random,0.3,86.8,88.87,43.11788320541382,1.4301373713241752,142315.0,88.71,203264.0,
253,Random,0.3,86.8,89.2,43.02816963195801,1.4301373713241752,142315.0,88.71,203264.0,
177,Random,0.3,86.8,88.27,48.11708641052246,1.4301373713241752,142315.0,88.71,203264.0,
457,Random,0.3,86.8,88.42,43.56802797317505,1.4301373713241752,142315.0,88.71,203264.0,
651,Random,0.3,86.8,88.52,44.725176095962524,1.4301373713241752,142315.0,88.71,203264.0,
515,Random,0.3,86.8,88.89,51.24421787261963,1.4301373713241752,142315.0,88.71,203264.0,
536,Random,0.3,86.8,88.6,52.730146169662476,1.4301373713241752,142315.0,88.71,203264.0,
673,Random,0.3,86.8,88.77,49.781240940093994,1.4301373713241752,142315.0,88.71,203264.0,
880,Random,0.3,86.8,88.07,69.02564668655396,1.4301373713241752,142315.0,88.71,203264.0,
884,Random,0.3,86.8,87.81,61.34894871711731,1.4301373713241752,142315.0,88.71,203264.0,
705,Random,0.3,86.8,88.83,92.66376948356628,1.4301373713241752,142315.0,88.71,203264.0,
987,Random,0.3,86.8,88.73,73.01202201843262,1.4301373713241752,142315.0,88.71,203264.0,
905,Random,0.3,86.8,88.54,84.68366003036499,1.4301373713241752,142315.0,88.71,203264.0,
801,Random,0.3,86.8,88.31,55.49766659736633,1.4301373713241752,142315.0,88.71,203264.0,
687,Random,0.3,86.8,88.76,124.94215798377991,1.4301373713241752,142315.0,88.71,203264.0,
321,Random,0.3,86.75,87.8,50.915560245513916,1.4301373713241752,142315.0,88.71,203264.0,
902,Random,0.3,86.8,88.68,130.61967658996582,1.4301373713241752,142315.0,88.71,203264.0,
62,Random,0.3,86.8,88.56,76.13368916511536,1.4301373713241752,142315.0,88.71,203264.0,
365,Random,0.3,86.75,88.55,54.35695123672485,1.4301373713241752,142315.0,88.71,203264.0,
382,Random,0.3,86.75,89.24,50.06858515739441,1.4301373713241752,142315.0,88.71,203264.0,
80,Random,0.3,86.8,88.53,89.27232432365417,1.4301373713241752,142315.0,88.71,203264.0,
162,Random,0.3,86.75,88.84,46.646775007247925,1.4301373713241752,142315.0,88.71,203264.0,
438,Random,0.3,86.75,88.91,53.48813080787659,1.4301373713241752,142315.0,88.71,203264.0,
505,Random,0.3,86.75,88.82,47.57406139373779,1.4301373713241752,142315.0,88.71,203264.0,
252,Random,0.3,86.75,88.58,58.3247332572937,1.4301373713241752,142315.0,88.71,203264.0,
587,Random,0.3,86.75,88.2,42.626999855041504,1.4301373713241752,142315.0,88.71,203264.0,
639,Random,0.3,86.75,88.88,48.77902817726135,1.4301373713241752,142315.0,88.71,203264.0,
647,Random,0.3,86.75,88.99,42.550875663757324,1.4301373713241752,142315.0,88.71,203264.0,
145,Random,0.3,86.75,88.91,99.2375009059906,1.4301373713241752,142315.0,88.71,203264.0,
657,Random,0.3,86.75,88.75,42.52047824859619,1.4301373713241752,142315.0,88.71,203264.0,
656,Random,0.3,86.75,89.04,43.38774657249451,1.4301373713241752,142315.0,88.71,203264.0,
659,Random,0.3,86.75,88.79,42.29909300804138,1.4301373713241752,142315.0,88.71,203264.0,
668,Random,0.3,86.75,88.71,40.70945620536804,1.4301373713241752,142315.0,88.71,203264.0,
885,Random,0.3,86.75,88.91,41.64261198043823,1.4301373713241752,142315.0,88.71,203264.0,
891,Random,0.3,86.75,88.64,42.65350031852722,1.4301373713241752,142315.0,88.71,203264.0,
874,Random,0.3,86.75,88.92,45.69501733779907,1.4301373713241752,142315.0,88.71,203264.0,
895,Random,0.3,86.75,88.75,41.70420861244202,1.4301373713241752,142315.0,88.71,203264.0,
911,Random,0.3,86.75,88.5,42.80993437767029,1.4301373713241752,142315.0,88.71,203264.0,
920,Random,0.3,86.75,87.91,41.503870487213135,1.4301373713241752,142315.0,88.71,203264.0,
983,Random,0.3,86.75,88.88,41.527525901794434,1.4301373713241752,142315.0,88.71,203264.0,
723,Random,0.3,86.75,88.67,41.96347188949585,1.4301373713241752,142315.0,88.71,203264.0,
726,Random,0.3,86.75,88.61,42.804399728775024,1.4301373713241752,142315.0,88.71,203264.0,
840,Random,0.3,86.75,89.07,44.795329093933105,1.4301373713241752,142315.0,88.71,203264.0,
289,Random,0.3,86.7,88.64,41.11568355560303,1.4301373713241752,142315.0,88.71,203264.0,
337,Random,0.3,86.7,88.57,41.71131920814514,1.4301373713241752,142315.0,88.71,203264.0,
291,Random,0.3,86.7,88.89,42.85057091712952,1.4301373713241752,142315.0,88.71,203264.0,
147,Random,0.3,86.7,88.72,40.65886998176575,1.4301373713241752,142315.0,88.71,203264.0,
229,Random,0.3,86.7,88.83,41.32740044593811,1.4301373713241752,142315.0,88.71,203264.0,
444,Random,0.3,86.7,88.53,42.7690064907074,1.4301373713241752,142315.0,88.71,203264.0,
500,Random,0.3,86.7,88.93,46.31507229804993,1.4301373713241752,142315.0,88.71,203264.0,
539,Random,0.3,86.7,88.63,42.12102746963501,1.4301373713241752,142315.0,88.71,203264.0,
547,Random,0.3,86.7,89.07,42.667553663253784,1.4301373713241752,142315.0,88.71,203264.0,
602,Random,0.3,86.7,88.17,42.877503395080566,1.4301373713241752,142315.0,88.71,203264.0,
614,Random,0.3,86.7,88.64,40.86955738067627,1.4301373713241752,142315.0,88.71,203264.0,
641,Random,0.3,86.7,89.11,41.476014375686646,1.4301373713241752,142315.0,88.71,203264.0,
655,Random,0.3,86.7,88.73,42.5643367767334,1.4301373713241752,142315.0,88.71,203264.0,
684,Random,0.3,86.7,88.99,46.21329140663147,1.4301373713241752,142315.0,88.71,203264.0,
702,Random,0.3,86.7,88.72,42.2736132144928,1.4301373713241752,142315.0,88.71,203264.0,
888,Random,0.3,86.7,88.99,42.28995895385742,1.4301373713241752,142315.0,88.71,203264.0,
927,Random,0.3,86.7,88.73,42.87659525871277,1.4301373713241752,142315.0,88.71,203264.0,
952,Random,0.3,86.7,88.47,40.74820637702942,1.4301373713241752,142315.0,88.71,203264.0,
720,Random,0.3,86.7,88.81,42.1007764339447,1.4301373713241752,142315.0,88.71,203264.0,
769,Random,0.3,86.7,88.22,42.70288348197937,1.4301373713241752,142315.0,88.71,203264.0,
825,Random,0.3,86.7,89.08,41.883421897888184,1.4301373713241752,142315.0,88.71,203264.0,
788,Random,0.3,86.7,88.57,45.47370886802673,1.4301373713241752,142315.0,88.71,203264.0,
852,Random,0.3,86.7,88.92,42.770538330078125,1.4301373713241752,142315.0,88.71,203264.0,
11,Random,0.3,86.7,88.3,42.70712351799011,1.4301373713241752,142315.0,88.71,203264.0,
12,Random,0.3,86.7,88.63,41.36727833747864,1.4301373713241752,142315.0,88.71,203264.0,
15,Random,0.3,86.7,88.58,42.15257024765015,1.4301373713241752,142315.0,88.71,203264.0,
85,Random,0.3,86.7,88.03,42.668785095214844,1.4301373713241752,142315.0,88.71,203264.0,
88,Random,0.3,86.7,88.68,42.35837268829346,1.4301373713241752,142315.0,88.71,203264.0,
271,Random,0.3,86.65,88.96,42.3056058883667,1.4301373713241752,142315.0,88.71,203264.0,
159,Random,0.3,86.65,88.35,44.43289256095886,1.4301373713241752,142315.0,88.71,203264.0,
286,Random,0.3,86.65,88.84,42.74146103858948,1.4301373713241752,142315.0,88.71,203264.0,
493,Random,0.3,86.65,88.74,40.88075232505798,1.4301373713241752,142315.0,88.71,203264.0,
604,Random,0.3,86.65,88.95,41.57103395462036,1.4301373713241752,142315.0,88.71,203264.0,
953,Random,0.3,86.65,88.86,42.60103797912598,1.4301373713241752,142315.0,88.71,203264.0,
1000,Random,0.3,86.65,88.85,42.34149146080017,1.4301373713241752,142315.0,88.71,203264.0,
732,Random,0.3,86.65,88.77,42.003116846084595,1.4301373713241752,142315.0,88.71,203264.0,
775,Random,0.3,86.65,88.82,43.468894720077515,1.4301373713241752,142315.0,88.71,203264.0,
5,Random,0.3,86.65,88.07,42.82348918914795,1.4301373713241752,142315.0,88.71,203264.0,
63,Random,0.3,86.65,88.93,41.44459915161133,1.4301373713241752,142315.0,88.71,203264.0,
72,Random,0.3,86.65,88.88,41.85759425163269,1.4301373713241752,142315.0,88.71,203264.0,
113,Random,0.3,86.65,88.98,42.77771043777466,1.4301373713241752,142315.0,88.71,203264.0,
300,Random,0.3,86.6,88.55,42.499998807907104,1.4301373713241752,142315.0,88.71,203264.0,
376,Random,0.3,86.6,89.14,42.539268493652344,1.4301373713241752,142315.0,88.71,203264.0,
466,Random,0.3,86.6,88.69,41.41994071006775,1.4301373713241752,142315.0,88.71,203264.0,
152,Random,0.3,86.6,88.89,43.15630078315735,1.4301373713241752,142315.0,88.71,203264.0,
222,Random,0.3,86.6,88.66,42.95006251335144,1.4301373713241752,142315.0,88.71,203264.0,
477,Random,0.3,86.6,88.49,41.640175580978394,1.4301373713241752,142315.0,88.71,203264.0,
520,Random,0.3,86.6,88.97,42.828325510025024,1.4301373713241752,142315.0,88.71,203264.0,
596,Random,0.3,86.6,89.1,41.94180345535278,1.4301373713241752,142315.0,88.71,203264.0,
627,Random,0.3,86.6,88.67,41.9224967956543,1.4301373713241752,142315.0,88.71,203264.0,
658,Random,0.3,86.6,88.45,41.70166635513306,1.4301373713241752,142315.0,88.71,203264.0,
711,Random,0.3,86.6,88.04,43.123554706573486,1.4301373713241752,142315.0,88.71,203264.0,
678,Random,0.3,86.6,88.54,44.51876354217529,1.4301373713241752,142315.0,88.71,203264.0,
865,Random,0.3,86.6,88.53,41.744340658187866,1.4301373713241752,142315.0,88.71,203264.0,
915,Random,0.3,86.6,88.76,42.8534791469574,1.4301373713241752,142315.0,88.71,203264.0,
969,Random,0.3,86.6,88.46,41.28225636482239,1.4301373713241752,142315.0,88.71,203264.0,
755,Random,0.3,86.6,88.96,41.83845376968384,1.4301373713241752,142315.0,88.71,203264.0,
760,Random,0.3,86.6,88.89,40.25918412208557,1.4301373713241752,142315.0,88.71,203264.0,
47,Random,0.3,86.6,88.71,41.69965362548828,1.4301373713241752,142315.0,88.71,203264.0,
845,Random,0.3,86.6,88.51,43.36714267730713,1.4301373713241752,142315.0,88.71,203264.0,
48,Random,0.3,86.6,88.51,40.69137644767761,1.4301373713241752,142315.0,88.71,203264.0,
59,Random,0.3,86.6,88.8,43.06077742576599,1.4301373713241752,142315.0,88.71,203264.0,
61,Random,0.3,86.6,88.28,42.41498327255249,1.4301373713241752,142315.0,88.71,203264.0,
95,Random,0.3,86.6,88.71,40.89435935020447,1.4301373713241752,142315.0,88.71,203264.0,
89,Random,0.3,86.6,88.94,42.17729663848877,1.4301373713241752,142315.0,88.71,203264.0,
121,Random,0.3,86.6,88.25,43.78949689865112,1.4301373713241752,142315.0,88.71,203264.0,
331,Random,0.3,86.55,88.69,44.07404184341431,1.4301373713241752,142315.0,88.71,203264.0,
333,Random,0.3,86.55,89.2,41.98170495033264,1.4301373713241752,142315.0,88.71,203264.0,
363,Random,0.3,86.55,88.71,42.97795057296753,1.4301373713241752,142315.0,88.71,203264.0,
244,Random,0.3,86.55,88.82,40.53211164474487,1.4301373713241752,142315.0,88.71,203264.0,
211,Random,0.3,86.55,88.51,45.40471887588501,1.4301373713241752,142315.0,88.71,203264.0,
251,Random,0.3,86.55,89.04,42.220974922180176,1.4301373713241752,142315.0,88.71,203264.0,
446,Random,0.3,86.55,88.19,42.40560698509216,1.4301373713241752,142315.0,88.71,203264.0,
452,Random,0.3,86.55,88.82,43.74056887626648,1.4301373713241752,142315.0,88.71,203264.0,
476,Random,0.3,86.55,88.16,41.53489875793457,1.4301373713241752,142315.0,88.71,203264.0,
480,Random,0.3,86.55,88.57,42.98737621307373,1.4301373713241752,142315.0,88.71,203264.0,
499,Random,0.3,86.55,88.03,41.06262493133545,1.4301373713241752,142315.0,88.71,203264.0,
516,Random,0.3,86.55,88.5,41.910157203674316,1.4301373713241752,142315.0,88.71,203264.0,
567,Random,0.3,86.55,88.78,41.13579297065735,1.4301373713241752,142315.0,88.71,203264.0,
586,Random,0.3,86.55,89.02,44.994842529296875,1.4301373713241752,142315.0,88.71,203264.0,
613,Random,0.3,86.55,88.61,43.44201683998108,1.4301373713241752,142315.0,88.71,203264.0,
629,Random,0.3,86.55,88.59,41.55937910079956,1.4301373713241752,142315.0,88.71,203264.0,
653,Random,0.3,86.55,88.39,43.3157639503479,1.4301373713241752,142315.0,88.71,203264.0,
664,Random,0.3,86.55,88.63,40.96703386306763,1.4301373713241752,142315.0,88.71,203264.0,
980,Random,0.3,86.55,89.09,41.30290651321411,1.4301373713241752,142315.0,88.71,203264.0,
864,Random,0.3,86.55,88.62,41.99099779129028,1.4301373713241752,142315.0,88.71,203264.0,
784,Random,0.3,86.55,88.62,43.46380281448364,1.4301373713241752,142315.0,88.71,203264.0,
754,Random,0.3,86.55,88.95,44.420676708221436,1.4301373713241752,142315.0,88.71,203264.0,
18,Random,0.3,86.55,88.6,41.902629137039185,1.4301373713241752,142315.0,88.71,203264.0,
86,Random,0.3,86.55,88.94,43.02679252624512,1.4301373713241752,142315.0,88.71,203264.0,
97,Random,0.3,86.55,88.69,41.450660705566406,1.4301373713241752,142315.0,88.71,203264.0,
101,Random,0.3,86.55,88.23,41.224562883377075,1.4301373713241752,142315.0,88.71,203264.0,
129,Random,0.3,86.55,88.88,43.506447553634644,1.4301373713241752,142315.0,88.71,203264.0,
140,Random,0.3,86.55,88.97,43.48430132865906,1.4301373713241752,142315.0,88.71,203264.0,
290,Random,0.3,86.5,88.79,44.10429668426514,1.4301373713241752,142315.0,88.71,203264.0,
373,Random,0.3,86.5,88.41,46.22669315338135,1.4301373713241752,142315.0,88.71,203264.0,
396,Random,0.3,86.5,88.57,42.86521506309509,1.4301373713241752,142315.0,88.71,203264.0,
419,Random,0.3,86.5,88.38,41.47631502151489,1.4301373713241752,142315.0,88.71,203264.0,
170,Random,0.3,86.5,88.43,41.65306115150452,1.4301373713241752,142315.0,88.71,203264.0,
261,Random,0.3,86.5,88.58,42.89654302597046,1.4301373713241752,142315.0,88.71,203264.0,
274,Random,0.3,86.5,88.37,43.50738310813904,1.4301373713241752,142315.0,88.71,203264.0,
521,Random,0.3,86.5,88.74,44.04423975944519,1.4301373713241752,142315.0,88.71,203264.0,
622,Random,0.3,86.5,88.51,46.67822504043579,1.4301373713241752,142315.0,88.71,203264.0,
930,Random,0.3,86.5,88.63,41.350581645965576,1.4301373713241752,142315.0,88.71,203264.0,
628,Random,0.3,86.5,88.44,43.0071382522583,1.4301373713241752,142315.0,88.71,203264.0,
935,Random,0.3,86.5,88.76,41.62810277938843,1.4301373713241752,142315.0,88.71,203264.0,
985,Random,0.3,86.5,88.78,43.95847487449646,1.4301373713241752,142315.0,88.71,203264.0,
996,Random,0.3,86.5,88.92,43.45484256744385,1.4301373713241752,142315.0,88.71,203264.0,
716,Random,0.3,86.5,88.67,44.41529440879822,1.4301373713241752,142315.0,88.71,203264.0,
740,Random,0.3,86.5,88.58,43.875529050827026,1.4301373713241752,142315.0,88.71,203264.0,
1,Random,0.3,86.5,88.86,40.826154708862305,1.4301373713241752,142315.0,88.71,203264.0,
28,Random,0.3,86.5,88.93,43.171223640441895,1.4301373713241752,142315.0,88.71,203264.0,
40,Random,0.3,86.5,89.06,41.68868637084961,1.4301373713241752,142315.0,88.71,203264.0,
57,Random,0.3,86.5,88.59,47.79052209854126,1.4301373713241752,142315.0,88.71,203264.0,
305,Random,0.3,86.45,88.0,43.334986448287964,1.4301373713241752,142315.0,88.71,203264.0,
379,Random,0.3,86.45,88.98,46.206719636917114,1.4301373713241752,142315.0,88.71,203264.0,
402,Random,0.3,86.45,88.97,48.13785004615784,1.4301373713241752,142315.0,88.71,203264.0,
418,Random,0.3,86.45,88.35,42.04389429092407,1.4301373713241752,142315.0,88.71,203264.0,
171,Random,0.3,86.45,88.46,41.66128444671631,1.4301373713241752,142315.0,88.71,203264.0,
428,Random,0.3,86.45,88.05,43.03481698036194,1.4301373713241752,142315.0,88.71,203264.0,
250,Random,0.3,86.45,88.41,44.42953824996948,1.4301373713241752,142315.0,88.71,203264.0,
256,Random,0.3,86.45,88.68,43.391305685043335,1.4301373713241752,142315.0,88.71,203264.0,
263,Random,0.3,86.45,88.15,45.012940883636475,1.4301373713241752,142315.0,88.71,203264.0,
284,Random,0.3,86.45,88.99,41.3216438293457,1.4301373713241752,142315.0,88.71,203264.0,
267,Random,0.3,86.45,88.87,42.75665283203125,1.4301373713241752,142315.0,88.71,203264.0,
513,Random,0.3,86.45,88.75,41.295050859451294,1.4301373713241752,142315.0,88.71,203264.0,
551,Random,0.3,86.45,88.43,42.962981939315796,1.4301373713241752,142315.0,88.71,203264.0,
642,Random,0.3,86.45,88.74,43.5192596912384,1.4301373713241752,142315.0,88.71,203264.0,
681,Random,0.3,86.45,88.74,42.925145626068115,1.4301373713241752,142315.0,88.71,203264.0,
706,Random,0.3,86.45,88.74,44.20856022834778,1.4301373713241752,142315.0,88.71,203264.0,
867,Random,0.3,86.45,88.89,41.401628255844116,1.4301373713241752,142315.0,88.71,203264.0,
882,Random,0.3,86.45,88.02,41.46623396873474,1.4301373713241752,142315.0,88.71,203264.0,
991,Random,0.3,86.45,88.99,41.788798570632935,1.4301373713241752,142315.0,88.71,203264.0,
765,Random,0.3,86.45,88.74,42.89345049858093,1.4301373713241752,142315.0,88.71,203264.0,
853,Random,0.3,86.45,88.42,44.39749479293823,1.4301373713241752,142315.0,88.71,203264.0,
857,Random,0.3,86.45,88.81,42.74441337585449,1.4301373713241752,142315.0,88.71,203264.0,
858,Random,0.3,86.45,89.05,41.786927461624146,1.4301373713241752,142315.0,88.71,203264.0,
21,Random,0.3,86.45,88.9,41.74923515319824,1.4301373713241752,142315.0,88.71,203264.0,
52,Random,0.3,86.45,88.08,41.65787363052368,1.4301373713241752,142315.0,88.71,203264.0,
299,Random,0.3,86.4,88.51,41.22946310043335,1.4301373713241752,142315.0,88.71,203264.0,
397,Random,0.3,86.4,88.65,42.89378309249878,1.4301373713241752,142315.0,88.71,203264.0,
220,Random,0.3,86.4,88.07,44.68710660934448,1.4301373713241752,142315.0,88.71,203264.0,
235,Random,0.3,86.4,89.2,42.686885595321655,1.4301373713241752,142315.0,88.71,203264.0,
462,Random,0.3,86.4,88.91,41.15764927864075,1.4301373713241752,142315.0,88.71,203264.0,
593,Random,0.3,86.4,88.76,41.63951873779297,1.4301373713241752,142315.0,88.71,203264.0,
491,Random,0.3,86.4,88.59,42.10469079017639,1.4301373713241752,142315.0,88.71,203264.0,
612,Random,0.3,86.4,88.46,41.02414870262146,1.4301373713241752,142315.0,88.71,203264.0,
689,Random,0.3,86.4,89.04,42.758057594299316,1.4301373713241752,142315.0,88.71,203264.0,
868,Random,0.3,86.4,88.52,44.19109892845154,1.4301373713241752,142315.0,88.71,203264.0,
925,Random,0.3,86.4,88.76,42.79094648361206,1.4301373713241752,142315.0,88.71,203264.0,
993,Random,0.3,86.4,88.81,41.16593313217163,1.4301373713241752,142315.0,88.71,203264.0,
762,Random,0.3,86.4,88.81,41.48607850074768,1.4301373713241752,142315.0,88.71,203264.0,
787,Random,0.3,86.4,88.43,42.101579904556274,1.4301373713241752,142315.0,88.71,203264.0,
109,Random,0.3,86.4,88.64,41.48506689071655,1.4301373713241752,142315.0,88.71,203264.0,
130,Random,0.3,86.4,88.7,42.70348882675171,1.4301373713241752,142315.0,88.71,203264.0,
172,Random,0.3,86.35,88.89,42.82959961891174,1.4301373713241752,142315.0,88.71,203264.0,
408,Random,0.3,86.35,88.19,47.76494836807251,1.4301373713241752,142315.0,88.71,203264.0,
590,Random,0.3,86.35,88.73,41.32827544212341,1.4301373713241752,142315.0,88.71,203264.0,
640,Random,0.3,86.35,89.01,41.4050567150116,1.4301373713241752,142315.0,88.71,203264.0,
889,Random,0.3,86.35,88.69,41.62947106361389,1.4301373713241752,142315.0,88.71,203264.0,
957,Random,0.3,86.35,88.97,40.98559522628784,1.4301373713241752,142315.0,88.71,203264.0,
837,Random,0.3,86.35,89.1,42.70258641242981,1.4301373713241752,142315.0,88.71,203264.0,
847,Random,0.3,86.35,88.58,42.989428997039795,1.4301373713241752,142315.0,88.71,203264.0,
317,Random,0.3,86.3,89.06,40.80288600921631,1.4301373713241752,142315.0,88.71,203264.0,
34,Random,0.3,86.35,88.85,47.33095622062683,1.4301373713241752,142315.0,88.71,203264.0,
343,Random,0.3,86.3,88.9,42.36545777320862,1.4301373713241752,142315.0,88.71,203264.0,
416,Random,0.3,86.3,89.08,41.320189476013184,1.4301373713241752,142315.0,88.71,203264.0,
381,Random,0.3,86.3,89.39,42.574604749679565,1.4301373713241752,142315.0,88.71,203264.0,
149,Random,0.3,86.3,88.35,42.650994062423706,1.4301373713241752,142315.0,88.71,203264.0,
183,Random,0.3,86.3,88.01,41.000927209854126,1.4301373713241752,142315.0,88.71,203264.0,
153,Random,0.3,86.3,88.33,42.84377837181091,1.4301373713241752,142315.0,88.71,203264.0,
443,Random,0.3,86.3,88.4,41.41587281227112,1.4301373713241752,142315.0,88.71,203264.0,
241,Random,0.3,86.3,88.72,42.18345880508423,1.4301373713241752,142315.0,88.71,203264.0,
455,Random,0.3,86.3,88.83,42.1485755443573,1.4301373713241752,142315.0,88.71,203264.0,
202,Random,0.3,86.3,89.11,44.608623027801514,1.4301373713241752,142315.0,88.71,203264.0,
508,Random,0.3,86.3,88.87,42.636507987976074,1.4301373713241752,142315.0,88.71,203264.0,
688,Random,0.3,86.3,88.7,41.141735315322876,1.4301373713241752,142315.0,88.71,203264.0,
749,Random,0.3,86.3,88.99,42.75310683250427,1.4301373713241752,142315.0,88.71,203264.0,
818,Random,0.3,86.3,88.73,41.778461933135986,1.4301373713241752,142315.0,88.71,203264.0,
831,Random,0.3,86.3,88.08,41.39024829864502,1.4301373713241752,142315.0,88.71,203264.0,
115,Random,0.3,86.3,89.04,41.60168433189392,1.4301373713241752,142315.0,88.71,203264.0,
319,Random,0.3,86.25,88.68,45.48962712287903,1.4301373713241752,142315.0,88.71,203264.0,
158,Random,0.3,86.25,88.7,42.696895122528076,1.4301373713241752,142315.0,88.71,203264.0,
161,Random,0.3,86.25,88.75,40.93011403083801,1.4301373713241752,142315.0,88.71,203264.0,
266,Random,0.3,86.25,88.76,42.832987546920776,1.4301373713241752,142315.0,88.71,203264.0,
461,Random,0.3,86.25,88.61,41.922048568725586,1.4301373713241752,142315.0,88.71,203264.0,
555,Random,0.3,86.25,88.91,42.082279443740845,1.4301373713241752,142315.0,88.71,203264.0,
636,Random,0.3,86.25,88.49,41.238985538482666,1.4301373713241752,142315.0,88.71,203264.0,
690,Random,0.3,86.25,88.67,46.373900175094604,1.4301373713241752,142315.0,88.71,203264.0,
968,Random,0.3,86.25,88.12,42.6380717754364,1.4301373713241752,142315.0,88.71,203264.0,
974,Random,0.3,86.25,88.91,40.59647035598755,1.4301373713241752,142315.0,88.71,203264.0,
741,Random,0.3,86.25,88.24,42.74838471412659,1.4301373713241752,142315.0,88.71,203264.0,
767,Random,0.3,86.25,89.06,41.47183156013489,1.4301373713241752,142315.0,88.71,203264.0,
833,Random,0.3,86.25,88.37,41.992775678634644,1.4301373713241752,142315.0,88.71,203264.0,
77,Random,0.3,86.25,88.48,41.79065752029419,1.4301373713241752,142315.0,88.71,203264.0,
374,Random,0.3,86.2,88.45,42.58790993690491,1.4301373713241752,142315.0,88.71,203264.0,
306,Random,0.3,86.2,88.2,48.743876934051514,1.4301373713241752,142315.0,88.71,203264.0,
180,Random,0.3,86.2,88.88,40.8782901763916,1.4301373713241752,142315.0,88.71,203264.0,
233,Random,0.3,86.2,88.98,42.78474187850952,1.4301373713241752,142315.0,88.71,203264.0,
643,Random,0.3,86.2,88.8,41.96674466133118,1.4301373713241752,142315.0,88.71,203264.0,
862,Random,0.3,86.2,88.32,42.652830362319946,1.4301373713241752,142315.0,88.71,203264.0,
666,Random,0.3,86.2,88.83,43.275216579437256,1.4301373713241752,142315.0,88.71,203264.0,
37,Random,0.3,86.2,88.73,42.85230875015259,1.4301373713241752,142315.0,88.71,203264.0,
372,Random,0.3,86.15,88.96,45.36043334007263,1.4301373713241752,142315.0,88.71,203264.0,
224,Random,0.3,86.15,88.37,41.59703326225281,1.4301373713241752,142315.0,88.71,203264.0,
524,Random,0.3,86.15,89.26,43.11922764778137,1.4301373713241752,142315.0,88.71,203264.0,
625,Random,0.3,86.15,88.68,41.897703886032104,1.4301373713241752,142315.0,88.71,203264.0,
660,Random,0.3,86.15,88.89,42.644630670547485,1.4301373713241752,142315.0,88.71,203264.0,
931,Random,0.3,86.15,88.46,42.92165946960449,1.4301373713241752,142315.0,88.71,203264.0,
391,Random,0.3,86.1,89.05,42.68790054321289,1.4301373713241752,142315.0,88.71,203264.0,
399,Random,0.3,86.1,88.24,44.94844627380371,1.4301373713241752,142315.0,88.71,203264.0,
205,Random,0.3,86.1,88.77,40.98633360862732,1.4301373713241752,142315.0,88.71,203264.0,
225,Random,0.3,86.1,88.89,42.71037745475769,1.4301373713241752,142315.0,88.71,203264.0,
283,Random,0.3,86.1,88.7,41.748016119003296,1.4301373713241752,142315.0,88.71,203264.0,
589,Random,0.3,86.1,88.81,42.826271772384644,1.4301373713241752,142315.0,88.71,203264.0,
945,Random,0.3,86.1,88.9,42.62688422203064,1.4301373713241752,142315.0,88.71,203264.0,
979,Random,0.3,86.1,89.21,42.59059143066406,1.4301373713241752,142315.0,88.71,203264.0,
729,Random,0.3,86.1,88.65,45.78147745132446,1.4301373713241752,142315.0,88.71,203264.0,
32,Random,0.3,86.1,89.09,40.89461302757263,1.4301373713241752,142315.0,88.71,203264.0,
122,Random,0.3,86.1,88.83,42.71171569824219,1.4301373713241752,142315.0,88.71,203264.0,
336,Random,0.3,86.05,88.78,41.56035757064819,1.4301373713241752,142315.0,88.71,203264.0,
182,Random,0.3,86.05,88.46,42.56023192405701,1.4301373713241752,142315.0,88.71,203264.0,
359,Random,0.3,86.05,88.48,43.10878777503967,1.4301373713241752,142315.0,88.71,203264.0,
196,Random,0.3,86.05,88.37,42.513139486312866,1.4301373713241752,142315.0,88.71,203264.0,
447,Random,0.3,86.05,88.49,40.91469073295593,1.4301373713241752,142315.0,88.71,203264.0,
201,Random,0.3,86.05,88.81,44.278504610061646,1.4301373713241752,142315.0,88.71,203264.0,
511,Random,0.3,86.05,88.87,41.93750596046448,1.4301373713241752,142315.0,88.71,203264.0,
474,Random,0.3,86.05,88.54,42.85364747047424,1.4301373713241752,142315.0,88.71,203264.0,
621,Random,0.3,86.05,88.44,42.23975849151611,1.4301373713241752,142315.0,88.71,203264.0,
768,Random,0.3,86.05,88.95,42.26405096054077,1.4301373713241752,142315.0,88.71,203264.0,
782,Random,0.3,86.05,88.83,42.50766372680664,1.4301373713241752,142315.0,88.71,203264.0,
820,Random,0.3,86.05,88.67,41.39929413795471,1.4301373713241752,142315.0,88.71,203264.0,
24,Random,0.3,86.05,88.48,44.68628120422363,1.4301373713241752,142315.0,88.71,203264.0,
294,Random,0.3,86.0,88.97,41.89897584915161,1.4301373713241752,142315.0,88.71,203264.0,
357,Random,0.3,86.0,89.05,42.79648804664612,1.4301373713241752,142315.0,88.71,203264.0,
157,Random,0.3,86.0,89.02,42.87572741508484,1.4301373713241752,142315.0,88.71,203264.0,
167,Random,0.3,86.0,88.78,42.88479208946228,1.4301373713241752,142315.0,88.71,203264.0,
216,Random,0.3,86.0,88.52,42.567771911621094,1.4301373713241752,142315.0,88.71,203264.0,
268,Random,0.3,86.0,88.81,42.05406856536865,1.4301373713241752,142315.0,88.71,203264.0,
465,Random,0.3,86.0,89.1,44.098687410354614,1.4301373713241752,142315.0,88.71,203264.0,
568,Random,0.3,86.0,88.87,41.86843132972717,1.4301373713241752,142315.0,88.71,203264.0,
707,Random,0.3,86.0,88.61,42.58918499946594,1.4301373713241752,142315.0,88.71,203264.0,
893,Random,0.3,86.0,88.22,42.51940584182739,1.4301373713241752,142315.0,88.71,203264.0,
901,Random,0.3,86.0,88.91,42.553107261657715,1.4301373713241752,142315.0,88.71,203264.0,
938,Random,0.3,86.0,87.4,42.44810152053833,1.4301373713241752,142315.0,88.71,203264.0,
976,Random,0.3,86.0,89.25,41.74854302406311,1.4301373713241752,142315.0,88.71,203264.0,
992,Random,0.3,86.0,88.58,45.58395719528198,1.4301373713241752,142315.0,88.71,203264.0,
721,Random,0.3,86.0,88.9,42.316162109375,1.4301373713241752,142315.0,88.71,203264.0,
771,Random,0.3,86.0,88.6,43.2200608253479,1.4301373713241752,142315.0,88.71,203264.0,
41,Random,0.3,86.0,88.5,42.375428438186646,1.4301373713241752,142315.0,88.71,203264.0,
805,Random,0.3,86.0,88.79,42.67486906051636,1.4301373713241752,142315.0,88.71,203264.0,
111,Random,0.3,86.0,89.06,43.034491539001465,1.4301373713241752,142315.0,88.71,203264.0,
132,Random,0.3,86.0,88.97,42.052719831466675,1.4301373713241752,142315.0,88.71,203264.0,
410,Random,0.3,85.95,88.38,41.77078080177307,1.4301373713241752,142315.0,88.71,203264.0,
307,Random,0.3,85.95,88.34,45.76087498664856,1.4301373713241752,142315.0,88.71,203264.0,
423,Random,0.3,85.95,88.96,42.9829888343811,1.4301373713241752,142315.0,88.71,203264.0,
228,Random,0.3,85.95,88.75,42.77167057991028,1.4301373713241752,142315.0,88.71,203264.0,
189,Random,0.3,85.95,88.87,43.122546434402466,1.4301373713241752,142315.0,88.71,203264.0,
248,Random,0.3,85.95,88.92,42.65174221992493,1.4301373713241752,142315.0,88.71,203264.0,
468,Random,0.3,85.95,88.93,41.15643644332886,1.4301373713241752,142315.0,88.71,203264.0,
489,Random,0.3,85.95,88.3,41.57057595252991,1.4301373713241752,142315.0,88.71,203264.0,
538,Random,0.3,85.95,88.48,46.663798093795776,1.4301373713241752,142315.0,88.71,203264.0,
545,Random,0.3,85.95,88.88,42.88353252410889,1.4301373713241752,142315.0,88.71,203264.0,
601,Random,0.3,85.95,88.57,42.402310848236084,1.4301373713241752,142315.0,88.71,203264.0,
870,Random,0.3,85.95,88.8,42.5163209438324,1.4301373713241752,142315.0,88.71,203264.0,
879,Random,0.3,85.95,88.6,42.86318588256836,1.4301373713241752,142315.0,88.71,203264.0,
836,Random,0.3,85.95,88.75,41.24888634681702,1.4301373713241752,142315.0,88.71,203264.0,
17,Random,0.3,85.95,88.94,41.747671365737915,1.4301373713241752,142315.0,88.71,203264.0,
169,Random,0.3,85.9,88.6,42.982903242111206,1.4301373713241752,142315.0,88.71,203264.0,
106,Random,0.3,85.95,88.65,43.492512226104736,1.4301373713241752,142315.0,88.71,203264.0,
255,Random,0.3,85.9,88.95,40.97798013687134,1.4301373713241752,142315.0,88.71,203264.0,
478,Random,0.3,85.9,88.83,42.18037676811218,1.4301373713241752,142315.0,88.71,203264.0,
517,Random,0.3,85.9,88.95,43.00078344345093,1.4301373713241752,142315.0,88.71,203264.0,
552,Random,0.3,85.9,89.36,41.56308698654175,1.4301373713241752,142315.0,88.71,203264.0,
624,Random,0.3,85.9,88.73,41.478779792785645,1.4301373713241752,142315.0,88.71,203264.0,
661,Random,0.3,85.9,88.85,43.06467795372009,1.4301373713241752,142315.0,88.71,203264.0,
999,Random,0.3,85.9,88.81,42.254252195358276,1.4301373713241752,142315.0,88.71,203264.0,
808,Random,0.3,85.9,88.9,42.03775978088379,1.4301373713241752,142315.0,88.71,203264.0,
859,Random,0.3,85.9,88.43,45.44957494735718,1.4301373713241752,142315.0,88.71,203264.0,
29,Random,0.3,85.9,88.95,40.91774082183838,1.4301373713241752,142315.0,88.71,203264.0,
828,Random,0.3,85.9,88.49,42.649965047836304,1.4301373713241752,142315.0,88.71,203264.0,
293,Random,0.3,85.85,88.85,41.92816185951233,1.4301373713241752,142315.0,88.71,203264.0,
324,Random,0.3,85.85,88.24,42.765103816986084,1.4301373713241752,142315.0,88.71,203264.0,
451,Random,0.3,85.85,88.58,42.431212186813354,1.4301373713241752,142315.0,88.71,203264.0,
922,Random,0.3,85.85,88.79,42.75049877166748,1.4301373713241752,142315.0,88.71,203264.0,
958,Random,0.3,85.85,88.48,45.926305055618286,1.4301373713241752,142315.0,88.71,203264.0,
743,Random,0.3,85.85,88.93,41.07950234413147,1.4301373713241752,142315.0,88.71,203264.0,
797,Random,0.3,85.85,88.3,42.31389760971069,1.4301373713241752,142315.0,88.71,203264.0,
4,Random,0.3,85.85,88.45,41.73967909812927,1.4301373713241752,142315.0,88.71,203264.0,
314,Random,0.3,85.8,88.89,42.135340213775635,1.4301373713241752,142315.0,88.71,203264.0,
46,Random,0.3,85.85,88.73,42.831273317337036,1.4301373713241752,142315.0,88.71,203264.0,
315,Random,0.3,85.8,88.96,42.44804525375366,1.4301373713241752,142315.0,88.71,203264.0,
342,Random,0.3,85.8,88.7,46.498149156570435,1.4301373713241752,142315.0,88.71,203264.0,
456,Random,0.3,85.8,87.76,41.575769901275635,1.4301373713241752,142315.0,88.71,203264.0,
502,Random,0.3,85.8,89.19,42.78458762168884,1.4301373713241752,142315.0,88.71,203264.0,
585,Random,0.3,85.8,89.06,41.98316955566406,1.4301373713241752,142315.0,88.71,203264.0,
606,Random,0.3,85.8,88.33,42.3431556224823,1.4301373713241752,142315.0,88.71,203264.0,
644,Random,0.3,85.8,88.69,42.84522843360901,1.4301373713241752,142315.0,88.71,203264.0,
663,Random,0.3,85.8,88.8,41.99289584159851,1.4301373713241752,142315.0,88.71,203264.0,
728,Random,0.3,85.8,88.57,40.99241852760315,1.4301373713241752,142315.0,88.71,203264.0,
970,Random,0.3,85.8,88.83,45.70469522476196,1.4301373713241752,142315.0,88.71,203264.0,
796,Random,0.3,85.8,88.68,42.79190444946289,1.4301373713241752,142315.0,88.71,203264.0,
821,Random,0.3,85.8,88.85,41.73954486846924,1.4301373713241752,142315.0,88.71,203264.0,
39,Random,0.3,85.8,89.02,42.1864972114563,1.4301373713241752,142315.0,88.71,203264.0,
375,Random,0.3,85.75,88.37,41.42900490760803,1.4301373713241752,142315.0,88.71,203264.0,
311,Random,0.3,85.75,88.66,42.8279824256897,1.4301373713241752,142315.0,88.71,203264.0,
407,Random,0.3,85.75,88.51,40.873141288757324,1.4301373713241752,142315.0,88.71,203264.0,
246,Random,0.3,85.75,88.72,45.413551807403564,1.4301373713241752,142315.0,88.71,203264.0,
273,Random,0.3,85.75,87.51,42.79908275604248,1.4301373713241752,142315.0,88.71,203264.0,
483,Random,0.3,85.75,88.47,41.81658887863159,1.4301373713241752,142315.0,88.71,203264.0,
691,Random,0.3,85.75,87.5,40.36860990524292,1.4301373713241752,142315.0,88.71,203264.0,
588,Random,0.3,85.75,88.9,41.64497232437134,1.4301373713241752,142315.0,88.71,203264.0,
878,Random,0.3,85.75,88.88,43.41070508956909,1.4301373713241752,142315.0,88.71,203264.0,
942,Random,0.3,85.75,89.05,41.551485776901245,1.4301373713241752,142315.0,88.71,203264.0,
16,Random,0.3,85.75,88.32,43.53137540817261,1.4301373713241752,142315.0,88.71,203264.0,
131,Random,0.3,85.75,88.63,42.781115770339966,1.4301373713241752,142315.0,88.71,203264.0,
175,Random,0.3,85.7,88.81,41.79555869102478,1.4301373713241752,142315.0,88.71,203264.0,
432,Random,0.3,85.7,88.43,41.34247803688049,1.4301373713241752,142315.0,88.71,203264.0,
434,Random,0.3,85.7,88.81,41.52077794075012,1.4301373713241752,142315.0,88.71,203264.0,
479,Random,0.3,85.7,88.44,42.913931369781494,1.4301373713241752,142315.0,88.71,203264.0,
549,Random,0.3,85.7,88.39,41.79368567466736,1.4301373713241752,142315.0,88.71,203264.0,
670,Random,0.3,85.7,89.0,42.6498863697052,1.4301373713241752,142315.0,88.71,203264.0,
669,Random,0.3,85.7,88.9,44.777615785598755,1.4301373713241752,142315.0,88.71,203264.0,
793,Random,0.3,85.7,88.94,41.848063468933105,1.4301373713241752,142315.0,88.71,203264.0,
409,Random,0.3,85.65,87.66,41.68134069442749,1.4301373713241752,142315.0,88.71,203264.0,
295,Random,0.3,85.65,89.03,41.94974398612976,1.4301373713241752,142315.0,88.71,203264.0,
186,Random,0.3,85.65,88.87,42.635016679763794,1.4301373713241752,142315.0,88.71,203264.0,
236,Random,0.3,85.65,88.08,40.932934045791626,1.4301373713241752,142315.0,88.71,203264.0,
279,Random,0.3,85.65,88.18,42.63032054901123,1.4301373713241752,142315.0,88.71,203264.0,
435,Random,0.3,85.65,88.25,43.94095730781555,1.4301373713241752,142315.0,88.71,203264.0,
484,Random,0.3,85.65,88.4,41.56617975234985,1.4301373713241752,142315.0,88.71,203264.0,
745,Random,0.3,85.65,88.94,41.2781925201416,1.4301373713241752,142315.0,88.71,203264.0,
877,Random,0.3,85.65,88.89,41.81324911117554,1.4301373713241752,142315.0,88.71,203264.0,
761,Random,0.3,85.65,88.8,42.572940826416016,1.4301373713241752,142315.0,88.71,203264.0,
803,Random,0.3,85.65,88.76,41.438698291778564,1.4301373713241752,142315.0,88.71,203264.0,
849,Random,0.3,85.65,88.73,42.56543231010437,1.4301373713241752,142315.0,88.71,203264.0,
26,Random,0.3,85.65,87.76,43.86600947380066,1.4301373713241752,142315.0,88.71,203264.0,
51,Random,0.3,85.65,88.77,41.96531677246094,1.4301373713241752,142315.0,88.71,203264.0,
55,Random,0.3,85.65,88.52,41.6380250453949,1.4301373713241752,142315.0,88.71,203264.0,
309,Random,0.3,85.6,88.7,41.66216802597046,1.4301373713241752,142315.0,88.71,203264.0,
341,Random,0.3,85.6,88.96,42.810102224349976,1.4301373713241752,142315.0,88.71,203264.0,
366,Random,0.3,85.6,88.54,41.772329807281494,1.4301373713241752,142315.0,88.71,203264.0,
417,Random,0.3,85.6,88.19,42.57344174385071,1.4301373713241752,142315.0,88.71,203264.0,
869,Random,0.3,85.6,88.6,44.362218618392944,1.4301373713241752,142315.0,88.71,203264.0,
892,Random,0.3,85.6,88.84,42.116867780685425,1.4301373713241752,142315.0,88.71,203264.0,
949,Random,0.3,85.6,88.7,42.04209852218628,1.4301373713241752,142315.0,88.71,203264.0,
774,Random,0.3,85.6,89.01,42.06566095352173,1.4301373713241752,142315.0,88.71,203264.0,
824,Random,0.3,85.6,88.81,42.826141357421875,1.4301373713241752,142315.0,88.71,203264.0,
851,Random,0.3,85.6,88.5,41.85112142562866,1.4301373713241752,142315.0,88.71,203264.0,
9,Random,0.3,85.6,88.81,42.77308011054993,1.4301373713241752,142315.0,88.71,203264.0,
160,Random,0.3,85.55,88.91,43.8482346534729,1.4301373713241752,142315.0,88.71,203264.0,
485,Random,0.3,85.55,88.85,41.62074303627014,1.4301373713241752,142315.0,88.71,203264.0,
814,Random,0.3,85.55,88.89,41.52614116668701,1.4301373713241752,142315.0,88.71,203264.0,
841,Random,0.3,85.55,88.42,41.75873327255249,1.4301373713241752,142315.0,88.71,203264.0,
50,Random,0.3,85.55,88.62,43.02952575683594,1.4301373713241752,142315.0,88.71,203264.0,
323,Random,0.3,85.5,88.56,41.717026472091675,1.4301373713241752,142315.0,88.71,203264.0,
184,Random,0.3,85.5,87.96,42.568397521972656,1.4301373713241752,142315.0,88.71,203264.0,
257,Random,0.3,85.5,88.73,41.44244027137756,1.4301373713241752,142315.0,88.71,203264.0,
249,Random,0.3,85.5,88.63,42.81310415267944,1.4301373713241752,142315.0,88.71,203264.0,
439,Random,0.3,85.5,88.71,40.98827385902405,1.4301373713241752,142315.0,88.71,203264.0,
269,Random,0.3,85.5,88.36,41.81074643135071,1.4301373713241752,142315.0,88.71,203264.0,
550,Random,0.3,85.5,89.18,41.109955072402954,1.4301373713241752,142315.0,88.71,203264.0,
495,Random,0.3,85.5,88.94,42.871968507766724,1.4301373713241752,142315.0,88.71,203264.0,
609,Random,0.3,85.5,88.31,42.628997564315796,1.4301373713241752,142315.0,88.71,203264.0,
971,Random,0.3,85.5,88.76,41.35658836364746,1.4301373713241752,142315.0,88.71,203264.0,
13,Random,0.3,85.5,89.07,43.06584286689758,1.4301373713241752,142315.0,88.71,203264.0,
650,Random,0.3,85.45,88.87,41.59003567695618,1.4301373713241752,142315.0,88.71,203264.0,
208,Random,0.3,85.45,88.67,41.64965057373047,1.4301373713241752,142315.0,88.71,203264.0,
403,Random,0.3,85.4,88.69,41.523709297180176,1.4301373713241752,142315.0,88.71,203264.0,
254,Random,0.3,85.4,88.28,42.679946422576904,1.4301373713241752,142315.0,88.71,203264.0,
507,Random,0.3,85.4,88.43,42.62750816345215,1.4301373713241752,142315.0,88.71,203264.0,
846,Random,0.3,85.4,88.56,41.2008113861084,1.4301373713241752,142315.0,88.71,203264.0,
296,Random,0.3,85.35,89.01,44.95542025566101,1.4301373713241752,142315.0,88.71,203264.0,
207,Random,0.3,85.35,88.74,42.10798168182373,1.4301373713241752,142315.0,88.71,203264.0,
334,Random,0.3,85.35,89.06,42.23913216590881,1.4301373713241752,142315.0,88.71,203264.0,
442,Random,0.3,85.35,88.37,41.13108015060425,1.4301373713241752,142315.0,88.71,203264.0,
486,Random,0.3,85.35,88.94,42.84726405143738,1.4301373713241752,142315.0,88.71,203264.0,
548,Random,0.3,85.35,88.6,42.18085217475891,1.4301373713241752,142315.0,88.71,203264.0,
799,Random,0.3,85.35,88.87,41.57835078239441,1.4301373713241752,142315.0,88.71,203264.0,
79,Random,0.3,85.35,88.91,44.45763945579529,1.4301373713241752,142315.0,88.71,203264.0,
424,Random,0.3,85.3,88.44,41.61799883842468,1.4301373713241752,142315.0,88.71,203264.0,
81,Random,0.3,85.35,89.01,41.87208890914917,1.4301373713241752,142315.0,88.71,203264.0,
866,Random,0.3,85.3,88.6,41.959301471710205,1.4301373713241752,142315.0,88.71,203264.0,
875,Random,0.3,85.3,88.55,42.742538928985596,1.4301373713241752,142315.0,88.71,203264.0,
66,Random,0.3,85.3,89.28,42.152849197387695,1.4301373713241752,142315.0,88.71,203264.0,
82,Random,0.3,85.3,88.95,41.43915033340454,1.4301373713241752,142315.0,88.71,203264.0,
117,Random,0.3,85.3,88.84,43.8531551361084,1.4301373713241752,142315.0,88.71,203264.0,
856,Random,0.3,85.25,88.96,41.83234095573425,1.4301373713241752,142315.0,88.71,203264.0,
534,Random,0.3,85.25,88.56,42.21103286743164,1.4301373713241752,142315.0,88.71,203264.0,
164,Random,0.3,85.2,88.89,41.9019079208374,1.4301373713241752,142315.0,88.71,203264.0,
854,Random,0.3,85.2,89.16,42.69503402709961,1.4301373713241752,142315.0,88.71,203264.0,
281,Random,0.3,85.15,88.61,42.58247232437134,1.4301373713241752,142315.0,88.71,203264.0,
123,Random,0.3,85.15,89.08,41.42603421211243,1.4301373713241752,142315.0,88.71,203264.0,
448,Random,0.3,85.1,88.97,41.908611536026,1.4301373713241752,142315.0,88.71,203264.0,
231,Random,0.3,85.1,88.87,42.30490827560425,1.4301373713241752,142315.0,88.71,203264.0,
395,Random,0.3,85.1,89.13,43.509533405303955,1.4301373713241752,142315.0,88.71,203264.0,
998,Random,0.3,85.1,88.78,42.1770441532135,1.4301373713241752,142315.0,88.71,203264.0,
60,Random,0.3,85.1,88.24,42.68384289741516,1.4301373713241752,142315.0,88.71,203264.0,
947,Random,0.3,85.05,88.99,41.4629852771759,1.4301373713241752,142315.0,88.71,203264.0,
553,Random,0.3,85.05,89.17,42.462782859802246,1.4301373713241752,142315.0,88.71,203264.0,
571,Random,0.3,85.0,88.88,41.786258697509766,1.4301373713241752,142315.0,88.71,203264.0,
163,Random,0.3,85.0,88.73,42.20843720436096,1.4301373713241752,142315.0,88.71,203264.0,
512,Random,0.3,84.95,89.11,48.08240342140198,1.4301373713241752,142315.0,88.71,203264.0,
995,Random,0.3,84.95,89.04,41.52639412879944,1.4301373713241752,142315.0,88.71,203264.0,
210,Random,0.3,84.9,88.61,42.69561505317688,1.4301373713241752,142315.0,88.71,203264.0,
514,Random,0.3,84.85,88.8,41.03811025619507,1.4301373713241752,142315.0,88.71,203264.0,
708,Random,0.3,84.85,88.66,42.77129316329956,1.4301373713241752,142315.0,88.71,203264.0,
543,Random,0.3,84.8,88.81,41.59791421890259,1.4301373713241752,142315.0,88.71,203264.0,
676,Random,0.3,84.8,89.28,41.74396228790283,1.4301373713241752,142315.0,88.71,203264.0,
943,Random,0.3,84.8,88.91,43.64194107055664,1.4301373713241752,142315.0,88.71,203264.0,
387,Random,0.3,84.75,88.89,41.69695687294006,1.4301373713241752,142315.0,88.71,203264.0,
441,Random,0.3,84.75,88.62,48.606910943984985,1.4301373713241752,142315.0,88.71,203264.0,
921,Random,0.3,84.7,88.61,41.27473855018616,1.4301373713241752,142315.0,88.71,203264.0,
990,Random,0.3,84.7,88.78,42.73379445075989,1.4301373713241752,142315.0,88.71,203264.0,
704,Random,0.3,84.65,88.62,40.96234464645386,1.4301373713241752,142315.0,88.71,203264.0,
896,Random,0.3,84.65,88.37,41.387688398361206,1.4301373713241752,142315.0,88.71,203264.0,
386,Random,0.3,84.55,88.42,41.26497435569763,1.4301373713241752,142315.0,88.71,203264.0,
722,Random,0.3,84.65,89.09,43.55977416038513,1.4301373713241752,142315.0,88.71,203264.0,
108,Random,0.3,84.5,88.88,40.90716075897217,1.4301373713241752,142315.0,88.71,203264.0,
411,Random,0.3,84.5,89.15,48.09792518615723,1.4301373713241752,142315.0,88.71,203264.0,
427,Random,0.3,84.45,88.98,42.56910181045532,1.4301373713241752,142315.0,88.71,203264.0,
206,Random,0.3,84.45,88.91,40.75728702545166,1.4301373713241752,142315.0,88.71,203264.0,
923,Random,0.3,84.45,88.7,40.717905044555664,1.4301373713241752,142315.0,88.71,203264.0,
125,Random,0.3,84.4,88.7,40.503976345062256,1.4301373713241752,142315.0,88.71,203264.0,
937,Random,0.3,84.3,88.43,43.28964304924011,1.4301373713241752,142315.0,88.71,203264.0,
112,Random,0.3,84.3,88.91,41.325502157211304,1.4301373713241752,142315.0,88.71,203264.0,
64,Random,0.3,84.25,88.47,42.81646656990051,1.4301373713241752,142315.0,88.71,203264.0,
759,Random,0.3,84.25,88.88,47.308807611465454,1.4301373713241752,142315.0,88.71,203264.0,
798,Random,0.3,84.2,88.09,40.60601830482483,1.4301373713241752,142315.0,88.71,203264.0,
544,Random,0.3,84.1,88.81,41.53294777870178,1.4301373713241752,142315.0,88.71,203264.0,
578,Random,0.3,84.05,88.16,40.70317983627319,1.4301373713241752,142315.0,88.71,203264.0,
356,Random,0.3,83.95,88.96,43.82477807998657,1.4301373713241752,142315.0,88.71,203264.0,
200,Random,0.3,83.95,88.86,40.63899564743042,1.4301373713241752,142315.0,88.71,203264.0,
694,Random,0.3,83.85,88.45,42.800580978393555,1.4301373713241752,142315.0,88.71,203264.0,
950,Random,0.3,83.75,88.8,44.73857831954956,1.4301373713241752,142315.0,88.71,203264.0,
961,Random,0.3,83.75,88.69,40.75419569015503,1.4301373713241752,142315.0,88.71,203264.0,
102,Random,0.3,83.6,88.71,40.82102131843567,1.4301373713241752,142315.0,88.71,203264.0,
695,Random,0.3,83.5,88.61,40.68317937850952,1.4301373713241752,142315.0,88.71,203264.0,
712,Random,0.3,83.45,88.65,42.874594926834106,1.4301373713241752,142315.0,88.71,203264.0,
181,Random,0.3,83.35,88.56,40.7120246887207,1.4301373713241752,142315.0,88.71,203264.0,
603,Random,0.3,83.2,88.51,42.68626141548157,1.4301373713241752,142315.0,88.71,203264.0,
141,Random,0.3,82.8,88.6,40.7391676902771,1.4301373713241752,142315.0,88.71,203264.0,
904,Random,0.3,82.05,88.34,40.891518115997314,1.4301373713241752,142315.0,88.71,203264.0,
463,Random,0.3,82.95,88.56,45.40123772621155,1.4301373713241752,142315.0,88.71,203264.0,
144,Random,0.3,79.2,88.21,41.19200897216797,1.4301373713241752,142315.0,88.71,203264.0,
1,Spectral,0.3,,88.85,33.74435210227966,1.422192718887569,143110.0,88.71,203264.0,142920.0
605,Random,0.4,87.6,88.12,42.57809376716614,1.6731472728020058,121645.0,88.71,203264.0,
897,Random,0.4,87.7,88.83,43.462475299835205,1.6731472728020058,121645.0,88.71,203264.0,
347,Random,0.4,87.5,88.56,43.893924951553345,1.6731472728020058,121645.0,88.71,203264.0,
461,Random,0.4,87.45,88.39,43.70310139656067,1.6731472728020058,121645.0,88.71,203264.0,
312,Random,0.4,87.6,88.4,44.15754818916321,1.6731472728020058,121645.0,88.71,203264.0,
395,Random,0.4,87.45,88.77,44.57931447029114,1.6731472728020058,121645.0,88.71,203264.0,
237,Random,0.4,87.4,88.57,46.71464467048645,1.6731472728020058,121645.0,88.71,203264.0,
608,Random,0.4,87.35,88.97,41.251288652420044,1.6731472728020058,121645.0,88.71,203264.0,
923,Random,0.4,87.3,88.48,43.30286407470703,1.6731472728020058,121645.0,88.71,203264.0,
442,Random,0.4,87.25,88.81,41.784595251083374,1.6731472728020058,121645.0,88.71,203264.0,
569,Random,0.4,87.3,88.53,42.836161613464355,1.6731472728020058,121645.0,88.71,203264.0,
840,Random,0.4,87.3,88.78,43.20999526977539,1.6731472728020058,121645.0,88.71,203264.0,
854,Random,0.4,87.25,88.73,46.144943952560425,1.6731472728020058,121645.0,88.71,203264.0,
63,Random,0.4,87.2,89.01,46.075862884521484,1.6731472728020058,121645.0,88.71,203264.0,
829,Random,0.4,87.2,89.11,41.14613890647888,1.6731472728020058,121645.0,88.71,203264.0,
836,Random,0.4,87.2,88.25,42.95475649833679,1.6731472728020058,121645.0,88.71,203264.0,
168,Random,0.4,87.15,89.16,42.136287212371826,1.6731472728020058,121645.0,88.71,203264.0,
252,Random,0.4,87.15,88.57,42.529109954833984,1.6731472728020058,121645.0,88.71,203264.0,
938,Random,0.4,87.15,89.06,43.1712863445282,1.6731472728020058,121645.0,88.71,203264.0,
732,Random,0.4,87.15,88.2,42.935988903045654,1.6731472728020058,121645.0,88.71,203264.0,
969,Random,0.4,87.15,88.81,44.21900773048401,1.6731472728020058,121645.0,88.71,203264.0,
589,Random,0.4,87.15,89.0,40.38775658607483,1.6731472728020058,121645.0,88.71,203264.0,
36,Random,0.4,87.1,88.89,41.64928150177002,1.6731472728020058,121645.0,88.71,203264.0,
297,Random,0.4,87.1,88.97,42.23051476478577,1.6731472728020058,121645.0,88.71,203264.0,
280,Random,0.4,87.1,88.96,43.53307127952576,1.6731472728020058,121645.0,88.71,203264.0,
199,Random,0.4,87.05,89.1,42.38577914237976,1.6731472728020058,121645.0,88.71,203264.0,
962,Random,0.4,87.05,88.73,43.96276330947876,1.6731472728020058,121645.0,88.71,203264.0,
57,Random,0.4,87.05,88.6,45.24501419067383,1.6731472728020058,121645.0,88.71,203264.0,
386,Random,0.4,87.05,88.58,41.356847047805786,1.6731472728020058,121645.0,88.71,203264.0,
920,Random,0.4,87.0,88.93,41.53262448310852,1.6731472728020058,121645.0,88.71,203264.0,
965,Random,0.4,87.0,89.06,42.75139403343201,1.6731472728020058,121645.0,88.71,203264.0,
546,Random,0.4,87.0,88.56,43.198511362075806,1.6731472728020058,121645.0,88.71,203264.0,
187,Random,0.4,86.95,88.38,43.002504110336304,1.6731472728020058,121645.0,88.71,203264.0,
991,Random,0.4,86.95,88.99,43.25265455245972,1.6731472728020058,121645.0,88.71,203264.0,
19,Random,0.4,86.95,88.64,45.83126187324524,1.6731472728020058,121645.0,88.71,203264.0,
490,Random,0.4,86.95,88.88,41.1001501083374,1.6731472728020058,121645.0,88.71,203264.0,
538,Random,0.4,86.95,88.64,41.00091886520386,1.6731472728020058,121645.0,88.71,203264.0,
558,Random,0.4,86.95,88.68,41.9926176071167,1.6731472728020058,121645.0,88.71,203264.0,
792,Random,0.4,86.95,89.23,42.92497491836548,1.6731472728020058,121645.0,88.71,203264.0,
827,Random,0.4,86.95,88.79,42.94119644165039,1.6731472728020058,121645.0,88.71,203264.0,
712,Random,0.4,86.95,89.14,43.171990156173706,1.6731472728020058,121645.0,88.71,203264.0,
896,Random,0.4,86.9,88.2,44.22265100479126,1.6731472728020058,121645.0,88.71,203264.0,
915,Random,0.4,86.9,88.56,41.016257762908936,1.6731472728020058,121645.0,88.71,203264.0,
378,Random,0.4,86.9,88.58,41.67038822174072,1.6731472728020058,121645.0,88.71,203264.0,
385,Random,0.4,86.9,88.6,40.854560136795044,1.6731472728020058,121645.0,88.71,203264.0,
421,Random,0.4,86.9,88.64,43.187012672424316,1.6731472728020058,121645.0,88.71,203264.0,
483,Random,0.4,86.9,88.85,43.180657625198364,1.6731472728020058,121645.0,88.71,203264.0,
740,Random,0.4,86.9,88.81,44.67785835266113,1.6731472728020058,121645.0,88.71,203264.0,
796,Random,0.4,86.9,88.53,44.23817753791809,1.6731472728020058,121645.0,88.71,203264.0,
583,Random,0.4,86.9,88.87,40.83796954154968,1.6731472728020058,121645.0,88.71,203264.0,
182,Random,0.4,86.85,88.32,40.637386322021484,1.6731472728020058,121645.0,88.71,203264.0,
860,Random,0.4,86.85,88.75,40.41714596748352,1.6731472728020058,121645.0,88.71,203264.0,
441,Random,0.4,86.85,88.99,41.449992418289185,1.6731472728020058,121645.0,88.71,203264.0,
729,Random,0.4,86.85,88.63,44.12504863739014,1.6731472728020058,121645.0,88.71,203264.0,
800,Random,0.4,86.85,88.67,44.51461696624756,1.6731472728020058,121645.0,88.71,203264.0,
640,Random,0.4,86.85,88.59,43.09899592399597,1.6731472728020058,121645.0,88.71,203264.0,
681,Random,0.4,86.85,88.9,40.359954833984375,1.6731472728020058,121645.0,88.71,203264.0,
151,Random,0.4,86.8,88.92,40.63370227813721,1.6731472728020058,121645.0,88.71,203264.0,
172,Random,0.4,86.8,88.58,41.06812071800232,1.6731472728020058,121645.0,88.71,203264.0,
980,Random,0.4,86.8,88.51,40.54727482795715,1.6731472728020058,121645.0,88.71,203264.0,
50,Random,0.4,86.8,88.43,43.3927800655365,1.6731472728020058,121645.0,88.71,203264.0,
52,Random,0.4,86.8,88.07,44.64595103263855,1.6731472728020058,121645.0,88.71,203264.0,
322,Random,0.4,86.8,88.68,42.863569259643555,1.6731472728020058,121645.0,88.71,203264.0,
387,Random,0.4,86.8,88.46,40.58188605308533,1.6731472728020058,121645.0,88.71,203264.0,
769,Random,0.4,86.8,88.9,40.78638529777527,1.6731472728020058,121645.0,88.71,203264.0,
580,Random,0.4,86.8,88.68,40.51868939399719,1.6731472728020058,121645.0,88.71,203264.0,
609,Random,0.4,86.8,88.6,40.71974444389343,1.6731472728020058,121645.0,88.71,203264.0,
711,Random,0.4,86.8,88.85,42.53909993171692,1.6731472728020058,121645.0,88.71,203264.0,
229,Random,0.4,86.75,88.82,42.62643265724182,1.6731472728020058,121645.0,88.71,203264.0,
166,Random,0.4,86.75,88.36,45.334150314331055,1.6731472728020058,121645.0,88.71,203264.0,
905,Random,0.4,86.75,88.89,40.62103819847107,1.6731472728020058,121645.0,88.71,203264.0,
913,Random,0.4,86.75,88.98,41.44589138031006,1.6731472728020058,121645.0,88.71,203264.0,
914,Random,0.4,86.75,88.75,41.46470904350281,1.6731472728020058,121645.0,88.71,203264.0,
24,Random,0.4,86.75,88.41,41.011637687683105,1.6731472728020058,121645.0,88.71,203264.0,
401,Random,0.4,86.75,88.22,42.54969382286072,1.6731472728020058,121645.0,88.71,203264.0,
419,Random,0.4,86.75,88.58,42.660786628723145,1.6731472728020058,121645.0,88.71,203264.0,
551,Random,0.4,86.75,88.91,44.710938453674316,1.6731472728020058,121645.0,88.71,203264.0,
821,Random,0.4,86.75,88.84,40.57044553756714,1.6731472728020058,121645.0,88.71,203264.0,
706,Random,0.4,86.75,88.24,41.24397420883179,1.6731472728020058,121645.0,88.71,203264.0,
152,Random,0.4,86.7,88.61,40.954081773757935,1.6731472728020058,121645.0,88.71,203264.0,
215,Random,0.4,86.7,88.67,41.161816120147705,1.6731472728020058,121645.0,88.71,203264.0,
223,Random,0.4,86.7,88.76,42.8770067691803,1.6731472728020058,121645.0,88.71,203264.0,
976,Random,0.4,86.7,88.8,42.794808864593506,1.6731472728020058,121645.0,88.71,203264.0,
549,Random,0.4,86.7,88.94,40.42686176300049,1.6731472728020058,121645.0,88.71,203264.0,
392,Random,0.4,86.7,88.8,45.22385096549988,1.6731472728020058,121645.0,88.71,203264.0,
602,Random,0.4,86.7,88.83,41.10173583030701,1.6731472728020058,121645.0,88.71,203264.0,
615,Random,0.4,86.7,88.12,40.78537201881409,1.6731472728020058,121645.0,88.71,203264.0,
630,Random,0.4,86.7,88.7,41.38594603538513,1.6731472728020058,121645.0,88.71,203264.0,
226,Random,0.4,86.65,88.83,43.693684101104736,1.6731472728020058,121645.0,88.71,203264.0,
261,Random,0.4,86.65,88.79,42.61523652076721,1.6731472728020058,121645.0,88.71,203264.0,
273,Random,0.4,86.65,88.69,40.82470893859863,1.6731472728020058,121645.0,88.71,203264.0,
929,Random,0.4,86.65,88.12,40.520211935043335,1.6731472728020058,121645.0,88.71,203264.0,
973,Random,0.4,86.65,88.29,40.20690679550171,1.6731472728020058,121645.0,88.71,203264.0,
901,Random,0.4,86.65,88.81,46.517756938934326,1.6731472728020058,121645.0,88.71,203264.0,
138,Random,0.4,86.65,88.48,41.141194343566895,1.6731472728020058,121645.0,88.71,203264.0,
304,Random,0.4,86.65,89.18,41.604867696762085,1.6731472728020058,121645.0,88.71,203264.0,
352,Random,0.4,86.65,88.82,41.560558557510376,1.6731472728020058,121645.0,88.71,203264.0,
340,Random,0.4,86.65,88.56,42.45620799064636,1.6731472728020058,121645.0,88.71,203264.0,
755,Random,0.4,86.65,88.22,40.00186848640442,1.6731472728020058,121645.0,88.71,203264.0,
495,Random,0.4,86.65,88.41,41.1491219997406,1.6731472728020058,121645.0,88.71,203264.0,
180,Random,0.4,86.6,88.68,40.08797097206116,1.6731472728020058,121645.0,88.71,203264.0,
818,Random,0.4,86.65,89.19,45.62996792793274,1.6731472728020058,121645.0,88.71,203264.0,
926,Random,0.4,86.6,88.05,41.98131322860718,1.6731472728020058,121645.0,88.71,203264.0,
934,Random,0.4,86.6,88.72,41.36198139190674,1.6731472728020058,121645.0,88.71,203264.0,
35,Random,0.4,86.6,88.99,42.650065660476685,1.6731472728020058,121645.0,88.71,203264.0,
93,Random,0.4,86.6,88.61,40.75150179862976,1.6731472728020058,121645.0,88.71,203264.0,
288,Random,0.4,86.6,89.12,41.30004048347473,1.6731472728020058,121645.0,88.71,203264.0,
299,Random,0.4,86.6,89.05,41.440892934799194,1.6731472728020058,121645.0,88.71,203264.0,
333,Random,0.4,86.6,88.82,45.214545488357544,1.6731472728020058,121645.0,88.71,203264.0,
341,Random,0.4,86.6,88.63,42.71425223350525,1.6731472728020058,121645.0,88.71,203264.0,
444,Random,0.4,86.6,88.89,41.47745609283447,1.6731472728020058,121645.0,88.71,203264.0,
475,Random,0.4,86.6,88.37,42.70940041542053,1.6731472728020058,121645.0,88.71,203264.0,
529,Random,0.4,86.6,88.47,41.065030097961426,1.6731472728020058,121645.0,88.71,203264.0,
540,Random,0.4,86.6,88.72,41.38853335380554,1.6731472728020058,121645.0,88.71,203264.0,
754,Random,0.4,86.6,88.71,41.199392557144165,1.6731472728020058,121645.0,88.71,203264.0,
790,Random,0.4,86.6,88.92,44.507864236831665,1.6731472728020058,121645.0,88.71,203264.0,
616,Random,0.4,86.6,88.49,42.248579263687134,1.6731472728020058,121645.0,88.71,203264.0,
249,Random,0.4,86.55,88.38,41.238770961761475,1.6731472728020058,121645.0,88.71,203264.0,
921,Random,0.4,86.55,88.55,42.941312313079834,1.6731472728020058,121645.0,88.71,203264.0,
968,Random,0.4,86.55,89.01,41.47546863555908,1.6731472728020058,121645.0,88.71,203264.0,
120,Random,0.4,86.55,88.34,41.1565887928009,1.6731472728020058,121645.0,88.71,203264.0,
327,Random,0.4,86.55,88.86,40.897971630096436,1.6731472728020058,121645.0,88.71,203264.0,
439,Random,0.4,86.55,88.45,44.30823612213135,1.6731472728020058,121645.0,88.71,203264.0,
447,Random,0.4,86.55,88.68,44.42823028564453,1.6731472728020058,121645.0,88.71,203264.0,
496,Random,0.4,86.55,88.15,41.617098808288574,1.6731472728020058,121645.0,88.71,203264.0,
559,Random,0.4,86.55,88.88,43.441009759902954,1.6731472728020058,121645.0,88.71,203264.0,
799,Random,0.4,86.55,88.83,40.808122634887695,1.6731472728020058,121645.0,88.71,203264.0,
824,Random,0.4,86.55,88.53,41.00917649269104,1.6731472728020058,121645.0,88.71,203264.0,
576,Random,0.4,86.55,88.84,41.40111422538757,1.6731472728020058,121645.0,88.71,203264.0,
643,Random,0.4,86.55,88.37,44.29406428337097,1.6731472728020058,121645.0,88.71,203264.0,
150,Random,0.4,86.5,88.91,44.82809257507324,1.6731472728020058,121645.0,88.71,203264.0,
911,Random,0.4,86.5,89.03,40.897430658340454,1.6731472728020058,121645.0,88.71,203264.0,
20,Random,0.4,86.5,88.81,42.69487643241882,1.6731472728020058,121645.0,88.71,203264.0,
102,Random,0.4,86.5,88.78,40.785730838775635,1.6731472728020058,121645.0,88.71,203264.0,
81,Random,0.4,86.5,88.57,41.4708092212677,1.6731472728020058,121645.0,88.71,203264.0,
112,Random,0.4,86.5,88.64,41.07892417907715,1.6731472728020058,121645.0,88.71,203264.0,
128,Random,0.4,86.5,89.02,45.23628258705139,1.6731472728020058,121645.0,88.71,203264.0,
355,Random,0.4,86.5,87.95,40.80624318122864,1.6731472728020058,121645.0,88.71,203264.0,
141,Random,0.4,86.5,88.33,43.968353033065796,1.6731472728020058,121645.0,88.71,203264.0,
500,Random,0.4,86.5,88.88,41.262606382369995,1.6731472728020058,121645.0,88.71,203264.0,
741,Random,0.4,86.5,88.19,41.68678092956543,1.6731472728020058,121645.0,88.71,203264.0,
478,Random,0.4,86.5,88.14,42.654250383377075,1.6731472728020058,121645.0,88.71,203264.0,
742,Random,0.4,86.5,89.03,40.877479791641235,1.6731472728020058,121645.0,88.71,203264.0,
813,Random,0.4,86.5,88.6,45.3872447013855,1.6731472728020058,121645.0,88.71,203264.0,
815,Random,0.4,86.5,88.29,41.42324733734131,1.6731472728020058,121645.0,88.71,203264.0,
8,Random,0.4,86.45,88.35,43.965209007263184,1.6731472728020058,121645.0,88.71,203264.0,
54,Random,0.4,86.45,89.1,41.085407733917236,1.6731472728020058,121645.0,88.71,203264.0,
108,Random,0.4,86.45,88.77,41.16486978530884,1.6731472728020058,121645.0,88.71,203264.0,
114,Random,0.4,86.45,88.16,42.79956245422363,1.6731472728020058,121645.0,88.71,203264.0,
129,Random,0.4,86.45,88.42,40.450363874435425,1.6731472728020058,121645.0,88.71,203264.0,
305,Random,0.4,86.45,88.75,40.74413180351257,1.6731472728020058,121645.0,88.71,203264.0,
291,Random,0.4,86.45,88.64,45.67547678947449,1.6731472728020058,121645.0,88.71,203264.0,
448,Random,0.4,86.45,89.03,43.7117874622345,1.6731472728020058,121645.0,88.71,203264.0,
178,Random,0.4,86.4,88.35,41.16366648674011,1.6731472728020058,121645.0,88.71,203264.0,
696,Random,0.4,86.45,88.75,41.374711751937866,1.6731472728020058,121645.0,88.71,203264.0,
940,Random,0.4,86.4,88.61,41.16180396080017,1.6731472728020058,121645.0,88.71,203264.0,
200,Random,0.4,86.4,88.86,43.01967763900757,1.6731472728020058,121645.0,88.71,203264.0,
947,Random,0.4,86.4,88.61,40.74060416221619,1.6731472728020058,121645.0,88.71,203264.0,
134,Random,0.4,86.4,88.93,45.865063190460205,1.6731472728020058,121645.0,88.71,203264.0,
295,Random,0.4,86.4,88.76,42.58086705207825,1.6731472728020058,121645.0,88.71,203264.0,
381,Random,0.4,86.4,88.77,40.656527519226074,1.6731472728020058,121645.0,88.71,203264.0,
484,Random,0.4,86.4,88.72,41.20703172683716,1.6731472728020058,121645.0,88.71,203264.0,
518,Random,0.4,86.4,88.42,40.51103496551514,1.6731472728020058,121645.0,88.71,203264.0,
784,Random,0.4,86.4,89.26,44.83270716667175,1.6731472728020058,121645.0,88.71,203264.0,
830,Random,0.4,86.4,88.6,42.19227719306946,1.6731472728020058,121645.0,88.71,203264.0,
637,Random,0.4,86.4,89.05,43.20756936073303,1.6731472728020058,121645.0,88.71,203264.0,
658,Random,0.4,86.4,88.35,43.7923903465271,1.6731472728020058,121645.0,88.71,203264.0,
588,Random,0.4,86.4,88.97,48.636072635650635,1.6731472728020058,121645.0,88.71,203264.0,
674,Random,0.4,86.4,88.83,44.616276264190674,1.6731472728020058,121645.0,88.71,203264.0,
606,Random,0.4,86.4,87.92,50.38096499443054,1.6731472728020058,121645.0,88.71,203264.0,
171,Random,0.4,86.35,88.66,44.86657190322876,1.6731472728020058,121645.0,88.71,203264.0,
154,Random,0.4,86.35,88.9,71.3735716342926,1.6731472728020058,121645.0,88.71,203264.0,
908,Random,0.4,86.35,88.6,45.29151964187622,1.6731472728020058,121645.0,88.71,203264.0,
870,Random,0.4,86.35,88.53,45.929935693740845,1.6731472728020058,121645.0,88.71,203264.0,
298,Random,0.4,86.35,88.81,43.98464012145996,1.6731472728020058,121645.0,88.71,203264.0,
115,Random,0.4,86.35,88.86,50.028785705566406,1.6731472728020058,121645.0,88.71,203264.0,
326,Random,0.4,86.35,88.32,47.29510164260864,1.6731472728020058,121645.0,88.71,203264.0,
832,Random,0.4,86.35,88.11,41.215003967285156,1.6731472728020058,121645.0,88.71,203264.0,
845,Random,0.4,86.35,88.63,43.1602623462677,1.6731472728020058,121645.0,88.71,203264.0,
582,Random,0.4,86.35,88.98,41.07754039764404,1.6731472728020058,121645.0,88.71,203264.0,
189,Random,0.4,86.3,88.81,41.36686134338379,1.6731472728020058,121645.0,88.71,203264.0,
214,Random,0.4,86.3,88.53,41.305678367614746,1.6731472728020058,121645.0,88.71,203264.0,
220,Random,0.4,86.3,88.81,42.28874444961548,1.6731472728020058,121645.0,88.71,203264.0,
216,Random,0.4,86.3,88.1,47.4329092502594,1.6731472728020058,121645.0,88.71,203264.0,
886,Random,0.4,86.3,88.49,40.9454140663147,1.6731472728020058,121645.0,88.71,203264.0,
898,Random,0.4,86.3,88.27,42.795955181121826,1.6731472728020058,121645.0,88.71,203264.0,
951,Random,0.4,86.3,88.98,41.00734782218933,1.6731472728020058,121645.0,88.71,203264.0,
958,Random,0.4,86.3,88.49,40.85331177711487,1.6731472728020058,121645.0,88.71,203264.0,
38,Random,0.4,86.3,88.8,41.04420828819275,1.6731472728020058,121645.0,88.71,203264.0,
428,Random,0.4,86.3,88.82,43.674861669540405,1.6731472728020058,121645.0,88.71,203264.0,
508,Random,0.4,86.3,87.47,43.98619246482849,1.6731472728020058,121645.0,88.71,203264.0,
526,Random,0.4,86.3,89.02,40.76673769950867,1.6731472728020058,121645.0,88.71,203264.0,
542,Random,0.4,86.3,89.02,42.9854896068573,1.6731472728020058,121645.0,88.71,203264.0,
782,Random,0.4,86.3,88.4,40.71135663986206,1.6731472728020058,121645.0,88.71,203264.0,
722,Random,0.4,86.3,88.41,41.30642652511597,1.6731472728020058,121645.0,88.71,203264.0,
838,Random,0.4,86.3,88.76,40.82881283760071,1.6731472728020058,121645.0,88.71,203264.0,
715,Random,0.4,86.3,88.32,42.61422061920166,1.6731472728020058,121645.0,88.71,203264.0,
145,Random,0.4,86.25,88.38,43.2874972820282,1.6731472728020058,121645.0,88.71,203264.0,
148,Random,0.4,86.25,88.68,40.84734535217285,1.6731472728020058,121645.0,88.71,203264.0,
149,Random,0.4,86.25,88.93,42.40129089355469,1.6731472728020058,121645.0,88.71,203264.0,
191,Random,0.4,86.25,87.86,40.802674293518066,1.6731472728020058,121645.0,88.71,203264.0,
257,Random,0.4,86.25,88.85,41.769723892211914,1.6731472728020058,121645.0,88.71,203264.0,
260,Random,0.4,86.25,88.33,41.18473196029663,1.6731472728020058,121645.0,88.71,203264.0,
869,Random,0.4,86.25,88.03,43.703845739364624,1.6731472728020058,121645.0,88.71,203264.0,
873,Random,0.4,86.25,88.75,44.46462440490723,1.6731472728020058,121645.0,88.71,203264.0,
891,Random,0.4,86.25,88.4,41.197670221328735,1.6731472728020058,121645.0,88.71,203264.0,
907,Random,0.4,86.25,88.94,40.590370655059814,1.6731472728020058,121645.0,88.71,203264.0,
904,Random,0.4,86.25,88.42,42.768171310424805,1.6731472728020058,121645.0,88.71,203264.0,
140,Random,0.4,86.25,88.63,41.72870349884033,1.6731472728020058,121645.0,88.71,203264.0,
315,Random,0.4,86.25,88.28,41.36773943901062,1.6731472728020058,121645.0,88.71,203264.0,
364,Random,0.4,86.25,88.76,42.93541216850281,1.6731472728020058,121645.0,88.71,203264.0,
823,Random,0.4,86.25,88.94,43.45799279212952,1.6731472728020058,121645.0,88.71,203264.0,
846,Random,0.4,86.25,88.56,41.37563514709473,1.6731472728020058,121645.0,88.71,203264.0,
620,Random,0.4,86.25,88.57,40.102466344833374,1.6731472728020058,121645.0,88.71,203264.0,
625,Random,0.4,86.25,88.56,40.90226626396179,1.6731472728020058,121645.0,88.71,203264.0,
665,Random,0.4,86.25,89.15,40.771968841552734,1.6731472728020058,121645.0,88.71,203264.0,
622,Random,0.4,86.25,88.69,43.15198993682861,1.6731472728020058,121645.0,88.71,203264.0,
666,Random,0.4,86.25,88.06,42.34766459465027,1.6731472728020058,121645.0,88.71,203264.0,
219,Random,0.4,86.2,88.01,43.766762256622314,1.6731472728020058,121645.0,88.71,203264.0,
247,Random,0.4,86.2,88.56,41.56226444244385,1.6731472728020058,121645.0,88.71,203264.0,
13,Random,0.4,86.2,89.09,40.729403495788574,1.6731472728020058,121645.0,88.71,203264.0,
126,Random,0.4,86.2,88.91,41.28721022605896,1.6731472728020058,121645.0,88.71,203264.0,
143,Random,0.4,86.2,88.66,41.15955901145935,1.6731472728020058,121645.0,88.71,203264.0,
287,Random,0.4,86.2,88.92,42.449490785598755,1.6731472728020058,121645.0,88.71,203264.0,
292,Random,0.4,86.2,88.76,42.921438217163086,1.6731472728020058,121645.0,88.71,203264.0,
436,Random,0.4,86.2,88.96,41.16273260116577,1.6731472728020058,121645.0,88.71,203264.0,
369,Random,0.4,86.2,89.07,46.52806258201599,1.6731472728020058,121645.0,88.71,203264.0,
489,Random,0.4,86.2,89.09,40.855188608169556,1.6731472728020058,121645.0,88.71,203264.0,
507,Random,0.4,86.2,88.53,41.26076936721802,1.6731472728020058,121645.0,88.71,203264.0,
520,Random,0.4,86.2,88.99,40.99267101287842,1.6731472728020058,121645.0,88.71,203264.0,
717,Random,0.4,86.2,88.46,42.464606285095215,1.6731472728020058,121645.0,88.71,203264.0,
775,Random,0.4,86.2,88.85,42.1796977519989,1.6731472728020058,121645.0,88.71,203264.0,
621,Random,0.4,86.2,88.81,41.50924324989319,1.6731472728020058,121645.0,88.71,203264.0,
713,Random,0.4,86.2,88.0,46.797616720199585,1.6731472728020058,121645.0,88.71,203264.0,
211,Random,0.4,86.15,88.79,40.67823076248169,1.6731472728020058,121645.0,88.71,203264.0,
234,Random,0.4,86.15,88.78,41.614667654037476,1.6731472728020058,121645.0,88.71,203264.0,
894,Random,0.4,86.15,88.93,41.22291374206543,1.6731472728020058,121645.0,88.71,203264.0,
918,Random,0.4,86.15,88.84,42.59293508529663,1.6731472728020058,121645.0,88.71,203264.0,
48,Random,0.4,86.15,88.33,42.21182322502136,1.6731472728020058,121645.0,88.71,203264.0,
123,Random,0.4,86.15,88.25,41.70745873451233,1.6731472728020058,121645.0,88.71,203264.0,
321,Random,0.4,86.15,88.72,40.98786997795105,1.6731472728020058,121645.0,88.71,203264.0,
313,Random,0.4,86.15,88.67,45.15689444541931,1.6731472728020058,121645.0,88.71,203264.0,
405,Random,0.4,86.15,88.25,41.196054220199585,1.6731472728020058,121645.0,88.71,203264.0,
420,Random,0.4,86.15,88.8,41.342726707458496,1.6731472728020058,121645.0,88.71,203264.0,
486,Random,0.4,86.15,88.57,42.672847509384155,1.6731472728020058,121645.0,88.71,203264.0,
773,Random,0.4,86.15,88.45,42.12271595001221,1.6731472728020058,121645.0,88.71,203264.0,
847,Random,0.4,86.15,89.12,40.5880241394043,1.6731472728020058,121645.0,88.71,203264.0,
574,Random,0.4,86.15,88.83,40.99423909187317,1.6731472728020058,121645.0,88.71,203264.0,
179,Random,0.4,86.1,89.03,41.19756817817688,1.6731472728020058,121645.0,88.71,203264.0,
695,Random,0.4,86.15,89.47,44.964850425720215,1.6731472728020058,121645.0,88.71,203264.0,
243,Random,0.4,86.1,88.11,41.14798927307129,1.6731472728020058,121645.0,88.71,203264.0,
963,Random,0.4,86.1,89.1,42.59984803199768,1.6731472728020058,121645.0,88.71,203264.0,
999,Random,0.4,86.1,88.74,41.96675491333008,1.6731472728020058,121645.0,88.71,203264.0,
80,Random,0.4,86.1,88.45,41.27234959602356,1.6731472728020058,121645.0,88.71,203264.0,
303,Random,0.4,86.1,88.26,41.22305250167847,1.6731472728020058,121645.0,88.71,203264.0,
758,Random,0.4,86.1,88.81,41.23287582397461,1.6731472728020058,121645.0,88.71,203264.0,
470,Random,0.4,86.1,89.05,42.174845457077026,1.6731472728020058,121645.0,88.71,203264.0,
743,Random,0.4,86.1,88.69,44.31889986991882,1.6731472728020058,121645.0,88.71,203264.0,
816,Random,0.4,86.1,88.35,42.54445457458496,1.6731472728020058,121645.0,88.71,203264.0,
611,Random,0.4,86.1,88.99,42.32191610336304,1.6731472728020058,121645.0,88.71,203264.0,
635,Random,0.4,86.1,88.57,41.622374057769775,1.6731472728020058,121645.0,88.71,203264.0,
161,Random,0.4,86.05,89.09,41.02666878700256,1.6731472728020058,121645.0,88.71,203264.0,
217,Random,0.4,86.05,88.66,41.272231578826904,1.6731472728020058,121645.0,88.71,203264.0,
235,Random,0.4,86.05,88.5,41.28403067588806,1.6731472728020058,121645.0,88.71,203264.0,
251,Random,0.4,86.05,89.16,45.56864094734192,1.6731472728020058,121645.0,88.71,203264.0,
270,Random,0.4,86.05,88.64,42.78489089012146,1.6731472728020058,121645.0,88.71,203264.0,
932,Random,0.4,86.05,88.78,42.6312358379364,1.6731472728020058,121645.0,88.71,203264.0,
970,Random,0.4,86.05,88.5,40.96461272239685,1.6731472728020058,121645.0,88.71,203264.0,
988,Random,0.4,86.05,89.04,41.12679123878479,1.6731472728020058,121645.0,88.71,203264.0,
33,Random,0.4,86.05,88.69,40.76999115943909,1.6731472728020058,121645.0,88.71,203264.0,
331,Random,0.4,86.05,88.91,41.291752338409424,1.6731472728020058,121645.0,88.71,203264.0,
440,Random,0.4,86.05,88.95,42.566834688186646,1.6731472728020058,121645.0,88.71,203264.0,
426,Random,0.4,86.05,88.91,45.9074923992157,1.6731472728020058,121645.0,88.71,203264.0,
467,Random,0.4,86.05,88.97,42.261956214904785,1.6731472728020058,121645.0,88.71,203264.0,
557,Random,0.4,86.05,88.72,41.219303369522095,1.6731472728020058,121645.0,88.71,203264.0,
771,Random,0.4,86.05,89.09,40.84511590003967,1.6731472728020058,121645.0,88.71,203264.0,
798,Random,0.4,86.05,88.98,40.9410445690155,1.6731472728020058,121645.0,88.71,203264.0,
842,Random,0.4,86.05,88.61,42.108848094940186,1.6731472728020058,121645.0,88.71,203264.0,
575,Random,0.4,86.05,89.04,42.42734146118164,1.6731472728020058,121645.0,88.71,203264.0,
165,Random,0.4,86.0,88.64,43.054927349090576,1.6731472728020058,121645.0,88.71,203264.0,
272,Random,0.4,86.0,88.94,41.713857889175415,1.6731472728020058,121645.0,88.71,203264.0,
889,Random,0.4,86.0,88.61,41.51656532287598,1.6731472728020058,121645.0,88.71,203264.0,
899,Random,0.4,86.0,88.79,41.10095143318176,1.6731472728020058,121645.0,88.71,203264.0,
983,Random,0.4,86.0,88.5,41.08319139480591,1.6731472728020058,121645.0,88.71,203264.0,
12,Random,0.4,86.0,88.53,40.82464933395386,1.6731472728020058,121645.0,88.71,203264.0,
44,Random,0.4,86.0,88.75,42.685513973236084,1.6731472728020058,121645.0,88.71,203264.0,
75,Random,0.4,86.0,88.48,44.20796751976013,1.6731472728020058,121645.0,88.71,203264.0,
373,Random,0.4,86.0,88.47,41.89094257354736,1.6731472728020058,121645.0,88.71,203264.0,
380,Random,0.4,86.0,88.6,41.199512004852295,1.6731472728020058,121645.0,88.71,203264.0,
430,Random,0.4,86.0,88.53,41.23629021644592,1.6731472728020058,121645.0,88.71,203264.0,
469,Random,0.4,86.0,89.07,41.361154079437256,1.6731472728020058,121645.0,88.71,203264.0,
562,Random,0.4,86.0,88.78,41.24311423301697,1.6731472728020058,121645.0,88.71,203264.0,
570,Random,0.4,86.0,88.82,42.838196754455566,1.6731472728020058,121645.0,88.71,203264.0,
744,Random,0.4,86.0,88.75,42.23634719848633,1.6731472728020058,121645.0,88.71,203264.0,
762,Random,0.4,86.0,88.95,41.817933797836304,1.6731472728020058,121645.0,88.71,203264.0,
810,Random,0.4,86.0,88.37,41.15558195114136,1.6731472728020058,121645.0,88.71,203264.0,
627,Random,0.4,86.0,88.62,41.37543034553528,1.6731472728020058,121645.0,88.71,203264.0,
709,Random,0.4,86.0,89.03,41.56825089454651,1.6731472728020058,121645.0,88.71,203264.0,
156,Random,0.4,85.95,88.93,41.280117988586426,1.6731472728020058,121645.0,88.71,203264.0,
893,Random,0.4,85.95,88.7,42.61764621734619,1.6731472728020058,121645.0,88.71,203264.0,
28,Random,0.4,85.95,88.2,43.41517472267151,1.6731472728020058,121645.0,88.71,203264.0,
379,Random,0.4,85.95,88.68,40.555957078933716,1.6731472728020058,121645.0,88.71,203264.0,
29,Random,0.4,85.95,88.71,41.76365423202515,1.6731472728020058,121645.0,88.71,203264.0,
504,Random,0.4,85.95,89.05,41.245123863220215,1.6731472728020058,121645.0,88.71,203264.0,
545,Random,0.4,85.95,89.06,40.98410773277283,1.6731472728020058,121645.0,88.71,203264.0,
550,Random,0.4,85.95,88.22,41.06529140472412,1.6731472728020058,121645.0,88.71,203264.0,
778,Random,0.4,85.95,88.69,42.78164052963257,1.6731472728020058,121645.0,88.71,203264.0,
839,Random,0.4,85.95,88.75,42.42733883857727,1.6731472728020058,121645.0,88.71,203264.0,
653,Random,0.4,85.95,88.45,40.49747633934021,1.6731472728020058,121645.0,88.71,203264.0,
663,Random,0.4,85.95,88.74,42.21536350250244,1.6731472728020058,121645.0,88.71,203264.0,
155,Random,0.4,85.9,89.06,40.84502935409546,1.6731472728020058,121645.0,88.71,203264.0,
183,Random,0.4,85.9,88.25,41.42739987373352,1.6731472728020058,121645.0,88.71,203264.0,
262,Random,0.4,85.9,88.32,40.75097441673279,1.6731472728020058,121645.0,88.71,203264.0,
266,Random,0.4,85.9,88.79,42.797845125198364,1.6731472728020058,121645.0,88.71,203264.0,
949,Random,0.4,85.9,88.73,40.877585887908936,1.6731472728020058,121645.0,88.71,203264.0,
930,Random,0.4,85.9,88.89,47.528220415115356,1.6731472728020058,121645.0,88.71,203264.0,
993,Random,0.4,85.9,88.38,41.837177753448486,1.6731472728020058,121645.0,88.71,203264.0,
25,Random,0.4,85.9,88.76,41.19070100784302,1.6731472728020058,121645.0,88.71,203264.0,
310,Random,0.4,85.9,88.77,41.294965982437134,1.6731472728020058,121645.0,88.71,203264.0,
516,Random,0.4,85.9,88.63,40.78506255149841,1.6731472728020058,121645.0,88.71,203264.0,
555,Random,0.4,85.9,88.66,42.87620139122009,1.6731472728020058,121645.0,88.71,203264.0,
776,Random,0.4,85.9,88.97,40.69507837295532,1.6731472728020058,121645.0,88.71,203264.0,
586,Random,0.4,85.9,89.14,42.134138345718384,1.6731472728020058,121645.0,88.71,203264.0,
809,Random,0.4,85.9,88.67,47.23532819747925,1.6731472728020058,121645.0,88.71,203264.0,
594,Random,0.4,85.9,88.84,40.7275116443634,1.6731472728020058,121645.0,88.71,203264.0,
595,Random,0.4,85.9,88.41,41.043702363967896,1.6731472728020058,121645.0,88.71,203264.0,
610,Random,0.4,85.9,88.62,41.222119092941284,1.6731472728020058,121645.0,88.71,203264.0,
192,Random,0.4,85.85,88.76,42.61230397224426,1.6731472728020058,121645.0,88.71,203264.0,
212,Random,0.4,85.85,88.93,40.72033095359802,1.6731472728020058,121645.0,88.71,203264.0,
231,Random,0.4,85.85,88.64,41.44072866439819,1.6731472728020058,121645.0,88.71,203264.0,
906,Random,0.4,85.85,88.13,41.10014247894287,1.6731472728020058,121645.0,88.71,203264.0,
238,Random,0.4,85.85,88.67,47.84170174598694,1.6731472728020058,121645.0,88.71,203264.0,
909,Random,0.4,85.85,88.52,41.09834575653076,1.6731472728020058,121645.0,88.71,203264.0,
928,Random,0.4,85.85,88.6,40.87120747566223,1.6731472728020058,121645.0,88.71,203264.0,
97,Random,0.4,85.85,88.85,40.67853903770447,1.6731472728020058,121645.0,88.71,203264.0,
16,Random,0.4,85.85,88.73,42.57851576805115,1.6731472728020058,121645.0,88.71,203264.0,
342,Random,0.4,85.85,88.37,41.64412212371826,1.6731472728020058,121645.0,88.71,203264.0,
348,Random,0.4,85.85,88.21,41.186583280563354,1.6731472728020058,121645.0,88.71,203264.0,
407,Random,0.4,85.85,88.49,41.13872718811035,1.6731472728020058,121645.0,88.71,203264.0,
492,Random,0.4,85.85,88.83,41.415279150009155,1.6731472728020058,121645.0,88.71,203264.0,
361,Random,0.4,85.85,88.25,44.44981598854065,1.6731472728020058,121645.0,88.71,203264.0,
567,Random,0.4,85.85,88.64,40.81635069847107,1.6731472728020058,121645.0,88.71,203264.0,
716,Random,0.4,85.85,88.52,42.570738077163696,1.6731472728020058,121645.0,88.71,203264.0,
844,Random,0.4,85.85,88.61,41.63782572746277,1.6731472728020058,121645.0,88.71,203264.0,
698,Random,0.4,85.85,88.48,41.35135269165039,1.6731472728020058,121645.0,88.71,203264.0,
195,Random,0.4,85.8,88.75,41.328959465026855,1.6731472728020058,121645.0,88.71,203264.0,
255,Random,0.4,85.8,88.66,41.80988693237305,1.6731472728020058,121645.0,88.71,203264.0,
935,Random,0.4,85.8,88.34,43.635063886642456,1.6731472728020058,121645.0,88.71,203264.0,
14,Random,0.4,85.8,89.23,40.769715309143066,1.6731472728020058,121645.0,88.71,203264.0,
366,Random,0.4,85.8,88.15,42.72745943069458,1.6731472728020058,121645.0,88.71,203264.0,
552,Random,0.4,85.8,88.61,41.71934723854065,1.6731472728020058,121645.0,88.71,203264.0,
752,Random,0.4,85.8,88.76,41.12820887565613,1.6731472728020058,121645.0,88.71,203264.0,
783,Random,0.4,85.8,88.05,42.80586862564087,1.6731472728020058,121645.0,88.71,203264.0,
786,Random,0.4,85.8,88.5,43.20510292053223,1.6731472728020058,121645.0,88.71,203264.0,
788,Random,0.4,85.8,88.8,44.772106409072876,1.6731472728020058,121645.0,88.71,203264.0,
581,Random,0.4,85.8,88.91,42.83740949630737,1.6731472728020058,121645.0,88.71,203264.0,
861,Random,0.4,85.75,88.46,42.899070024490356,1.6731472728020058,121645.0,88.71,203264.0,
933,Random,0.4,85.75,88.01,44.95187187194824,1.6731472728020058,121645.0,88.71,203264.0,
937,Random,0.4,85.75,88.76,43.00813031196594,1.6731472728020058,121645.0,88.71,203264.0,
995,Random,0.4,85.75,88.61,41.698007583618164,1.6731472728020058,121645.0,88.71,203264.0,
1000,Random,0.4,85.75,89.1,41.58544898033142,1.6731472728020058,121645.0,88.71,203264.0,
37,Random,0.4,85.75,89.02,43.546520948410034,1.6731472728020058,121645.0,88.71,203264.0,
40,Random,0.4,85.75,88.87,41.95268511772156,1.6731472728020058,121645.0,88.71,203264.0,
107,Random,0.4,85.75,88.18,42.5205442905426,1.6731472728020058,121645.0,88.71,203264.0,
318,Random,0.4,85.75,88.83,41.404409646987915,1.6731472728020058,121645.0,88.71,203264.0,
130,Random,0.4,85.75,87.31,45.52060270309448,1.6731472728020058,121645.0,88.71,203264.0,
343,Random,0.4,85.75,88.93,41.60988640785217,1.6731472728020058,121645.0,88.71,203264.0,
465,Random,0.4,85.75,88.22,41.7931923866272,1.6731472728020058,121645.0,88.71,203264.0,
494,Random,0.4,85.75,89.05,44.81191682815552,1.6731472728020058,121645.0,88.71,203264.0,
565,Random,0.4,85.75,88.35,43.29769587516785,1.6731472728020058,121645.0,88.71,203264.0,
787,Random,0.4,85.75,88.74,43.06201672554016,1.6731472728020058,121645.0,88.71,203264.0,
601,Random,0.4,85.75,88.37,43.3365912437439,1.6731472728020058,121645.0,88.71,203264.0,
626,Random,0.4,85.75,87.97,45.702880859375,1.6731472728020058,121645.0,88.71,203264.0,
159,Random,0.4,85.7,88.72,43.43122601509094,1.6731472728020058,121645.0,88.71,203264.0,
232,Random,0.4,85.7,88.69,43.43239140510559,1.6731472728020058,121645.0,88.71,203264.0,
253,Random,0.4,85.7,88.67,45.46667766571045,1.6731472728020058,121645.0,88.71,203264.0,
984,Random,0.4,85.7,87.0,42.30982279777527,1.6731472728020058,121645.0,88.71,203264.0,
76,Random,0.4,85.7,88.66,42.70544219017029,1.6731472728020058,121645.0,88.71,203264.0,
350,Random,0.4,85.7,88.63,41.084223985672,1.6731472728020058,121645.0,88.71,203264.0,
403,Random,0.4,85.7,88.71,43.96599245071411,1.6731472728020058,121645.0,88.71,203264.0,
408,Random,0.4,85.7,88.34,41.73693895339966,1.6731472728020058,121645.0,88.71,203264.0,
413,Random,0.4,85.7,88.57,41.470295429229736,1.6731472728020058,121645.0,88.71,203264.0,
473,Random,0.4,85.7,88.75,45.7731831073761,1.6731472728020058,121645.0,88.71,203264.0,
497,Random,0.4,85.7,88.61,41.459441900253296,1.6731472728020058,121645.0,88.71,203264.0,
522,Random,0.4,85.7,88.84,42.71179223060608,1.6731472728020058,121645.0,88.71,203264.0,
568,Random,0.4,85.7,88.39,41.23170185089111,1.6731472728020058,121645.0,88.71,203264.0,
750,Random,0.4,85.7,89.09,43.268763303756714,1.6731472728020058,121645.0,88.71,203264.0,
766,Random,0.4,85.7,88.19,41.915910720825195,1.6731472728020058,121645.0,88.71,203264.0,
656,Random,0.4,85.7,88.59,41.878580808639526,1.6731472728020058,121645.0,88.71,203264.0,
186,Random,0.4,85.65,88.61,41.63166904449463,1.6731472728020058,121645.0,88.71,203264.0,
667,Random,0.4,85.7,88.87,47.35584378242493,1.6731472728020058,121645.0,88.71,203264.0,
268,Random,0.4,85.65,88.98,42.884392738342285,1.6731472728020058,121645.0,88.71,203264.0,
859,Random,0.4,85.65,88.39,41.63573908805847,1.6731472728020058,121645.0,88.71,203264.0,
11,Random,0.4,85.65,88.67,42.30809450149536,1.6731472728020058,121645.0,88.71,203264.0,
966,Random,0.4,85.65,87.96,43.474857807159424,1.6731472728020058,121645.0,88.71,203264.0,
916,Random,0.4,85.65,88.47,45.77965021133423,1.6731472728020058,121645.0,88.71,203264.0,
67,Random,0.4,85.65,88.55,43.25073528289795,1.6731472728020058,121645.0,88.71,203264.0,
132,Random,0.4,85.65,88.64,44.899502992630005,1.6731472728020058,121645.0,88.71,203264.0,
402,Random,0.4,85.65,88.74,42.96635937690735,1.6731472728020058,121645.0,88.71,203264.0,
412,Random,0.4,85.65,88.47,42.889060735702515,1.6731472728020058,121645.0,88.71,203264.0,
462,Random,0.4,85.65,88.31,42.23557209968567,1.6731472728020058,121645.0,88.71,203264.0,
491,Random,0.4,85.65,88.59,42.00966739654541,1.6731472728020058,121645.0,88.71,203264.0,
493,Random,0.4,85.65,88.22,46.62881851196289,1.6731472728020058,121645.0,88.71,203264.0,
521,Random,0.4,85.65,88.58,41.76489448547363,1.6731472728020058,121645.0,88.71,203264.0,
560,Random,0.4,85.65,88.94,45.02429246902466,1.6731472728020058,121645.0,88.71,203264.0,
563,Random,0.4,85.65,88.59,42.58708429336548,1.6731472728020058,121645.0,88.71,203264.0,
851,Random,0.4,85.65,88.3,41.75133967399597,1.6731472728020058,121645.0,88.71,203264.0,
700,Random,0.4,85.65,88.48,41.25166392326355,1.6731472728020058,121645.0,88.71,203264.0,
587,Random,0.4,85.65,88.89,41.95985794067383,1.6731472728020058,121645.0,88.71,203264.0,
157,Random,0.4,85.6,89.09,44.063217878341675,1.6731472728020058,121645.0,88.71,203264.0,
170,Random,0.4,85.6,88.91,41.033220291137695,1.6731472728020058,121645.0,88.71,203264.0,
339,Random,0.4,85.6,88.64,42.55542826652527,1.6731472728020058,121645.0,88.71,203264.0,
356,Random,0.4,85.6,88.63,41.50559997558594,1.6731472728020058,121645.0,88.71,203264.0,
953,Random,0.4,85.6,88.94,46.31376934051514,1.6731472728020058,121645.0,88.71,203264.0,
382,Random,0.4,85.6,87.89,41.3897864818573,1.6731472728020058,121645.0,88.71,203264.0,
472,Random,0.4,85.6,88.99,41.73427367210388,1.6731472728020058,121645.0,88.71,203264.0,
480,Random,0.4,85.6,88.45,43.74257516860962,1.6731472728020058,121645.0,88.71,203264.0,
770,Random,0.4,85.6,88.97,41.45221161842346,1.6731472728020058,121645.0,88.71,203264.0,
779,Random,0.4,85.6,88.93,41.74134421348572,1.6731472728020058,121645.0,88.71,203264.0,
777,Random,0.4,85.6,88.9,42.67158603668213,1.6731472728020058,121645.0,88.71,203264.0,
791,Random,0.4,85.6,88.66,44.90480995178223,1.6731472728020058,121645.0,88.71,203264.0,
591,Random,0.4,85.6,88.2,41.25743865966797,1.6731472728020058,121645.0,88.71,203264.0,
822,Random,0.4,85.6,88.92,41.88760471343994,1.6731472728020058,121645.0,88.71,203264.0,
676,Random,0.4,85.6,88.5,43.0201256275177,1.6731472728020058,121645.0,88.71,203264.0,
691,Random,0.4,85.6,88.61,41.52876949310303,1.6731472728020058,121645.0,88.71,203264.0,
174,Random,0.4,85.55,89.11,41.99341416358948,1.6731472728020058,121645.0,88.71,203264.0,
177,Random,0.4,85.55,88.89,42.17544198036194,1.6731472728020058,121645.0,88.71,203264.0,
210,Random,0.4,85.55,88.13,46.50083136558533,1.6731472728020058,121645.0,88.71,203264.0,
74,Random,0.4,85.55,88.2,40.69285345077515,1.6731472728020058,121645.0,88.71,203264.0,
950,Random,0.4,85.55,88.62,41.2494330406189,1.6731472728020058,121645.0,88.71,203264.0,
400,Random,0.4,85.55,88.62,41.89328408241272,1.6731472728020058,121645.0,88.71,203264.0,
720,Random,0.4,85.55,88.54,42.57655215263367,1.6731472728020058,121645.0,88.71,203264.0,
802,Random,0.4,85.55,89.17,42.87914681434631,1.6731472728020058,121645.0,88.71,203264.0,
623,Random,0.4,85.55,88.65,42.70231747627258,1.6731472728020058,121645.0,88.71,203264.0,
692,Random,0.4,85.55,88.71,42.95523452758789,1.6731472728020058,121645.0,88.71,203264.0,
244,Random,0.4,85.5,88.75,43.204341411590576,1.6731472728020058,121645.0,88.71,203264.0,
668,Random,0.4,85.55,88.17,47.59160590171814,1.6731472728020058,121645.0,88.71,203264.0,
275,Random,0.4,85.5,88.51,42.57647895812988,1.6731472728020058,121645.0,88.71,203264.0,
276,Random,0.4,85.5,88.73,41.22444462776184,1.6731472728020058,121645.0,88.71,203264.0,
277,Random,0.4,85.5,88.65,43.10176968574524,1.6731472728020058,121645.0,88.71,203264.0,
863,Random,0.4,85.5,88.84,42.83740711212158,1.6731472728020058,121645.0,88.71,203264.0,
865,Random,0.4,85.5,88.74,40.55623531341553,1.6731472728020058,121645.0,88.71,203264.0,
910,Random,0.4,85.5,88.87,40.66949963569641,1.6731472728020058,121645.0,88.71,203264.0,
959,Random,0.4,85.5,88.39,45.41324281692505,1.6731472728020058,121645.0,88.71,203264.0,
26,Random,0.4,85.5,88.75,41.4789617061615,1.6731472728020058,121645.0,88.71,203264.0,
53,Random,0.4,85.5,88.76,41.16422939300537,1.6731472728020058,121645.0,88.71,203264.0,
79,Random,0.4,85.5,89.2,42.68239736557007,1.6731472728020058,121645.0,88.71,203264.0,
82,Random,0.4,85.5,88.1,42.68563771247864,1.6731472728020058,121645.0,88.71,203264.0,
100,Random,0.4,85.5,88.76,41.18304204940796,1.6731472728020058,121645.0,88.71,203264.0,
459,Random,0.4,85.5,88.56,41.409377336502075,1.6731472728020058,121645.0,88.71,203264.0,
498,Random,0.4,85.5,88.27,43.90422463417053,1.6731472728020058,121645.0,88.71,203264.0,
531,Random,0.4,85.5,88.52,41.86628866195679,1.6731472728020058,121645.0,88.71,203264.0,
533,Random,0.4,85.5,88.47,40.9307119846344,1.6731472728020058,121645.0,88.71,203264.0,
618,Random,0.4,85.5,88.83,42.7783420085907,1.6731472728020058,121645.0,88.71,203264.0,
734,Random,0.4,85.5,88.74,44.057387351989746,1.6731472728020058,121645.0,88.71,203264.0,
685,Random,0.4,85.5,88.98,42.04705286026001,1.6731472728020058,121645.0,88.71,203264.0,
153,Random,0.4,85.45,88.93,42.356746435165405,1.6731472728020058,121645.0,88.71,203264.0,
878,Random,0.4,85.45,88.04,44.74682092666626,1.6731472728020058,121645.0,88.71,203264.0,
922,Random,0.4,85.45,88.24,42.7462375164032,1.6731472728020058,121645.0,88.71,203264.0,
941,Random,0.4,85.45,88.65,42.37638831138611,1.6731472728020058,121645.0,88.71,203264.0,
372,Random,0.4,85.45,88.9,41.59287786483765,1.6731472728020058,121645.0,88.71,203264.0,
979,Random,0.4,85.45,88.89,42.87375020980835,1.6731472728020058,121645.0,88.71,203264.0,
377,Random,0.4,85.45,88.01,40.698906898498535,1.6731472728020058,121645.0,88.71,203264.0,
390,Random,0.4,85.45,88.6,41.03196978569031,1.6731472728020058,121645.0,88.71,203264.0,
794,Random,0.4,85.45,89.06,41.283137798309326,1.6731472728020058,121645.0,88.71,203264.0,
718,Random,0.4,85.45,88.81,46.60367393493652,1.6731472728020058,121645.0,88.71,203264.0,
858,Random,0.4,85.45,88.45,40.66668343544006,1.6731472728020058,121645.0,88.71,203264.0,
632,Random,0.4,85.45,88.94,42.23764228820801,1.6731472728020058,121645.0,88.71,203264.0,
697,Random,0.4,85.45,88.69,40.8535897731781,1.6731472728020058,121645.0,88.71,203264.0,
686,Random,0.4,85.45,88.76,42.65363955497742,1.6731472728020058,121645.0,88.71,203264.0,
274,Random,0.4,85.4,88.82,41.57962155342102,1.6731472728020058,121645.0,88.71,203264.0,
284,Random,0.4,85.4,88.69,41.980297803878784,1.6731472728020058,121645.0,88.71,203264.0,
936,Random,0.4,85.4,88.67,40.8768105506897,1.6731472728020058,121645.0,88.71,203264.0,
885,Random,0.4,85.4,89.19,45.10192322731018,1.6731472728020058,121645.0,88.71,203264.0,
992,Random,0.4,85.4,88.55,41.95231509208679,1.6731472728020058,121645.0,88.71,203264.0,
4,Random,0.4,85.4,88.83,41.43147683143616,1.6731472728020058,121645.0,88.71,203264.0,
124,Random,0.4,85.4,88.77,41.36380434036255,1.6731472728020058,121645.0,88.71,203264.0,
46,Random,0.4,85.4,88.48,43.3746395111084,1.6731472728020058,121645.0,88.71,203264.0,
358,Random,0.4,85.4,89.16,42.945271492004395,1.6731472728020058,121645.0,88.71,203264.0,
443,Random,0.4,85.4,88.81,41.57430982589722,1.6731472728020058,121645.0,88.71,203264.0,
499,Random,0.4,85.4,88.26,44.15926456451416,1.6731472728020058,121645.0,88.71,203264.0,
728,Random,0.4,85.4,88.75,42.100695848464966,1.6731472728020058,121645.0,88.71,203264.0,
765,Random,0.4,85.4,88.78,41.73965620994568,1.6731472728020058,121645.0,88.71,203264.0,
820,Random,0.4,85.4,88.29,41.57558798789978,1.6731472728020058,121645.0,88.71,203264.0,
613,Random,0.4,85.4,88.74,43.1096453666687,1.6731472728020058,121645.0,88.71,203264.0,
193,Random,0.4,85.35,88.45,42.14290523529053,1.6731472728020058,121645.0,88.71,203264.0,
147,Random,0.4,85.35,88.51,45.91870474815369,1.6731472728020058,121645.0,88.71,203264.0,
224,Random,0.4,85.35,88.83,45.432310342788696,1.6731472728020058,121645.0,88.71,203264.0,
872,Random,0.4,85.35,88.43,41.55836486816406,1.6731472728020058,121645.0,88.71,203264.0,
875,Random,0.4,85.35,88.47,41.45842885971069,1.6731472728020058,121645.0,88.71,203264.0,
882,Random,0.4,85.35,88.46,42.024484157562256,1.6731472728020058,121645.0,88.71,203264.0,
66,Random,0.4,85.35,88.29,42.70323705673218,1.6731472728020058,121645.0,88.71,203264.0,
86,Random,0.4,85.35,88.78,41.87155246734619,1.6731472728020058,121645.0,88.71,203264.0,
376,Random,0.4,85.35,88.83,44.17505931854248,1.6731472728020058,121645.0,88.71,203264.0,
388,Random,0.4,85.35,88.53,44.12393021583557,1.6731472728020058,121645.0,88.71,203264.0,
389,Random,0.4,85.35,88.53,41.37783861160278,1.6731472728020058,121645.0,88.71,203264.0,
391,Random,0.4,85.35,88.63,42.014824628829956,1.6731472728020058,121645.0,88.71,203264.0,
464,Random,0.4,85.35,88.32,42.86530518531799,1.6731472728020058,121645.0,88.71,203264.0,
488,Random,0.4,85.35,88.62,43.068750619888306,1.6731472728020058,121645.0,88.71,203264.0,
524,Random,0.4,85.35,88.83,42.367461919784546,1.6731472728020058,121645.0,88.71,203264.0,
146,Random,0.4,85.3,88.74,43.607868909835815,1.6731472728020058,121645.0,88.71,203264.0,
209,Random,0.4,85.3,88.28,44.18239402770996,1.6731472728020058,121645.0,88.71,203264.0,
225,Random,0.4,85.3,89.11,41.84810256958008,1.6731472728020058,121645.0,88.71,203264.0,
890,Random,0.4,85.3,88.21,41.71145272254944,1.6731472728020058,121645.0,88.71,203264.0,
994,Random,0.4,85.3,88.86,42.12358331680298,1.6731472728020058,121645.0,88.71,203264.0,
997,Random,0.4,85.3,88.52,42.77791619300842,1.6731472728020058,121645.0,88.71,203264.0,
42,Random,0.4,85.3,88.88,42.26961374282837,1.6731472728020058,121645.0,88.71,203264.0,
77,Random,0.4,85.3,88.82,45.6599907875061,1.6731472728020058,121645.0,88.71,203264.0,
106,Random,0.4,85.3,88.49,45.95389771461487,1.6731472728020058,121645.0,88.71,203264.0,
320,Random,0.4,85.3,88.69,41.10611939430237,1.6731472728020058,121645.0,88.71,203264.0,
731,Random,0.4,85.3,88.61,41.791985273361206,1.6731472728020058,121645.0,88.71,203264.0,
803,Random,0.4,85.3,88.77,41.87376427650452,1.6731472728020058,121645.0,88.71,203264.0,
841,Random,0.4,85.3,88.29,42.73189926147461,1.6731472728020058,121645.0,88.71,203264.0,
678,Random,0.4,85.3,88.84,41.86888861656189,1.6731472728020058,121645.0,88.71,203264.0,
704,Random,0.4,85.3,89.04,46.82827281951904,1.6731472728020058,121645.0,88.71,203264.0,
207,Random,0.4,85.25,88.78,40.870949029922485,1.6731472728020058,121645.0,88.71,203264.0,
181,Random,0.4,85.25,88.73,41.96617555618286,1.6731472728020058,121645.0,88.71,203264.0,
236,Random,0.4,85.25,88.79,40.61167931556702,1.6731472728020058,121645.0,88.71,203264.0,
888,Random,0.4,85.25,88.68,41.35531997680664,1.6731472728020058,121645.0,88.71,203264.0,
944,Random,0.4,85.25,88.82,42.71465086936951,1.6731472728020058,121645.0,88.71,203264.0,
957,Random,0.4,85.25,88.43,42.060683250427246,1.6731472728020058,121645.0,88.71,203264.0,
136,Random,0.4,85.25,88.96,41.512109994888306,1.6731472728020058,121645.0,88.71,203264.0,
351,Random,0.4,85.25,88.77,40.592729330062866,1.6731472728020058,121645.0,88.71,203264.0,
309,Random,0.4,85.25,88.55,41.60890507698059,1.6731472728020058,121645.0,88.71,203264.0,
122,Random,0.4,85.25,88.75,47.57109260559082,1.6731472728020058,121645.0,88.71,203264.0,
397,Random,0.4,85.25,89.04,41.768266439437866,1.6731472728020058,121645.0,88.71,203264.0,
418,Random,0.4,85.25,88.01,43.009296894073486,1.6731472728020058,121645.0,88.71,203264.0,
477,Random,0.4,85.25,88.75,42.67070770263672,1.6731472728020058,121645.0,88.71,203264.0,
506,Random,0.4,85.25,89.17,40.64728593826294,1.6731472728020058,121645.0,88.71,203264.0,
535,Random,0.4,85.25,88.9,40.7611939907074,1.6731472728020058,121645.0,88.71,203264.0,
848,Random,0.4,85.25,88.3,41.1433527469635,1.6731472728020058,121645.0,88.71,203264.0,
648,Random,0.4,85.25,88.72,41.31811332702637,1.6731472728020058,121645.0,88.71,203264.0,
628,Random,0.4,85.25,88.46,45.05449390411377,1.6731472728020058,121645.0,88.71,203264.0,
188,Random,0.4,85.2,88.51,42.742971658706665,1.6731472728020058,121645.0,88.71,203264.0,
883,Random,0.4,85.2,88.66,43.2046754360199,1.6731472728020058,121645.0,88.71,203264.0,
919,Random,0.4,85.2,88.49,40.48005819320679,1.6731472728020058,121645.0,88.71,203264.0,
924,Random,0.4,85.2,88.69,40.505921363830566,1.6731472728020058,121645.0,88.71,203264.0,
987,Random,0.4,85.2,88.73,41.33236575126648,1.6731472728020058,121645.0,88.71,203264.0,
65,Random,0.4,85.2,88.99,41.214905977249146,1.6731472728020058,121645.0,88.71,203264.0,
95,Random,0.4,85.2,88.51,46.6920268535614,1.6731472728020058,121645.0,88.71,203264.0,
135,Random,0.4,85.2,88.63,42.81326127052307,1.6731472728020058,121645.0,88.71,203264.0,
137,Random,0.4,85.2,88.99,42.39279103279114,1.6731472728020058,121645.0,88.71,203264.0,
365,Random,0.4,85.2,89.22,41.2054386138916,1.6731472728020058,121645.0,88.71,203264.0,
455,Random,0.4,85.2,88.42,41.27658534049988,1.6731472728020058,121645.0,88.71,203264.0,
460,Random,0.4,85.2,88.33,41.321614503860474,1.6731472728020058,121645.0,88.71,203264.0,
527,Random,0.4,85.2,88.63,42.0299859046936,1.6731472728020058,121645.0,88.71,203264.0,
556,Random,0.4,85.2,88.61,42.83170247077942,1.6731472728020058,121645.0,88.71,203264.0,
530,Random,0.4,85.2,88.79,47.2828471660614,1.6731472728020058,121645.0,88.71,203264.0,
761,Random,0.4,85.2,89.21,42.5368754863739,1.6731472728020058,121645.0,88.71,203264.0,
764,Random,0.4,85.2,89.22,40.20222592353821,1.6731472728020058,121645.0,88.71,203264.0,
617,Random,0.4,85.2,88.84,40.63490104675293,1.6731472728020058,121645.0,88.71,203264.0,
624,Random,0.4,85.2,88.94,40.746312618255615,1.6731472728020058,121645.0,88.71,203264.0,
651,Random,0.4,85.2,88.25,40.90828013420105,1.6731472728020058,121645.0,88.71,203264.0,
230,Random,0.4,85.15,88.82,42.74855184555054,1.6731472728020058,121645.0,88.71,203264.0,
254,Random,0.4,85.15,88.44,46.69719409942627,1.6731472728020058,121645.0,88.71,203264.0,
880,Random,0.4,85.15,88.19,42.39504361152649,1.6731472728020058,121645.0,88.71,203264.0,
9,Random,0.4,85.15,88.56,40.48345327377319,1.6731472728020058,121645.0,88.71,203264.0,
56,Random,0.4,85.15,88.52,40.83053374290466,1.6731472728020058,121645.0,88.71,203264.0,
307,Random,0.4,85.15,88.45,41.312822341918945,1.6731472728020058,121645.0,88.71,203264.0,
359,Random,0.4,85.15,88.86,40.94943618774414,1.6731472728020058,121645.0,88.71,203264.0,
368,Random,0.4,85.15,88.95,42.944578409194946,1.6731472728020058,121645.0,88.71,203264.0,
534,Random,0.4,85.15,88.93,47.8364679813385,1.6731472728020058,121645.0,88.71,203264.0,
780,Random,0.4,85.15,88.62,42.81417441368103,1.6731472728020058,121645.0,88.71,203264.0,
654,Random,0.4,85.15,88.16,40.343953132629395,1.6731472728020058,121645.0,88.71,203264.0,
868,Random,0.4,85.1,88.62,41.25637936592102,1.6731472728020058,121645.0,88.71,203264.0,
952,Random,0.4,85.1,88.48,41.67175889015198,1.6731472728020058,121645.0,88.71,203264.0,
110,Random,0.4,85.1,88.88,41.456119537353516,1.6731472728020058,121645.0,88.71,203264.0,
139,Random,0.4,85.1,88.85,42.8438606262207,1.6731472728020058,121645.0,88.71,203264.0,
398,Random,0.4,85.1,88.85,42.81043457984924,1.6731472728020058,121645.0,88.71,203264.0,
532,Random,0.4,85.1,88.66,40.35163640975952,1.6731472728020058,121645.0,88.71,203264.0,
328,Random,0.4,85.1,87.94,48.01905107498169,1.6731472728020058,121645.0,88.71,203264.0,
566,Random,0.4,85.1,88.15,40.772340297698975,1.6731472728020058,121645.0,88.71,203264.0,
727,Random,0.4,85.1,89.02,40.876492977142334,1.6731472728020058,121645.0,88.71,203264.0,
730,Random,0.4,85.1,89.11,41.0934853553772,1.6731472728020058,121645.0,88.71,203264.0,
760,Random,0.4,85.1,88.71,42.888582706451416,1.6731472728020058,121645.0,88.71,203264.0,
714,Random,0.4,85.1,88.75,40.77811288833618,1.6731472728020058,121645.0,88.71,203264.0,
789,Random,0.4,85.1,88.18,42.17651844024658,1.6731472728020058,121645.0,88.71,203264.0,
881,Random,0.4,85.05,89.07,40.67106771469116,1.6731472728020058,121645.0,88.71,203264.0,
956,Random,0.4,85.05,88.66,40.905633211135864,1.6731472728020058,121645.0,88.71,203264.0,
227,Random,0.4,85.05,88.97,46.59517478942871,1.6731472728020058,121645.0,88.71,203264.0,
960,Random,0.4,85.05,88.67,40.53538703918457,1.6731472728020058,121645.0,88.71,203264.0,
23,Random,0.4,85.05,88.58,42.65052366256714,1.6731472728020058,121645.0,88.71,203264.0,
90,Random,0.4,85.05,88.95,40.373525857925415,1.6731472728020058,121645.0,88.71,203264.0,
785,Random,0.4,85.05,88.55,42.67561912536621,1.6731472728020058,121645.0,88.71,203264.0,
271,Random,0.4,85.0,88.72,40.64084196090698,1.6731472728020058,121645.0,88.71,203264.0,
877,Random,0.4,85.0,88.19,40.765352964401245,1.6731472728020058,121645.0,88.71,203264.0,
7,Random,0.4,85.0,89.05,40.98296046257019,1.6731472728020058,121645.0,88.71,203264.0,
981,Random,0.4,85.0,88.15,46.8358678817749,1.6731472728020058,121645.0,88.71,203264.0,
410,Random,0.4,85.0,88.51,42.38852643966675,1.6731472728020058,121645.0,88.71,203264.0,
411,Random,0.4,85.0,89.2,41.198944330215454,1.6731472728020058,121645.0,88.71,203264.0,
547,Random,0.4,85.0,88.38,41.06245708465576,1.6731472728020058,121645.0,88.71,203264.0,
537,Random,0.4,85.0,88.71,41.81226921081543,1.6731472728020058,121645.0,88.71,203264.0,
725,Random,0.4,85.0,88.98,40.88501524925232,1.6731472728020058,121645.0,88.71,203264.0,
843,Random,0.4,85.0,87.47,41.37076807022095,1.6731472728020058,121645.0,88.71,203264.0,
644,Random,0.4,85.0,88.54,44.49795150756836,1.6731472728020058,121645.0,88.71,203264.0,
162,Random,0.4,84.95,88.81,42.77673387527466,1.6731472728020058,121645.0,88.71,203264.0,
6,Random,0.4,84.95,88.31,40.92042827606201,1.6731472728020058,121645.0,88.71,203264.0,
15,Random,0.4,84.95,88.42,41.100674867630005,1.6731472728020058,121645.0,88.71,203264.0,
101,Random,0.4,84.95,88.7,42.903982162475586,1.6731472728020058,121645.0,88.71,203264.0,
109,Random,0.4,84.95,88.59,41.23999857902527,1.6731472728020058,121645.0,88.71,203264.0,
311,Random,0.4,84.95,88.62,41.2698540687561,1.6731472728020058,121645.0,88.71,203264.0,
336,Random,0.4,84.95,88.67,44.04903483390808,1.6731472728020058,121645.0,88.71,203264.0,
417,Random,0.4,84.95,88.9,42.649595499038696,1.6731472728020058,121645.0,88.71,203264.0,
434,Random,0.4,84.95,88.59,41.39729905128479,1.6731472728020058,121645.0,88.71,203264.0,
585,Random,0.4,84.95,88.01,40.970985412597656,1.6731472728020058,121645.0,88.71,203264.0,
205,Random,0.4,84.9,88.58,41.55721735954285,1.6731472728020058,121645.0,88.71,203264.0,
669,Random,0.4,84.95,87.61,42.92826962471008,1.6731472728020058,121645.0,88.71,203264.0,
931,Random,0.4,84.9,88.82,41.5883264541626,1.6731472728020058,121645.0,88.71,203264.0,
17,Random,0.4,84.9,88.38,44.19368267059326,1.6731472728020058,121645.0,88.71,203264.0,
437,Random,0.4,84.9,88.53,43.08920645713806,1.6731472728020058,121645.0,88.71,203264.0,
509,Random,0.4,84.9,89.08,42.015010833740234,1.6731472728020058,121645.0,88.71,203264.0,
724,Random,0.4,84.9,88.73,41.562373876571655,1.6731472728020058,121645.0,88.71,203264.0,
763,Random,0.4,84.9,88.65,41.79699993133545,1.6731472728020058,121645.0,88.71,203264.0,
853,Random,0.4,84.9,89.06,43.24424958229065,1.6731472728020058,121645.0,88.71,203264.0,
661,Random,0.4,84.9,88.55,41.97459316253662,1.6731472728020058,121645.0,88.71,203264.0,
43,Random,0.4,84.85,88.61,43.228326082229614,1.6731472728020058,121645.0,88.71,203264.0,
64,Random,0.4,84.85,88.12,42.565120697021484,1.6731472728020058,121645.0,88.71,203264.0,
323,Random,0.4,84.85,88.9,41.187424182891846,1.6731472728020058,121645.0,88.71,203264.0,
396,Random,0.4,84.85,88.59,41.00336313247681,1.6731472728020058,121645.0,88.71,203264.0,
536,Random,0.4,84.85,88.03,40.87316036224365,1.6731472728020058,121645.0,88.71,203264.0,
544,Random,0.4,84.85,88.57,43.03287935256958,1.6731472728020058,121645.0,88.71,203264.0,
723,Random,0.4,84.85,88.78,41.39892029762268,1.6731472728020058,121645.0,88.71,203264.0,
850,Random,0.4,84.85,88.56,44.172627210617065,1.6731472728020058,121645.0,88.71,203264.0,
856,Random,0.4,84.85,88.69,42.57506537437439,1.6731472728020058,121645.0,88.71,203264.0,
579,Random,0.4,84.85,88.45,40.72693347930908,1.6731472728020058,121645.0,88.71,203264.0,
636,Random,0.4,84.85,88.89,40.71455097198486,1.6731472728020058,121645.0,88.71,203264.0,
689,Random,0.4,84.85,88.62,40.794267892837524,1.6731472728020058,121645.0,88.71,203264.0,
158,Random,0.4,84.8,89.21,42.469834089279175,1.6731472728020058,121645.0,88.71,203264.0,
164,Random,0.4,84.8,88.45,41.342042684555054,1.6731472728020058,121645.0,88.71,203264.0,
990,Random,0.4,84.8,88.09,43.7043890953064,1.6731472728020058,121645.0,88.71,203264.0,
2,Random,0.4,84.8,88.57,40.656221866607666,1.6731472728020058,121645.0,88.71,203264.0,
998,Random,0.4,84.8,87.92,42.24447154998779,1.6731472728020058,121645.0,88.71,203264.0,
39,Random,0.4,84.8,88.68,40.326860189437866,1.6731472728020058,121645.0,88.71,203264.0,
511,Random,0.4,84.8,89.03,40.74103379249573,1.6731472728020058,121645.0,88.71,203264.0,
774,Random,0.4,84.8,89.07,42.69192361831665,1.6731472728020058,121645.0,88.71,203264.0,
683,Random,0.4,84.8,87.61,41.33333206176758,1.6731472728020058,121645.0,88.71,203264.0,
701,Random,0.4,84.8,88.69,43.532593727111816,1.6731472728020058,121645.0,88.71,203264.0,
160,Random,0.4,84.75,88.87,40.941652059555054,1.6731472728020058,121645.0,88.71,203264.0,
248,Random,0.4,84.75,88.68,40.92122745513916,1.6731472728020058,121645.0,88.71,203264.0,
221,Random,0.4,84.75,88.21,42.663957357406616,1.6731472728020058,121645.0,88.71,203264.0,
259,Random,0.4,84.75,88.92,40.79490900039673,1.6731472728020058,121645.0,88.71,203264.0,
466,Random,0.4,84.75,89.15,41.73018288612366,1.6731472728020058,121645.0,88.71,203264.0,
456,Random,0.4,84.75,89.24,42.91699695587158,1.6731472728020058,121645.0,88.71,203264.0,
487,Random,0.4,84.75,88.6,42.851574659347534,1.6731472728020058,121645.0,88.71,203264.0,
525,Random,0.4,84.75,88.24,40.892834186553955,1.6731472728020058,121645.0,88.71,203264.0,
804,Random,0.4,84.75,88.58,41.79360318183899,1.6731472728020058,121645.0,88.71,203264.0,
825,Random,0.4,84.75,88.61,43.02784323692322,1.6731472728020058,121645.0,88.71,203264.0,
857,Random,0.4,84.75,88.91,41.22339940071106,1.6731472728020058,121645.0,88.71,203264.0,
596,Random,0.4,84.75,88.68,41.37870407104492,1.6731472728020058,121645.0,88.71,203264.0,
664,Random,0.4,84.75,88.68,43.24406313896179,1.6731472728020058,121645.0,88.71,203264.0,
675,Random,0.4,84.75,88.47,44.93148064613342,1.6731472728020058,121645.0,88.71,203264.0,
283,Random,0.4,84.7,88.26,41.23842406272888,1.6731472728020058,121645.0,88.71,203264.0,
879,Random,0.4,84.7,88.73,41.082138776779175,1.6731472728020058,121645.0,88.71,203264.0,
954,Random,0.4,84.7,88.67,40.498669385910034,1.6731472728020058,121645.0,88.71,203264.0,
903,Random,0.4,84.7,88.41,42.71764063835144,1.6731472728020058,121645.0,88.71,203264.0,
105,Random,0.4,84.7,88.84,40.44219732284546,1.6731472728020058,121645.0,88.71,203264.0,
332,Random,0.4,84.7,88.96,41.846577167510986,1.6731472728020058,121645.0,88.71,203264.0,
548,Random,0.4,84.7,88.98,40.73908090591431,1.6731472728020058,121645.0,88.71,203264.0,
502,Random,0.4,84.7,88.79,44.83229112625122,1.6731472728020058,121645.0,88.71,203264.0,
553,Random,0.4,84.7,88.64,41.73583197593689,1.6731472728020058,121645.0,88.71,203264.0,
751,Random,0.4,84.7,88.54,40.97114300727844,1.6731472728020058,121645.0,88.71,203264.0,
817,Random,0.4,84.7,88.39,42.70700001716614,1.6731472728020058,121645.0,88.71,203264.0,
604,Random,0.4,84.7,88.93,40.48215341567993,1.6731472728020058,121645.0,88.71,203264.0,
245,Random,0.4,84.65,88.58,42.6397602558136,1.6731472728020058,121645.0,88.71,203264.0,
884,Random,0.4,84.65,88.78,40.49417519569397,1.6731472728020058,121645.0,88.71,203264.0,
94,Random,0.4,84.65,88.48,41.310909271240234,1.6731472728020058,121645.0,88.71,203264.0,
117,Random,0.4,84.65,88.5,40.94827485084534,1.6731472728020058,121645.0,88.71,203264.0,
975,Random,0.4,84.65,89.1,44.97259068489075,1.6731472728020058,121645.0,88.71,203264.0,
375,Random,0.4,84.65,88.82,42.84698033332825,1.6731472728020058,121645.0,88.71,203264.0,
452,Random,0.4,84.65,88.68,40.409852266311646,1.6731472728020058,121645.0,88.71,203264.0,
801,Random,0.4,84.65,88.4,42.51894211769104,1.6731472728020058,121645.0,88.71,203264.0,
201,Random,0.4,84.6,88.32,40.60386943817139,1.6731472728020058,121645.0,88.71,203264.0,
73,Random,0.4,84.6,88.7,40.64778161048889,1.6731472728020058,121645.0,88.71,203264.0,
87,Random,0.4,84.6,88.94,40.957216024398804,1.6731472728020058,121645.0,88.71,203264.0,
88,Random,0.4,84.6,88.84,46.52536606788635,1.6731472728020058,121645.0,88.71,203264.0,
111,Random,0.4,84.6,88.67,42.92183327674866,1.6731472728020058,121645.0,88.71,203264.0,
133,Random,0.4,84.6,88.72,40.61935567855835,1.6731472728020058,121645.0,88.71,203264.0,
289,Random,0.4,84.6,88.49,42.19525480270386,1.6731472728020058,121645.0,88.71,203264.0,
354,Random,0.4,84.6,87.57,41.04043173789978,1.6731472728020058,121645.0,88.71,203264.0,
394,Random,0.4,84.6,88.23,40.45738506317139,1.6731472728020058,121645.0,88.71,203264.0,
425,Random,0.4,84.6,88.45,41.09095907211304,1.6731472728020058,121645.0,88.71,203264.0,
814,Random,0.4,84.6,88.48,40.38214039802551,1.6731472728020058,121645.0,88.71,203264.0,
781,Random,0.4,84.6,88.74,42.76523399353027,1.6731472728020058,121645.0,88.71,203264.0,
519,Random,0.4,84.6,88.43,44.34413266181946,1.6731472728020058,121645.0,88.71,203264.0,
837,Random,0.4,84.6,88.39,42.01154923439026,1.6731472728020058,121645.0,88.71,203264.0,
657,Random,0.4,84.6,88.33,41.445815086364746,1.6731472728020058,121645.0,88.71,203264.0,
202,Random,0.4,84.55,88.51,40.67464566230774,1.6731472728020058,121645.0,88.71,203264.0,
265,Random,0.4,84.55,89.1,41.31347966194153,1.6731472728020058,121645.0,88.71,203264.0,
338,Random,0.4,84.55,88.77,40.73312330245972,1.6731472728020058,121645.0,88.71,203264.0,
344,Random,0.4,84.55,88.84,42.875574350357056,1.6731472728020058,121645.0,88.71,203264.0,
409,Random,0.4,84.55,88.66,44.92546010017395,1.6731472728020058,121645.0,88.71,203264.0,
423,Random,0.4,84.55,88.58,42.32966661453247,1.6731472728020058,121645.0,88.71,203264.0,
468,Random,0.4,84.55,88.88,40.34415912628174,1.6731472728020058,121645.0,88.71,203264.0,
479,Random,0.4,84.55,88.87,41.13371777534485,1.6731472728020058,121645.0,88.71,203264.0,
513,Random,0.4,84.55,88.09,41.39220714569092,1.6731472728020058,121645.0,88.71,203264.0,
539,Random,0.4,84.55,89.06,40.883708477020264,1.6731472728020058,121645.0,88.71,203264.0,
144,Random,0.4,84.5,88.73,42.569913148880005,1.6731472728020058,121645.0,88.71,203264.0,
278,Random,0.4,84.5,88.87,43.82601046562195,1.6731472728020058,121645.0,88.71,203264.0,
89,Random,0.4,84.5,88.55,42.89812445640564,1.6731472728020058,121645.0,88.71,203264.0,
113,Random,0.4,84.5,88.54,40.97805166244507,1.6731472728020058,121645.0,88.71,203264.0,
125,Random,0.4,84.5,88.8,40.96579170227051,1.6731472728020058,121645.0,88.71,203264.0,
353,Random,0.4,84.5,88.25,41.115662813186646,1.6731472728020058,121645.0,88.71,203264.0,
481,Random,0.4,84.5,88.11,40.65710401535034,1.6731472728020058,121645.0,88.71,203264.0,
749,Random,0.4,84.5,88.44,42.7301390171051,1.6731472728020058,121645.0,88.71,203264.0,
756,Random,0.4,84.5,88.7,43.50995993614197,1.6731472728020058,121645.0,88.71,203264.0,
808,Random,0.4,84.5,88.53,43.19992423057556,1.6731472728020058,121645.0,88.71,203264.0,
833,Random,0.4,84.5,88.96,40.49404573440552,1.6731472728020058,121645.0,88.71,203264.0,
590,Random,0.4,84.5,88.61,40.74715232849121,1.6731472728020058,121645.0,88.71,203264.0,
208,Random,0.4,84.45,88.31,41.46466612815857,1.6731472728020058,121645.0,88.71,203264.0,
866,Random,0.4,84.45,89.07,40.525086402893066,1.6731472728020058,121645.0,88.71,203264.0,
925,Random,0.4,84.45,88.92,42.656413555145264,1.6731472728020058,121645.0,88.71,203264.0,
58,Random,0.4,84.45,88.6,44.7470920085907,1.6731472728020058,121645.0,88.71,203264.0,
60,Random,0.4,84.45,88.59,42.39355397224426,1.6731472728020058,121645.0,88.71,203264.0,
131,Random,0.4,84.45,88.41,40.87328243255615,1.6731472728020058,121645.0,88.71,203264.0,
501,Random,0.4,84.45,88.99,40.32850527763367,1.6731472728020058,121645.0,88.71,203264.0,
747,Random,0.4,84.45,88.63,40.92739963531494,1.6731472728020058,121645.0,88.71,203264.0,
169,Random,0.4,84.4,88.68,40.482771158218384,1.6731472728020058,121645.0,88.71,203264.0,
263,Random,0.4,84.4,88.8,42.821157693862915,1.6731472728020058,121645.0,88.71,203264.0,
1,Random,0.4,84.4,88.41,44.72619414329529,1.6731472728020058,121645.0,88.71,203264.0,
32,Random,0.4,84.4,88.49,42.921223878860474,1.6731472728020058,121645.0,88.71,203264.0,
314,Random,0.4,84.4,88.18,41.37184977531433,1.6731472728020058,121645.0,88.71,203264.0,
316,Random,0.4,84.4,88.49,41.043867111206055,1.6731472728020058,121645.0,88.71,203264.0,
404,Random,0.4,84.4,88.81,41.23848295211792,1.6731472728020058,121645.0,88.71,203264.0,
416,Random,0.4,84.4,88.59,40.54825520515442,1.6731472728020058,121645.0,88.71,203264.0,
454,Random,0.4,84.4,88.12,43.04316210746765,1.6731472728020058,121645.0,88.71,203264.0,
476,Random,0.4,84.4,88.79,42.880377531051636,1.6731472728020058,121645.0,88.71,203264.0,
463,Random,0.4,84.4,88.52,45.51484417915344,1.6731472728020058,121645.0,88.71,203264.0,
515,Random,0.4,84.4,88.5,41.038477659225464,1.6731472728020058,121645.0,88.71,203264.0,
735,Random,0.4,84.4,88.72,40.23576760292053,1.6731472728020058,121645.0,88.71,203264.0,
819,Random,0.4,84.4,88.44,41.0425705909729,1.6731472728020058,121645.0,88.71,203264.0,
835,Random,0.4,84.4,88.88,40.5558762550354,1.6731472728020058,121645.0,88.71,203264.0,
855,Random,0.4,84.4,88.91,43.001190423965454,1.6731472728020058,121645.0,88.71,203264.0,
592,Random,0.4,84.4,88.7,42.49631309509277,1.6731472728020058,121645.0,88.71,203264.0,
619,Random,0.4,84.4,88.5,44.97250461578369,1.6731472728020058,121645.0,88.71,203264.0,
670,Random,0.4,84.4,88.6,41.187971353530884,1.6731472728020058,121645.0,88.71,203264.0,
708,Random,0.4,84.4,88.93,40.65653085708618,1.6731472728020058,121645.0,88.71,203264.0,
204,Random,0.4,84.35,88.51,40.83544969558716,1.6731472728020058,121645.0,88.71,203264.0,
213,Random,0.4,84.35,88.78,40.666491746902466,1.6731472728020058,121645.0,88.71,203264.0,
900,Random,0.4,84.35,88.95,43.05111336708069,1.6731472728020058,121645.0,88.71,203264.0,
971,Random,0.4,84.35,88.79,42.827733516693115,1.6731472728020058,121645.0,88.71,203264.0,
5,Random,0.4,84.35,88.56,41.06021022796631,1.6731472728020058,121645.0,88.71,203264.0,
49,Random,0.4,84.35,87.54,40.81822490692139,1.6731472728020058,121645.0,88.71,203264.0,
982,Random,0.4,84.35,88.76,45.71525287628174,1.6731472728020058,121645.0,88.71,203264.0,
302,Random,0.4,84.35,88.01,41.12375450134277,1.6731472728020058,121645.0,88.71,203264.0,
345,Random,0.4,84.35,88.58,41.29134702682495,1.6731472728020058,121645.0,88.71,203264.0,
360,Random,0.4,84.35,88.4,42.849457025527954,1.6731472728020058,121645.0,88.71,203264.0,
745,Random,0.4,84.35,88.86,42.05226683616638,1.6731472728020058,121645.0,88.71,203264.0,
593,Random,0.4,84.35,88.8,40.72591519355774,1.6731472728020058,121645.0,88.71,203264.0,
598,Random,0.4,84.35,88.67,40.51503801345825,1.6731472728020058,121645.0,88.71,203264.0,
240,Random,0.4,84.3,88.76,40.340537786483765,1.6731472728020058,121645.0,88.71,203264.0,
677,Random,0.4,84.35,88.42,44.02470850944519,1.6731472728020058,121645.0,88.71,203264.0,
946,Random,0.4,84.3,88.73,40.86336803436279,1.6731472728020058,121645.0,88.71,203264.0,
31,Random,0.4,84.3,88.49,42.77961254119873,1.6731472728020058,121645.0,88.71,203264.0,
55,Random,0.4,84.3,88.89,42.41889142990112,1.6731472728020058,121645.0,88.71,203264.0,
70,Random,0.4,84.3,88.32,40.97398519515991,1.6731472728020058,121645.0,88.71,203264.0,
72,Random,0.4,84.3,88.8,40.9804847240448,1.6731472728020058,121645.0,88.71,203264.0,
78,Random,0.4,84.3,88.1,40.939777851104736,1.6731472728020058,121645.0,88.71,203264.0,
306,Random,0.4,84.3,88.5,40.52205181121826,1.6731472728020058,121645.0,88.71,203264.0,
300,Random,0.4,84.3,88.93,46.53394651412964,1.6731472728020058,121645.0,88.71,203264.0,
317,Random,0.4,84.3,88.74,42.798583030700684,1.6731472728020058,121645.0,88.71,203264.0,
629,Random,0.4,84.3,88.72,41.20067858695984,1.6731472728020058,121645.0,88.71,203264.0,
805,Random,0.4,84.3,88.97,43.03442144393921,1.6731472728020058,121645.0,88.71,203264.0,
631,Random,0.4,84.3,87.94,41.02205848693848,1.6731472728020058,121645.0,88.71,203264.0,
662,Random,0.4,84.3,88.92,41.10586166381836,1.6731472728020058,121645.0,88.71,203264.0,
175,Random,0.4,84.25,88.01,41.125548124313354,1.6731472728020058,121645.0,88.71,203264.0,
985,Random,0.4,84.25,88.31,45.252832889556885,1.6731472728020058,121645.0,88.71,203264.0,
59,Random,0.4,84.25,88.46,42.74901723861694,1.6731472728020058,121645.0,88.71,203264.0,
116,Random,0.4,84.25,89.15,41.43857979774475,1.6731472728020058,121645.0,88.71,203264.0,
572,Random,0.4,84.25,88.98,40.86894083023071,1.6731472728020058,121645.0,88.71,203264.0,
541,Random,0.4,84.25,89.11,42.50111961364746,1.6731472728020058,121645.0,88.71,203264.0,
738,Random,0.4,84.25,88.8,41.098671674728394,1.6731472728020058,121645.0,88.71,203264.0,
753,Random,0.4,84.25,88.55,40.98868274688721,1.6731472728020058,121645.0,88.71,203264.0,
768,Random,0.4,84.25,88.32,45.099509954452515,1.6731472728020058,121645.0,88.71,203264.0,
831,Random,0.4,84.25,88.38,42.92994666099548,1.6731472728020058,121645.0,88.71,203264.0,
679,Random,0.4,84.25,88.51,41.86945104598999,1.6731472728020058,121645.0,88.71,203264.0,
902,Random,0.4,84.2,88.35,41.38029909133911,1.6731472728020058,121645.0,88.71,203264.0,
989,Random,0.4,84.2,88.56,43.022870779037476,1.6731472728020058,121645.0,88.71,203264.0,
98,Random,0.4,84.2,88.48,42.08431339263916,1.6731472728020058,121645.0,88.71,203264.0,
335,Random,0.4,84.2,88.02,41.63797354698181,1.6731472728020058,121645.0,88.71,203264.0,
414,Random,0.4,84.2,89.0,44.938130378723145,1.6731472728020058,121645.0,88.71,203264.0,
432,Random,0.4,84.2,88.64,42.956887006759644,1.6731472728020058,121645.0,88.71,203264.0,
514,Random,0.4,84.2,89.12,40.62779951095581,1.6731472728020058,121645.0,88.71,203264.0,
577,Random,0.4,84.2,88.18,41.074644565582275,1.6731472728020058,121645.0,88.71,203264.0,
228,Random,0.4,84.15,88.79,42.419856786727905,1.6731472728020058,121645.0,88.71,203264.0,
864,Random,0.4,84.15,89.12,41.32151961326599,1.6731472728020058,121645.0,88.71,203264.0,
393,Random,0.4,84.15,88.23,41.0527606010437,1.6731472728020058,121645.0,88.71,203264.0,
510,Random,0.4,84.15,88.55,45.1790132522583,1.6731472728020058,121645.0,88.71,203264.0,
797,Random,0.4,84.15,88.85,42.79317092895508,1.6731472728020058,121645.0,88.71,203264.0,
584,Random,0.4,84.15,88.39,40.950586795806885,1.6731472728020058,121645.0,88.71,203264.0,
197,Random,0.4,84.1,88.75,40.63763403892517,1.6731472728020058,121645.0,88.71,203264.0,
233,Random,0.4,84.1,88.79,42.4063994884491,1.6731472728020058,121645.0,88.71,203264.0,
876,Random,0.4,84.1,88.63,41.20983076095581,1.6731472728020058,121645.0,88.71,203264.0,
22,Random,0.4,84.1,88.24,41.01101469993591,1.6731472728020058,121645.0,88.71,203264.0,
363,Random,0.4,84.1,88.64,45.46380853652954,1.6731472728020058,121645.0,88.71,203264.0,
614,Random,0.4,84.1,88.59,41.20201086997986,1.6731472728020058,121645.0,88.71,203264.0,
603,Random,0.4,84.1,88.63,42.8395209312439,1.6731472728020058,121645.0,88.71,203264.0,
258,Random,0.4,84.05,88.58,40.887229919433594,1.6731472728020058,121645.0,88.71,203264.0,
293,Random,0.4,84.05,88.34,41.18575429916382,1.6731472728020058,121645.0,88.71,203264.0,
45,Random,0.4,84.05,89.04,42.451433420181274,1.6731472728020058,121645.0,88.71,203264.0,
471,Random,0.4,84.05,88.8,41.12869310379028,1.6731472728020058,121645.0,88.71,203264.0,
733,Random,0.4,84.05,88.92,45.80212044715881,1.6731472728020058,121645.0,88.71,203264.0,
737,Random,0.4,84.05,88.91,40.784345388412476,1.6731472728020058,121645.0,88.71,203264.0,
673,Random,0.4,84.05,88.68,40.8193085193634,1.6731472728020058,121645.0,88.71,203264.0,
573,Random,0.4,84.05,89.05,42.937946796417236,1.6731472728020058,121645.0,88.71,203264.0,
241,Random,0.4,84.0,88.65,40.7853684425354,1.6731472728020058,121645.0,88.71,203264.0,
96,Random,0.4,84.0,88.98,41.4313108921051,1.6731472728020058,121645.0,88.71,203264.0,
887,Random,0.4,84.0,88.45,42.85422897338867,1.6731472728020058,121645.0,88.71,203264.0,
554,Random,0.4,84.0,88.44,40.2668981552124,1.6731472728020058,121645.0,88.71,203264.0,
517,Random,0.4,84.0,88.13,44.0707151889801,1.6731472728020058,121645.0,88.71,203264.0,
564,Random,0.4,84.0,89.01,40.835280656814575,1.6731472728020058,121645.0,88.71,203264.0,
736,Random,0.4,84.0,88.9,42.89018177986145,1.6731472728020058,121645.0,88.71,203264.0,
647,Random,0.4,84.0,88.18,40.72728943824768,1.6731472728020058,121645.0,88.71,203264.0,
680,Random,0.4,84.0,88.62,41.03911805152893,1.6731472728020058,121645.0,88.71,203264.0,
285,Random,0.4,83.95,88.81,43.28350639343262,1.6731472728020058,121645.0,88.71,203264.0,
943,Random,0.4,83.95,88.82,41.26781749725342,1.6731472728020058,121645.0,88.71,203264.0,
296,Random,0.4,83.95,87.94,40.95068120956421,1.6731472728020058,121645.0,88.71,203264.0,
21,Random,0.4,83.95,88.35,44.851394176483154,1.6731472728020058,121645.0,88.71,203264.0,
852,Random,0.4,83.95,88.25,42.61123490333557,1.6731472728020058,121645.0,88.71,203264.0,
196,Random,0.4,83.9,88.63,41.107614278793335,1.6731472728020058,121645.0,88.71,203264.0,
867,Random,0.4,83.9,88.44,40.88905429840088,1.6731472728020058,121645.0,88.71,203264.0,
325,Random,0.4,83.9,88.61,42.80146384239197,1.6731472728020058,121645.0,88.71,203264.0,
371,Random,0.4,83.9,88.78,40.90381574630737,1.6731472728020058,121645.0,88.71,203264.0,
806,Random,0.4,83.9,88.72,40.52799415588379,1.6731472728020058,121645.0,88.71,203264.0,
826,Random,0.4,83.9,88.6,42.99260711669922,1.6731472728020058,121645.0,88.71,203264.0,
986,Random,0.4,83.85,88.22,40.554983139038086,1.6731472728020058,121645.0,88.71,203264.0,
173,Random,0.4,83.85,88.97,42.612149238586426,1.6731472728020058,121645.0,88.71,203264.0,
69,Random,0.4,83.85,89.0,40.859333753585815,1.6731472728020058,121645.0,88.71,203264.0,
92,Random,0.4,83.85,88.6,42.890360832214355,1.6731472728020058,121645.0,88.71,203264.0,
290,Random,0.4,83.85,88.62,40.71525573730469,1.6731472728020058,121645.0,88.71,203264.0,
294,Random,0.4,83.85,88.63,40.79004883766174,1.6731472728020058,121645.0,88.71,203264.0,
639,Random,0.4,83.85,89.01,41.06228685379028,1.6731472728020058,121645.0,88.71,203264.0,
638,Random,0.4,83.85,88.79,44.29282069206238,1.6731472728020058,121645.0,88.71,203264.0,
30,Random,0.4,83.8,88.5,40.97142314910889,1.6731472728020058,121645.0,88.71,203264.0,
167,Random,0.4,83.8,88.6,42.55010414123535,1.6731472728020058,121645.0,88.71,203264.0,
34,Random,0.4,83.8,88.67,42.29538941383362,1.6731472728020058,121645.0,88.71,203264.0,
415,Random,0.4,83.8,88.77,40.37375521659851,1.6731472728020058,121645.0,88.71,203264.0,
505,Random,0.4,83.8,88.56,40.41836619377136,1.6731472728020058,121645.0,88.71,203264.0,
528,Random,0.4,83.8,88.59,40.76778960227966,1.6731472728020058,121645.0,88.71,203264.0,
694,Random,0.4,83.8,88.79,40.87000560760498,1.6731472728020058,121645.0,88.71,203264.0,
267,Random,0.4,83.75,88.05,42.783446311950684,1.6731472728020058,121645.0,88.71,203264.0,
757,Random,0.4,83.8,88.62,43.85583448410034,1.6731472728020058,121645.0,88.71,203264.0,
972,Random,0.4,83.75,89.18,42.09880328178406,1.6731472728020058,121645.0,88.71,203264.0,
978,Random,0.4,83.75,88.52,40.590553760528564,1.6731472728020058,121645.0,88.71,203264.0,
996,Random,0.4,83.75,88.85,41.58642625808716,1.6731472728020058,121645.0,88.71,203264.0,
85,Random,0.4,83.75,88.86,41.42750859260559,1.6731472728020058,121645.0,88.71,203264.0,
406,Random,0.4,83.75,88.84,41.0317862033844,1.6731472728020058,121645.0,88.71,203264.0,
429,Random,0.4,83.75,88.81,42.562642097473145,1.6731472728020058,121645.0,88.71,203264.0,
726,Random,0.4,83.75,88.22,43.78081464767456,1.6731472728020058,121645.0,88.71,203264.0,
671,Random,0.4,83.75,88.69,42.65292739868164,1.6731472728020058,121645.0,88.71,203264.0,
279,Random,0.4,83.7,88.72,40.60605597496033,1.6731472728020058,121645.0,88.71,203264.0,
83,Random,0.4,83.7,88.05,41.31132698059082,1.6731472728020058,121645.0,88.71,203264.0,
319,Random,0.4,83.7,88.58,41.026949644088745,1.6731472728020058,121645.0,88.71,203264.0,
503,Random,0.4,83.7,88.65,40.815295934677124,1.6731472728020058,121645.0,88.71,203264.0,
3,Random,0.4,83.65,88.83,42.72138261795044,1.6731472728020058,121645.0,88.71,203264.0,
759,Random,0.4,83.65,88.78,45.51868796348572,1.6731472728020058,121645.0,88.71,203264.0,
633,Random,0.4,83.65,89.18,42.07999229431152,1.6731472728020058,121645.0,88.71,203264.0,
687,Random,0.4,83.65,88.44,40.51695656776428,1.6731472728020058,121645.0,88.71,203264.0,
703,Random,0.4,83.65,87.86,41.11782932281494,1.6731472728020058,121645.0,88.71,203264.0,
91,Random,0.4,83.6,88.39,40.583375692367554,1.6731472728020058,121645.0,88.71,203264.0,
301,Random,0.4,83.6,88.84,41.170615911483765,1.6731472728020058,121645.0,88.71,203264.0,
337,Random,0.4,83.6,89.01,42.569159746170044,1.6731472728020058,121645.0,88.71,203264.0,
427,Random,0.4,83.6,88.4,43.13067293167114,1.6731472728020058,121645.0,88.71,203264.0,
721,Random,0.4,83.6,87.87,42.690967082977295,1.6731472728020058,121645.0,88.71,203264.0,
748,Random,0.4,83.6,88.56,40.39922738075256,1.6731472728020058,121645.0,88.71,203264.0,
927,Random,0.4,83.55,89.01,41.27343130111694,1.6731472728020058,121645.0,88.71,203264.0,
104,Random,0.4,83.55,88.05,41.45308065414429,1.6731472728020058,121645.0,88.71,203264.0,
431,Random,0.4,83.55,89.0,41.219011068344116,1.6731472728020058,121645.0,88.71,203264.0,
474,Random,0.4,83.55,88.0,42.56342267990112,1.6731472728020058,121645.0,88.71,203264.0,
206,Random,0.4,83.5,88.41,43.428147315979004,1.6731472728020058,121645.0,88.71,203264.0,
119,Random,0.4,83.5,88.33,42.91289830207825,1.6731472728020058,121645.0,88.71,203264.0,
807,Random,0.4,83.5,88.51,40.366087198257446,1.6731472728020058,121645.0,88.71,203264.0,
645,Random,0.4,83.5,89.16,41.00176525115967,1.6731472728020058,121645.0,88.71,203264.0,
652,Random,0.4,83.5,88.43,40.84542512893677,1.6731472728020058,121645.0,88.71,203264.0,
185,Random,0.4,83.45,88.74,41.073891401290894,1.6731472728020058,121645.0,88.71,203264.0,
142,Random,0.4,83.45,88.67,42.48702263832092,1.6731472728020058,121645.0,88.71,203264.0,
793,Random,0.4,83.45,88.83,42.57757925987244,1.6731472728020058,121645.0,88.71,203264.0,
690,Random,0.4,83.45,88.75,42.25530457496643,1.6731472728020058,121645.0,88.71,203264.0,
264,Random,0.4,83.4,88.8,40.64447379112244,1.6731472728020058,121645.0,88.71,203264.0,
964,Random,0.4,83.4,88.82,41.32062482833862,1.6731472728020058,121645.0,88.71,203264.0,
84,Random,0.4,83.4,88.79,40.99067711830139,1.6731472728020058,121645.0,88.71,203264.0,
121,Random,0.4,83.4,88.39,41.341060638427734,1.6731472728020058,121645.0,88.71,203264.0,
222,Random,0.4,83.35,87.65,42.48739838600159,1.6731472728020058,121645.0,88.71,203264.0,
242,Random,0.4,83.35,88.63,42.488609075546265,1.6731472728020058,121645.0,88.71,203264.0,
912,Random,0.4,83.35,88.47,42.413108587265015,1.6731472728020058,121645.0,88.71,203264.0,
362,Random,0.4,83.35,88.36,40.329373836517334,1.6731472728020058,121645.0,88.71,203264.0,
457,Random,0.4,83.35,89.03,40.39240860939026,1.6731472728020058,121645.0,88.71,203264.0,
512,Random,0.4,83.35,88.1,41.758686542510986,1.6731472728020058,121645.0,88.71,203264.0,
660,Random,0.4,83.35,88.49,41.217164278030396,1.6731472728020058,121645.0,88.71,203264.0,
682,Random,0.4,83.35,87.9,42.68438172340393,1.6731472728020058,121645.0,88.71,203264.0,
198,Random,0.4,83.3,88.67,41.98479628562927,1.6731472728020058,121645.0,88.71,203264.0,
961,Random,0.4,83.3,88.47,42.80658531188965,1.6731472728020058,121645.0,88.71,203264.0,
99,Random,0.4,83.3,88.67,40.766722679138184,1.6731472728020058,121645.0,88.71,203264.0,
118,Random,0.4,83.3,88.17,40.81452703475952,1.6731472728020058,121645.0,88.71,203264.0,
646,Random,0.4,83.3,88.87,40.826850175857544,1.6731472728020058,121645.0,88.71,203264.0,
41,Random,0.4,83.25,88.4,41.26978302001953,1.6731472728020058,121645.0,88.71,203264.0,
449,Random,0.4,83.25,89.15,42.54318714141846,1.6731472728020058,121645.0,88.71,203264.0,
246,Random,0.4,83.2,88.36,42.727121353149414,1.6731472728020058,121645.0,88.71,203264.0,
383,Random,0.4,83.2,88.85,43.365939140319824,1.6731472728020058,121645.0,88.71,203264.0,
672,Random,0.4,83.2,89.12,40.539613485336304,1.6731472728020058,121645.0,88.71,203264.0,
18,Random,0.4,83.15,89.18,40.903135776519775,1.6731472728020058,121645.0,88.71,203264.0,
334,Random,0.4,83.15,88.71,41.39769792556763,1.6731472728020058,121645.0,88.71,203264.0,
446,Random,0.4,83.15,88.42,41.16999530792236,1.6731472728020058,121645.0,88.71,203264.0,
485,Random,0.4,83.15,88.55,42.60194993019104,1.6731472728020058,121645.0,88.71,203264.0,
438,Random,0.4,83.1,88.62,41.81011343002319,1.6731472728020058,121645.0,88.71,203264.0,
612,Random,0.4,83.15,88.64,44.35825753211975,1.6731472728020058,121645.0,88.71,203264.0,
834,Random,0.4,83.1,88.33,41.0209846496582,1.6731472728020058,121645.0,88.71,203264.0,
641,Random,0.4,83.1,88.67,40.87029480934143,1.6731472728020058,121645.0,88.71,203264.0,
176,Random,0.4,83.05,88.72,41.29246544837952,1.6731472728020058,121645.0,88.71,203264.0,
939,Random,0.4,83.05,88.74,40.768768072128296,1.6731472728020058,121645.0,88.71,203264.0,
977,Random,0.4,83.05,88.25,42.619210720062256,1.6731472728020058,121645.0,88.71,203264.0,
27,Random,0.4,83.05,88.8,42.83190727233887,1.6731472728020058,121645.0,88.71,203264.0,
659,Random,0.4,83.05,88.88,40.447484493255615,1.6731472728020058,121645.0,88.71,203264.0,
424,Random,0.4,83.05,88.58,46.673494815826416,1.6731472728020058,121645.0,88.71,203264.0,
862,Random,0.4,83.0,88.89,40.804221868515015,1.6731472728020058,121645.0,88.71,203264.0,
62,Random,0.4,83.0,88.06,40.84825539588928,1.6731472728020058,121645.0,88.71,203264.0,
349,Random,0.4,83.0,88.43,40.6948037147522,1.6731472728020058,121645.0,88.71,203264.0,
746,Random,0.4,83.0,88.87,42.51288986206055,1.6731472728020058,121645.0,88.71,203264.0,
649,Random,0.4,82.95,88.55,41.546802282333374,1.6731472728020058,121645.0,88.71,203264.0,
707,Random,0.4,83.0,88.09,42.08464288711548,1.6731472728020058,121645.0,88.71,203264.0,
702,Random,0.4,82.95,88.58,41.030529499053955,1.6731472728020058,121645.0,88.71,203264.0,
699,Random,0.4,82.95,88.83,45.137237548828125,1.6731472728020058,121645.0,88.71,203264.0,
772,Random,0.4,82.9,88.31,41.494051456451416,1.6731472728020058,121645.0,88.71,203264.0,
812,Random,0.4,82.9,88.87,40.64434242248535,1.6731472728020058,121645.0,88.71,203264.0,
239,Random,0.4,82.85,87.84,42.79914879798889,1.6731472728020058,121645.0,88.71,203264.0,
871,Random,0.4,82.85,88.03,40.57781672477722,1.6731472728020058,121645.0,88.71,203264.0,
399,Random,0.4,82.85,88.94,42.47048854827881,1.6731472728020058,121645.0,88.71,203264.0,
974,Random,0.4,82.8,88.34,41.10260534286499,1.6731472728020058,121645.0,88.71,203264.0,
324,Random,0.4,82.8,88.44,45.343889474868774,1.6731472728020058,121645.0,88.71,203264.0,
482,Random,0.4,82.8,88.58,41.50514578819275,1.6731472728020058,121645.0,88.71,203264.0,
642,Random,0.4,82.8,89.14,40.874531269073486,1.6731472728020058,121645.0,88.71,203264.0,
61,Random,0.4,82.75,88.71,42.60629320144653,1.6731472728020058,121645.0,88.71,203264.0,
523,Random,0.4,82.75,89.04,40.45611619949341,1.6731472728020058,121645.0,88.71,203264.0,
739,Random,0.4,82.7,88.89,42.66077160835266,1.6731472728020058,121645.0,88.71,203264.0,
163,Random,0.4,82.65,88.77,40.96721959114075,1.6731472728020058,121645.0,88.71,203264.0,
374,Random,0.4,82.65,88.74,40.6522159576416,1.6731472728020058,121645.0,88.71,203264.0,
190,Random,0.4,82.6,88.44,40.01370620727539,1.6731472728020058,121645.0,88.71,203264.0,
892,Random,0.4,82.65,88.46,43.9590163230896,1.6731472728020058,121645.0,88.71,203264.0,
357,Random,0.4,82.6,89.08,42.446202754974365,1.6731472728020058,121645.0,88.71,203264.0,
127,Random,0.4,82.5,88.54,40.62944793701172,1.6731472728020058,121645.0,88.71,203264.0,
561,Random,0.4,82.5,88.62,42.372833013534546,1.6731472728020058,121645.0,88.71,203264.0,
767,Random,0.4,82.5,89.05,40.88906502723694,1.6731472728020058,121645.0,88.71,203264.0,
578,Random,0.4,82.5,88.78,40.70421099662781,1.6731472728020058,121645.0,88.71,203264.0,
218,Random,0.4,82.45,88.39,40.80895280838013,1.6731472728020058,121645.0,88.71,203264.0,
256,Random,0.4,82.45,88.88,45.762308835983276,1.6731472728020058,121645.0,88.71,203264.0,
308,Random,0.4,82.45,88.76,40.72825479507446,1.6731472728020058,121645.0,88.71,203264.0,
874,Random,0.4,82.45,88.98,42.515482664108276,1.6731472728020058,121645.0,88.71,203264.0,
917,Random,0.4,82.4,88.02,42.73694729804993,1.6731472728020058,121645.0,88.71,203264.0,
955,Random,0.4,82.4,88.67,40.76270389556885,1.6731472728020058,121645.0,88.71,203264.0,
10,Random,0.4,82.4,88.4,40.858479022979736,1.6731472728020058,121645.0,88.71,203264.0,
346,Random,0.4,82.4,89.04,40.98472332954407,1.6731472728020058,121645.0,88.71,203264.0,
445,Random,0.4,82.4,88.26,46.47664761543274,1.6731472728020058,121645.0,88.71,203264.0,
543,Random,0.4,82.4,88.31,41.10463833808899,1.6731472728020058,121645.0,88.71,203264.0,
945,Random,0.4,82.3,87.88,42.57469630241394,1.6731472728020058,121645.0,88.71,203264.0,
194,Random,0.4,82.25,88.43,40.89237713813782,1.6731472728020058,121645.0,88.71,203264.0,
688,Random,0.4,82.3,88.91,42.21812033653259,1.6731472728020058,121645.0,88.71,203264.0,
458,Random,0.4,82.25,88.8,40.08206605911255,1.6731472728020058,121645.0,88.71,203264.0,
599,Random,0.4,82.25,88.52,39.97696614265442,1.6731472728020058,121645.0,88.71,203264.0,
607,Random,0.4,82.25,88.8,43.91438102722168,1.6731472728020058,121645.0,88.71,203264.0,
367,Random,0.4,82.2,88.83,41.143831729888916,1.6731472728020058,121645.0,88.71,203264.0,
693,Random,0.4,82.15,88.83,42.57102417945862,1.6731472728020058,121645.0,88.71,203264.0,
282,Random,0.4,82.1,88.97,40.69002103805542,1.6731472728020058,121645.0,88.71,203264.0,
51,Random,0.4,82.1,88.69,42.6221227645874,1.6731472728020058,121645.0,88.71,203264.0,
453,Random,0.4,82.1,88.98,40.90878367424011,1.6731472728020058,121645.0,88.71,203264.0,
600,Random,0.4,82.1,88.73,40.657193422317505,1.6731472728020058,121645.0,88.71,203264.0,
650,Random,0.4,82.05,88.52,45.184571743011475,1.6731472728020058,121645.0,88.71,203264.0,
450,Random,0.4,82.0,88.71,41.271018981933594,1.6731472728020058,121645.0,88.71,203264.0,
47,Random,0.4,81.95,88.34,42.62522602081299,1.6731472728020058,121645.0,88.71,203264.0,
895,Random,0.4,81.85,88.84,41.018614768981934,1.6731472728020058,121645.0,88.71,203264.0,
942,Random,0.4,81.85,89.07,43.69226050376892,1.6731472728020058,121645.0,88.71,203264.0,
329,Random,0.4,81.8,88.48,40.24876570701599,1.6731472728020058,121645.0,88.71,203264.0,
719,Random,0.4,81.8,88.18,40.174248933792114,1.6731472728020058,121645.0,88.71,203264.0,
597,Random,0.4,81.75,88.43,43.07725787162781,1.6731472728020058,121645.0,88.71,203264.0,
422,Random,0.4,81.65,88.88,40.96044683456421,1.6731472728020058,121645.0,88.71,203264.0,
795,Random,0.4,81.65,88.6,42.543911933898926,1.6731472728020058,121645.0,88.71,203264.0,
710,Random,0.4,81.65,88.75,40.55304956436157,1.6731472728020058,121645.0,88.71,203264.0,
71,Random,0.4,81.55,88.45,40.322251081466675,1.6731472728020058,121645.0,88.71,203264.0,
68,Random,0.4,81.5,88.89,40.673744916915894,1.6731472728020058,121645.0,88.71,203264.0,
705,Random,0.4,81.6,88.53,42.48047494888306,1.6731472728020058,121645.0,88.71,203264.0,
435,Random,0.4,81.45,88.59,43.628485441207886,1.6731472728020058,121645.0,88.71,203264.0,
433,Random,0.4,81.4,88.09,41.09615683555603,1.6731472728020058,121645.0,88.71,203264.0,
811,Random,0.4,81.35,88.73,40.838294982910156,1.6731472728020058,121645.0,88.71,203264.0,
828,Random,0.4,81.4,88.48,42.73999571800232,1.6731472728020058,121645.0,88.71,203264.0,
384,Random,0.4,81.3,88.6,40.93900108337402,1.6731472728020058,121645.0,88.71,203264.0,
286,Random,0.4,81.15,88.43,40.92255401611328,1.6731472728020058,121645.0,88.71,203264.0,
967,Random,0.4,81.15,88.6,42.31479239463806,1.6731472728020058,121645.0,88.71,203264.0,
281,Random,0.4,81.1,88.7,44.40146088600159,1.6731472728020058,121645.0,88.71,203264.0,
849,Random,0.4,81.1,88.54,41.42278718948364,1.6731472728020058,121645.0,88.71,203264.0,
250,Random,0.4,80.95,88.71,40.36384892463684,1.6731472728020058,121645.0,88.71,203264.0,
655,Random,0.4,80.5,88.47,42.84280180931091,1.6731472728020058,121645.0,88.71,203264.0,
203,Random,0.4,80.35,88.38,40.60371494293213,1.6731472728020058,121645.0,88.71,203264.0,
330,Random,0.4,80.3,88.31,40.58282160758972,1.6731472728020058,121645.0,88.71,203264.0,
269,Random,0.4,80.05,88.62,43.18264818191528,1.6731472728020058,121645.0,88.71,203264.0,
103,Random,0.4,79.2,88.54,41.13789963722229,1.6731472728020058,121645.0,88.71,203264.0,
451,Random,0.4,79.75,88.85,45.3063588142395,1.6731472728020058,121645.0,88.71,203264.0,
571,Random,0.4,78.0,88.46,40.410624980926514,1.6731472728020058,121645.0,88.71,203264.0,
370,Random,0.4,77.15,88.81,40.8390634059906,1.6731472728020058,121645.0,88.71,203264.0,
184,Random,0.4,75.75,88.88,40.719855308532715,1.6731472728020058,121645.0,88.71,203264.0,
948,Random,0.4,77.65,89.03,43.00363087654114,1.6731472728020058,121645.0,88.71,203264.0,
634,Random,0.4,74.2,88.86,41.76813578605652,1.6731472728020058,121645.0,88.71,203264.0,
684,Random,0.4,73.75,88.83,41.09177565574646,1.6731472728020058,121645.0,88.71,203264.0,
1,Spectral,0.4,,88.81,32.55950307846069,1.6622835674616139,122440.0,88.71,203264.0,122276.0
